Collision Id,	Report Number,	Report Version,	Is Preliminary,	NCIC Code,Crash Date Time,	Crash Time Description,	Beat,City Id,	City Code,	City Name,County Code,	City Is Active,	City Is Incorporated,	Collision Type Code,Collision Type Description,	Collision Type Other Desc,	Day Of Week,	DispatchNotified,	HasPhotographs,	HitRun,	IsAttachmentsMailed,	IsDeleted,	IsHighwayRelated,	IsTowAway,	JudicialDistrict,	MotorVehicleInvolvedWithCode,	MotorVehicleInvolvedWithDesc,MotorVehicleInvolvedWithOtherDesc,	NumberInjured,	NumberKilled,Weather 1, Weather 2, Road Condition 1, Road Condition 2, Special Condition,LightingCode, LightingDescription,Latitude,Longitude,MilepostDirection,MilepostDistance,MilepostMarker,MilepostUnitOfMeasure,	PedestrianActionCode,PedestrianActionDesc,PreparedDate,	Primary Collision Factor Code,Primary Collision Factor Violation,PrimaryCollisionFactorIsCited,	PrimaryCollisionPartyNumber,	PrimaryRoad,	ReportingDistrict,	ReportingDistrictCode,ReviewedDate,	RoadwaySurfaceCode,SecondaryDirection,	SecondaryDistance,	SecondaryRoad,	SecondaryUnitOfMeasure,	SketchDesc,	TrafficControlDeviceCode,CreatedDate,	ModifiedDate,IsCountyRoad,IsFreeway,CHP555Version,	IsAdditonalObjectStruck,NotificationDate,	NotificationTimeDescription,	HasDigitalMediaFiles,	EvidenceNumber,	IsLocationReferToNarrative,	IsAOIOneSameAsLocation
2312692,9340-2024-00459,1,False,9340,1/31/2024 5:25:00 AM,525,120,1368.0,4313.0,San Jose,43.0,True,True,C,REAR END,,Wednesday,NotApplicable,False,,,False,True,False,SANTA CLARA SUPERIOR COURT HALL OF JUSTICE,C,OTHER MOTOR VEHICLE,,0.0,0.0,CLEAR,, NO UNUSUAL CONDITIONS,, ,B,DUSK-DAWN,37.363608,-121.896036,,,,,A,NO PEDESTRIANS INVOLVED,1/31/2024 5:25:00 AM,A,VC 22350,False,1.0,US-101 N/B,,,2/13/2024 9:37:12 AM,B,N,1252.0,OLD OAKLAND RD,F,,D,2/13/2024 9:37:24 AM,2/13/2024 9:37:24 AM,False,True,4,,1/31/2024 5:30:00 AM,0530,False,,,True
2311931,9340-2024-00537,1,False,9725,2/4/2024 1:10:00 AM,110,085,1368.0,4313.0,San Jose,43.0,True,True,E,HIT OBJECT,,Sunday,NotApplicable,False,,,False,True,True,SANTA CLARA SUPERIOR COURT HALL OF JUSTICE,I,FIXED OBJECT,METAL/WOOD POST GUARDRAIL,0.0,0.0,RAINING,, NO UNUSUAL CONDITIONS,, Courtesy Report,C,DARK-STREET LIGHTS,37.239635,-121.792255,,,,,A,NO PEDESTRIANS INVOLVED,2/4/2024 1:10:00 AM,A,VC 22350,False,1.0,SR-85 S/B,,,2/12/2024 1:23:07 PM,B,S,3505.0,COTTLE ROAD,F,,D,2/12/2024 1:23:10 PM,2/12/2024 1:23:10 PM,False,True,4,,2/4/2024 1:15:00 AM,0115,False,,,True
2311883,9340-2024-00558,1,False,9340,2/4/2024 3:29:00 PM,1529,110,1368.0,4313.0,San Jose,43.0,True,True,B,SIDE SWIPE,,Sunday,Yes,False,,,False,True,False,SANTA CLARA SUPERIOR COURT HALL OF JUSTICE,C,OTHER MOTOR VEHICLE,,1.0,0.0,RAINING,, NO UNUSUAL CONDITIONS,, ,A,DAYLIGHT,37.358355,-121.871015,,,,,A,NO PEDESTRIANS INVOLVED,2/4/2024 3:29:00 PM,A,VC 22350,False,1.0,US-101 N/B,,,2/12/2024 12:51:34 PM,B,S,0.39,E TAYLOR STREET,M,,D,2/12/2024 12:51:38 PM,2/12/2024 12:51:38 PM,False,True,4,,2/4/2024 3:35:00 PM,1535,False,,,True
2311680,9340-2024-00521,1,False,9340,2/2/2024 6:35:00 PM,1835,110,1368.0,4313.0,San Jose,43.0,True,True,B,SIDE SWIPE,,Friday,NotApplicable,False,,,False,True,False,SANTA CLARA SUPERIOR COURT HALL OF JUSTICE,C,OTHER MOTOR VEHICLE,,0.0,0.0,CLOUDY,, NO UNUSUAL CONDITIONS,, ,D,DARK-NO STREET LIGHTS,37.306771,-121.82051,,,,,A,NO PEDESTRIANS INVOLVED,2/2/2024 6:35:00 PM,A,VC 21658(A),False,1.0,US-101 S/B,,,2/12/2024 10:18:57 AM,B,N,1660.0,CAPITOL EXPY,F,,D,2/12/2024 10:19:02 AM,2/12/2024 10:19:02 AM,False,True,4,,2/2/2024 6:55:00 PM,1855,False,,,True
2311636,9340-2024-00479,1,False,9340,1/31/2024 10:30:00 PM,2230,110,1368.0,4313.0,San Jose,43.0,True,True,B,SIDE SWIPE,,Wednesday,Yes,False,,,False,True,False,SANTA CLARA SUPERIOR COURT HALL OF JUSTICE,C,OTHER MOTOR VEHICLE,,1.0,0.0,RAINING,, NO UNUSUAL CONDITIONS,, ,C,DARK-STREET LIGHTS,37.344649,-121.856719,,,,,A,NO PEDESTRIANS INVOLVED,1/31/2024 10:30:00 PM,A,VC 22350,False,1.0,US-101 N/B,,,2/12/2024 9:55:01 AM,B,S,688.0,SAN ANTONIO ST,F,,D,2/12/2024 9:55:06 AM,2/12/2024 9:55:06 AM,False,True,4,,1/31/2024 10:35:00 PM,2235,True,AREA PHOTO FILE,,True
2311453,9340-2024-00262,1,False,9340,1/18/2024 11:20:00 PM,2320,110,1368.0,4313.0,San Jose,43.0,True,True,E,HIT OBJECT,,Thursday,NotApplicable,False,M,,False,True,True,SANTA CLARA SUPERIOR COURT HALL OF JUSTICE,I,FIXED OBJECT,METAL/WOOD POST GUARDRAIL,0.0,0.0,CLEAR,, NO UNUSUAL CONDITIONS,, ,C,DARK-STREET LIGHTS,37.353524,-121.865963,,,,,A,NO PEDESTRIANS INVOLVED,1/18/2024 11:20:00 PM,A,VC 22350,False,1.0,US-101 S/B TO E. JULIAN STREET,,,2/12/2024 8:17:39 AM,A,S,522.0,E. JULIAN STREET,F,,D,2/12/2024 8:17:43 AM,2/12/2024 8:17:43 AM,False,True,4,True,1/18/2024 11:23:00 PM,2323,True,EMBEDDED,,False
2310649,9340-2024-00453,2,False,9340,1/30/2024 7:15:00 PM,1915,281,1368.0,4313.0,San Jose,43.0,True,True,F,OVERTURNED,,Tuesday,Yes,False,,,False,True,True,SANTA CLARA SUPERIOR COURT HALL OF JUSTICE,A,NON-COLLISION,,1.0,0.0,CLOUDY,RAINING, NO UNUSUAL CONDITIONS,, ,D,DARK-NO STREET LIGHTS,37.316137,-121.916793,,,,,A,NO PEDESTRIANS INVOLVED,1/30/2024 7:15:00 PM,A,VC 22350,False,1.0,I-280 N/B,,,6/11/2024 8:19:23 AM,B,N,525.0,MERIDIAN AVE,F,,D,2/9/2024 9:21:56 PM,6/11/2024 8:19:28 AM,False,True,4,False,1/30/2024 7:20:00 PM,1920,False,,,True
2310645,9340-2024-00458,1,False,9340,1/30/2024 11:00:00 PM,2300,010,1368.0,4313.0,San Jose,43.0,True,True,C,REAR END,,Tuesday,NotApplicable,False,M,,False,False,False,SANTA CLARA SUPERIOR COURT HALL OF JUSTICE,E,PARKED MOTOR VEHICLE,,0.0,0.0,CLEAR,, NO UNUSUAL CONDITIONS,, ,C,DARK-STREET LIGHTS,37.379164,-121.828353,,,,,A,NO PEDESTRIANS INVOLVED,1/30/2024 11:00:00 PM,A,VC 22107,False,1.0,284 DELIA ST,,,2/9/2024 9:06:31 PM,A,S,200.0,MCKEE RD,F,,D,2/9/2024 9:06:54 PM,2/9/2024 9:06:54 PM,True,False,4,,1/30/2024 11:45:00 PM,2345,False,,,True
2310644,9340-2024-00456,1,False,9340,1/30/2024 8:00:00 PM,2000,281,1368.0,4313.0,San Jose,43.0,True,True,C,REAR END,,Tuesday,NotApplicable,False,,,False,True,False,SANTA CLARA SUPERIOR COURT HALL OF JUSTICE,C,OTHER MOTOR VEHICLE,,0.0,0.0,CLEAR,, NO UNUSUAL CONDITIONS,, ,E,DARK-STREET LIGHTS NOT FUNCTIONING*,37.315022,-121.909685,,,,,A,NO PEDESTRIANS INVOLVED,1/30/2024 8:00:00 PM,A,VC 22350,False,1.0,I-280 N/B,,,2/9/2024 9:01:27 PM,A,S,343.0,RACE STREET,F,,D,2/9/2024 9:01:49 PM,2/9/2024 9:01:49 PM,False,True,4,,1/30/2024 8:01:00 PM,2001,False,,,
2310643,9340-2024-00455,1,False,9340,1/30/2024 7:50:00 PM,1950,281,1368.0,4313.0,San Jose,43.0,True,True,C,REAR END,,Tuesday,NotApplicable,False,,,False,True,False,SANTA CLARA SUPERIOR COURT HALL OF JUSTICE,C,OTHER MOTOR VEHICLE,,1.0,0.0,CLEAR,, NO UNUSUAL CONDITIONS,, ,D,DARK-NO STREET LIGHTS,37.315022,-121.909685,,,,,A,NO PEDESTRIANS INVOLVED,1/30/2024 7:50:00 PM,A,VC 22350,False,1.0,I-280 N/B,,,2/9/2024 8:56:45 PM,A,S,350.0,RACE STREET,F,,D,2/9/2024 8:57:06 PM,2/9/2024 8:57:06 PM,False,True,4,,1/30/2024 7:51:00 PM,1951,False,,,True
2310642,9340-2024-00449,1,False,9340,1/30/2024 6:45:00 PM,1845,282,1368.0,4313.0,San Jose,43.0,True,True,C,REAR END,,Tuesday,NotApplicable,False,,,False,True,True,SANTA CLARA SUPERIOR COURT HALL OF JUSTICE,C,OTHER MOTOR VEHICLE,,0.0,0.0,CLEAR,, NO UNUSUAL CONDITIONS,, ,C,DARK-STREET LIGHTS,37.31796,-121.980113,,,,,A,NO PEDESTRIANS INVOLVED,1/30/2024 6:45:00 PM,A,VC 22350,False,1.0,I-280 S/B,,,2/9/2024 8:51:55 PM,A,N,1452.0,SARATOGA AVE,F,,D,2/9/2024 8:52:12 PM,2/9/2024 8:52:12 PM,False,True,4,,1/30/2024 6:50:00 PM,1850,False,,,True
2310637,9340-2024-00452,1,False,9340,1/30/2024 6:10:00 PM,1810,088,1368.0,4313.0,San Jose,43.0,True,True,C,REAR END,,Tuesday,NotApplicable,False,F,,False,True,True,SANTA CLARA SUPERIOR COURT HALL OF JUSTICE,C,OTHER MOTOR VEHICLE,,2.0,0.0,CLEAR,, NO UNUSUAL CONDITIONS,, ,D,DARK-NO STREET LIGHTS,37.327965,-121.940908,,,,,A,NO PEDESTRIANS INVOLVED,1/30/2024 6:10:00 PM,A,VC 22350,False,1.0,I-880 S/B,,,2/9/2024 8:43:16 PM,A,N,350.0,FOREST AVE,F,,D,2/9/2024 8:43:37 PM,2/9/2024 8:43:37 PM,False,True,4,,1/30/2024 6:15:00 PM,1815,False,,,True
2310636,9340-2024-00445,1,False,9340,1/30/2024 6:05:00 PM,1805,281,1368.0,4313.0,San Jose,43.0,True,True,B,SIDE SWIPE,,Tuesday,NotApplicable,False,,,False,True,False,SANTA CLARA SUPERIOR COURT HALL OF JUSTICE,C,OTHER MOTOR VEHICLE,,0.0,0.0,CLEAR,, NO UNUSUAL CONDITIONS,, ,A,DAYLIGHT,37.328861,-121.869358,,,,,A,NO PEDESTRIANS INVOLVED,1/30/2024 6:05:00 PM,A,VC 22107,False,1.0,I-280 S/B FROM 11TH ST,,,2/9/2024 8:39:58 PM,A,N,495.0,11TH ST,F,,D,2/9/2024 8:40:18 PM,2/9/2024 8:40:18 PM,False,True,4,,1/30/2024 6:10:00 PM,1810,False,,,True
2310634,9340-2024-00450,1,False,9340,1/30/2024 4:05:00 PM,1605,120,1368.0,4313.0,San Jose,43.0,True,True,B,SIDE SWIPE,,Tuesday,NotApplicable,False,M,,False,True,False,SANTA CLARA SUPERIOR COURT HALL OF JUSTICE,C,OTHER MOTOR VEHICLE,,0.0,0.0,CLEAR,, NO UNUSUAL CONDITIONS,, ,A,DAYLIGHT,37.363835,-121.901336,,,,,A,NO PEDESTRIANS INVOLVED,1/30/2024 4:05:00 PM,A,VC 22107,False,1.0,US-101 S/B,,,2/9/2024 8:34:24 PM,A,S,100.0,I-880,F,,D,2/9/2024 8:34:41 PM,2/9/2024 8:34:41 PM,False,True,4,,1/30/2024 4:15:00 PM,1615,False,,,True
2310632,9340-2024-00438,1,False,9340,1/30/2024 9:20:00 AM,920,281,1368.0,4313.0,San Jose,43.0,True,True,C,REAR END,,Tuesday,NotApplicable,False,,,False,True,False,SANTA CLARA SUPERIOR COURT HALL OF JUSTICE,C,OTHER MOTOR VEHICLE,,1.0,0.0,CLEAR,, NO UNUSUAL CONDITIONS,, ,A,DAYLIGHT,37.31602,-121.90731,,,,,A,NO PEDESTRIANS INVOLVED,1/30/2024 9:20:00 AM,A,VC 22350,False,1.0,I-280 N/B,,,2/9/2024 8:30:10 PM,A,N,40.0,LINCOLN AVE,F,,D,2/9/2024 8:30:37 PM,2/9/2024 8:30:37 PM,False,True,4,,1/30/2024 9:25:00 AM,0925,False,,,True
2310292,9340-2024-00480,1,False,9340,2/1/2024 1:57:00 AM,157,087,1368.0,4313.0,San Jose,43.0,True,True,B,SIDE SWIPE,,Thursday,Yes,False,,,False,True,False,SANTA CLARA SUPERIOR COURT HALL OF JUSTICE,C,OTHER MOTOR VEHICLE,,0.0,0.0,CLOUDY,, NO UNUSUAL CONDITIONS,, On-Duty Emergency Vehicle,D,DARK-NO STREET LIGHTS,37.281865,-121.866102,,,,,A,NO PEDESTRIANS INVOLVED,2/1/2024 1:57:00 AM,A,VC 23152(a),True,1.0,SR-87 S/B ,,,2/9/2024 11:39:02 AM,B,N,775.0,HILLSDALE AVENUE,F,,D,2/9/2024 11:39:06 AM,2/9/2024 11:39:06 AM,False,True,4,,2/1/2024 1:57:00 AM,0157,True,E20240019,,True
2310020,9340-2024-00440,1,False,9340,1/30/2024 2:05:00 PM,1405,085,1368.0,4313.0,San Jose,43.0,True,True,B,SIDE SWIPE,,Tuesday,NotApplicable,False,,,False,True,False,SANTA CLARA SUPERIOR COURT HALL OF JUSTICE,C,OTHER MOTOR VEHICLE,,0.0,0.0,CLOUDY,, NO UNUSUAL CONDITIONS,, ,A,DAYLIGHT,37.301553,-122.031933,,,,,A,NO PEDESTRIANS INVOLVED,1/30/2024 2:05:00 PM,A,VC 21658(A),False,1.0,SR-85 N/B TO DE ANZA BLVD,,,2/9/2024 7:07:25 AM,A,S,40.0,DE ANZA BLVD,F,,A,2/9/2024 7:07:28 AM,2/9/2024 7:07:28 AM,False,True,4,,1/30/2024 2:15:00 PM,1415,False,,,True
2309672,9340-2024-00430,1,False,9340,1/29/2024 2:05:00 PM,1405,110,1368.0,4313.0,San Jose,43.0,True,True,C,REAR END,,Monday,NotApplicable,False,,,False,True,False,SANTA CLARA SUPERIOR COURT HALL OF JUSTICE,C,OTHER MOTOR VEHICLE,,0.0,0.0,CLEAR,, NO UNUSUAL CONDITIONS,, ,A,DAYLIGHT,37.362952,-121.888628,,,,,A,NO PEDESTRIANS INVOLVED,1/29/2024 2:05:00 PM,A,VC 22350,False,1.0,US-101 N/B TO OAKLAND RD,,,2/8/2024 9:14:30 PM,A,S,800.0,OAKLAND RD,F,,D,2/8/2024 9:14:32 PM,2/8/2024 9:14:32 PM,False,True,4,,1/29/2024 2:10:00 PM,1410,False,,,True
2309669,9340-2024-00540,2,False,9340,2/3/2024 5:30:00 PM,1730,120,1368.0,4313.0,San Jose,43.0,True,True,B,SIDE SWIPE,,Saturday,NotApplicable,False,,,False,True,False,SANTA CLARA SUPERIOR COURT HALL OF JUSTICE,C,OTHER MOTOR VEHICLE,,0.0,0.0,RAINING,, NO UNUSUAL CONDITIONS,, ,D,DARK-NO STREET LIGHTS,37.376552,-121.940069,,,,,A,NO PEDESTRIANS INVOLVED,2/3/2024 5:30:00 PM,A,VC 21658(A),False,1.0,US-101 N/B,,,3/22/2024 1:07:35 PM,B,S,500.0,DE LA CRUZ BLVD,F,,D,2/8/2024 8:59:26 PM,3/22/2024 1:07:38 PM,False,True,4,,2/3/2024 5:41:00 PM,1741,False,,,True
2309548,9340-2024-00502,1,False,9340,2/1/2024 4:30:00 PM,1630,088,1368.0,4313.0,San Jose,43.0,True,True,C,REAR END,,Thursday,NotApplicable,False,,,False,True,False,SANTA CLARA SUPERIOR COURT HALL OF JUSTICE,C,OTHER MOTOR VEHICLE,,0.0,0.0,RAINING,, NO UNUSUAL CONDITIONS,, ,A,DAYLIGHT,37.348447,-121.918644,,,,,A,NO PEDESTRIANS INVOLVED,2/1/2024 4:30:00 PM,A,VC 22350,False,1.0,I-880 N/B,,,2/8/2024 3:53:19 PM,B,S,140.0,COLEMAN AVE,F,,D,2/8/2024 3:53:22 PM,2/8/2024 3:53:22 PM,False,True,4,,2/1/2024 4:35:00 PM,1635,False,,,True
2309537,9340-2023-05592,1,False,9340,1/31/2024 10:00:00 PM,2200,281,1368.0,4313.0,San Jose,43.0,True,True,C,REAR END,,Wednesday,NotApplicable,False,M,,False,True,True,SANTA CLARA SUPERIOR COURT HALL OF JUSTICE,C,OTHER MOTOR VEHICLE,,0.0,0.0,RAINING,, FLOODED*,, ,C,DARK-STREET LIGHTS,37.331943,-121.864389,,,,,A,NO PEDESTRIANS INVOLVED,1/31/2024 10:00:00 PM,A,VC 22107,False,2.0,I-280 S/B,,,2/8/2024 3:41:33 PM,B,N,2564.0,MCLAUGHLIN AVE,F,,D,2/8/2024 3:41:34 PM,2/8/2024 3:41:34 PM,False,True,4,,1/31/2024 10:10:00 PM,2210,False,,,True
2309513,9340-2024-00492,1,False,9340,1/31/2024 4:00:00 PM,1600,087,1368.0,4313.0,San Jose,43.0,True,True,E,HIT OBJECT,,Wednesday,NotApplicable,False,M,,False,True,False,SANTA CLARA SUPERIOR COURT HALL OF JUSTICE,I,FIXED OBJECT,CONCRETE BARRIER,0.0,0.0,RAINING,, NO UNUSUAL CONDITIONS,, ,A,DAYLIGHT,37.333421,-121.896999,,,,,A,NO PEDESTRIANS INVOLVED,1/31/2024 4:00:00 PM,A,VC 22107,False,1.0,SR-87 N/B,,,2/8/2024 3:11:03 PM,B,S,1265.0,JULIAN ST,F,,D,2/8/2024 3:11:05 PM,2/8/2024 3:11:05 PM,False,True,4,,1/31/2024 4:10:00 PM,1610,False,,,True
2309508,9340-2024-00421,1,False,9340,1/27/2024 7:15:00 PM,1915,681,1368.0,4313.0,San Jose,43.0,True,True,C,REAR END,,Saturday,NotApplicable,False,M,,False,True,False,SANTA CLARA SUPERIOR COURT HALL OF JUSTICE,C,OTHER MOTOR VEHICLE,,0.0,0.0,CLOUDY,, NO UNUSUAL CONDITIONS,, ,D,DARK-NO STREET LIGHTS,37.362828,-121.843187,,,,,A,NO PEDESTRIANS INVOLVED,1/27/2024 7:15:00 PM,A,VC 22350,False,1.0,I-680 S/B,,,2/8/2024 3:03:32 PM,A,N,1253.0,ALUM ROCK AVE,F,,D,2/8/2024 3:03:34 PM,2/8/2024 3:03:34 PM,False,True,4,,1/27/2024 7:32:00 PM,1932,False,,,True
2309500,9340-2024-00426,1,False,9340,1/28/2024 7:56:00 PM,1956,083,1368.0,4313.0,San Jose,43.0,True,True,E,HIT OBJECT,,Sunday,NotApplicable,False,,,False,True,True,SANTA CLARA SUPERIOR COURT HALL OF JUSTICE,I,FIXED OBJECT,METAL/WOOD POST GUARDRAIL,1.0,0.0,CLEAR,, NO UNUSUAL CONDITIONS,, ,C,DARK-STREET LIGHTS,37.250527,-121.922106,,,,,A,NO PEDESTRIANS INVOLVED,1/28/2024 7:56:00 PM,A,VC 23152(A),True,1.0,SR-85 N/B,,,2/8/2024 2:58:15 PM,A,S,67.0,W. LEIGH AVE,F,,D,2/8/2024 2:58:17 PM,2/8/2024 2:58:17 PM,False,True,4,True,1/28/2024 8:00:00 PM,2000,False,,,True
2309489,9340-2024-00467,1,False,9340,1/28/2024 11:40:00 AM,1140,087,1368.0,4313.0,San Jose,43.0,True,True,C,REAR END,,Sunday,NotApplicable,False,,,False,True,True,SANTA CLARA SUPERIOR COURT HALL OF JUSTICE,C,OTHER MOTOR VEHICLE,,0.0,0.0,CLEAR,, NO UNUSUAL CONDITIONS,, ,A,DAYLIGHT,37.307939,-121.881423,,,,,A,NO PEDESTRIANS INVOLVED,1/28/2024 11:40:00 AM,A,VC 22350,True,1.0,SR-87 N/B,,,2/8/2024 2:46:22 PM,A,S,900.0,W ALMA AVE,F,,D,2/8/2024 2:46:25 PM,2/8/2024 2:46:25 PM,False,True,4,,1/28/2024 11:45:00 AM,1145,False,,,True
2309473,9340-2024-00415,1,False,9340,1/27/2024 12:10:00 PM,1210,281,1368.0,4313.0,San Jose,43.0,True,True,B,SIDE SWIPE,,Saturday,NotApplicable,False,,,False,True,False,SANTA CLARA SUPERIOR COURT HALL OF JUSTICE,C,OTHER MOTOR VEHICLE,,0.0,0.0,CLEAR,, NO UNUSUAL CONDITIONS,, ,A,DAYLIGHT,37.331348,-121.865875,,,,,A,NO PEDESTRIANS INVOLVED,1/27/2024 12:10:00 PM,A,VC 21658(A),True,1.0,I-280 N/B,,,2/8/2024 2:35:25 PM,A,S,1280.0,11TH ST,F,,D,2/8/2024 2:35:27 PM,2/8/2024 2:35:27 PM,False,True,4,,1/27/2024 12:15:00 PM,1215,False,,,True
2309462,9340-2024-00393,1,False,9340,1/26/2024 6:55:00 AM,655,120,1368.0,4313.0,San Jose,43.0,True,True,C,REAR END,,Friday,NotApplicable,False,,,False,True,True,SANTA CLARA SUPERIOR COURT HALL OF JUSTICE,C,OTHER MOTOR VEHICLE,,0.0,0.0,CLEAR,, NO UNUSUAL CONDITIONS,, ,B,DUSK-DAWN,37.36388,-121.898865,,,,,A,NO PEDESTRIANS INVOLVED,1/26/2024 6:55:00 AM,A,VC 22350,False,1.0,US-101 N/B TO I-880 N/B,,,2/8/2024 2:29:24 PM,A,N,240.0,N 10TH ST,F,,D,2/8/2024 2:29:28 PM,2/8/2024 2:29:28 PM,False,True,4,,1/26/2024 7:00:00 AM,0700,False,,,True
2309456,9340-2024-00311,1,False,9340,1/21/2024 12:10:00 AM,10,087,1368.0,4313.0,San Jose,43.0,True,True,E,HIT OBJECT,,Sunday,Yes,False,,,False,True,False,SANTA CLARA SUPERIOR COURT HALL OF JUSTICE,I,FIXED OBJECT,METAL GUARDRAIL,0.0,0.0,CLOUDY,RAINING, NO UNUSUAL CONDITIONS,, ,D,DARK-NO STREET LIGHTS,37.331415,-121.896167,,,,,A,NO PEDESTRIANS INVOLVED,1/21/2024 12:10:00 AM,A,VC 23152(a),True,1.0,SR-87 N/B TO W SANTA CLARA STREET,,,2/8/2024 2:26:59 PM,B,S,667.0,W SANTA CLARA STREET,F,,D,2/8/2024 2:27:02 PM,2/8/2024 2:27:02 PM,False,True,4,,1/21/2024 12:30:00 AM,0030,False,,,True
2309452,9340-2024-00391,1,False,9340,1/26/2024 11:34:00 AM,1134,088,1368.0,4313.0,San Jose,43.0,True,True,B,SIDE SWIPE,,Friday,NotApplicable,False,M,,False,True,False,SANTA CLARA SUPERIOR COURT HALL OF JUSTICE,C,OTHER MOTOR VEHICLE,,0.0,0.0,CLEAR,, NO UNUSUAL CONDITIONS,, ,A,DAYLIGHT,37.327122,-121.940868,,,,,A,NO PEDESTRIANS INVOLVED,1/26/2024 11:34:00 AM,A,VC 22107,False,1.0,I-880 S/B,,,2/8/2024 2:23:43 PM,A,N,1378.0,STEVENS CREEK BLVD.,F,,D,2/8/2024 2:23:46 PM,2/8/2024 2:23:46 PM,False,True,4,,1/26/2024 11:55:00 AM,1155,False,,,True
2309360,9340-2024-00533,1,False,9340,2/2/2024 7:45:00 PM,1945,281,1368.0,4313.0,San Jose,43.0,True,True,B,SIDE SWIPE,,Friday,No,False,,,False,True,False,SANTA CLARA SUPERIOR COURT HALL OF JUSTICE,C,OTHER MOTOR VEHICLE,,0.0,0.0,CLEAR,, NO UNUSUAL CONDITIONS,, ,D,DARK-NO STREET LIGHTS,37.324901,-121.889189,,,,,A,NO PEDESTRIANS INVOLVED,2/2/2024 7:45:00 PM,A,VC 21658(A),False,1.0,I-280 N/B TO SR-87 S/B,,,2/8/2024 1:28:49 PM,A,N,273.0,ALMADEN AVE,F,,D,2/8/2024 1:28:53 PM,2/8/2024 1:28:53 PM,False,True,4,,2/2/2024 7:50:00 PM,1950,False,,,True
2309348,9340-2024-00523,1,False,9340,2/2/2024 6:35:00 PM,1835,681,1368.0,4313.0,San Jose,43.0,True,True,B,SIDE SWIPE,,Friday,NotApplicable,False,M,,False,True,False,SANTA CLARA SUPERIOR COURT HALL OF JUSTICE,C,OTHER MOTOR VEHICLE,,0.0,0.0,CLEAR,, NO UNUSUAL CONDITIONS,, ,C,DARK-STREET LIGHTS,37.388095,-121.867115,,,,,A,NO PEDESTRIANS INVOLVED,2/2/2024 6:35:00 PM,A,VC 22107,False,1.0,I-680 S/B ,,,2/8/2024 1:16:14 PM,A,N,1775.0,BERRYESSA RD,F,,D,2/8/2024 1:16:18 PM,2/8/2024 1:16:18 PM,False,True,4,,2/2/2024 6:40:00 PM,1840,False,,,True
2309312,9340-2024-00577,1,False,9340,2/2/2024 6:25:00 PM,1825,282,1368.0,4313.0,San Jose,43.0,True,True,C,REAR END,,Friday,NotApplicable,False,,,False,True,False,SANTA CLARA SUPERIOR COURT HALL OF JUSTICE,C,OTHER MOTOR VEHICLE,,0.0,0.0,CLEAR,, NO UNUSUAL CONDITIONS,, ,C,DARK-STREET LIGHTS,37.316626,-121.964763,,,,,A,NO PEDESTRIANS INVOLVED,2/2/2024 6:25:00 PM,A,VC 22350,False,1.0,I-280 N/B,,,2/8/2024 12:39:10 PM,A,N,138.0,SAN THOMAS EXPWY,F,,D,2/8/2024 12:39:16 PM,2/8/2024 12:39:16 PM,False,True,4,,2/2/2024 6:29:00 PM,1829,True,EMBEDDED,,True
2309287,9340-2024-00524,1,False,9340,2/2/2024 5:50:00 PM,1750,281,1368.0,4313.0,San Jose,43.0,True,True,C,REAR END,,Friday,Yes,False,,,False,True,True,SANTA CLARA SUPERIOR COURT HALL OF JUSTICE,C,OTHER MOTOR VEHICLE,,1.0,0.0,CLOUDY,, NO UNUSUAL CONDITIONS,, ,D,DARK-NO STREET LIGHTS,37.336412,-121.857652,,,,,A,NO PEDESTRIANS INVOLVED,2/2/2024 5:50:00 PM,A,VC 22350,False,1.0,I-280 N/B ,,,2/8/2024 12:20:24 PM,B,N,34.0,MCLAUGHLIN AVE,F,,D,2/8/2024 12:20:26 PM,2/8/2024 12:20:26 PM,False,True,4,,2/2/2024 5:55:00 PM,1755,False,,,True
2309274,9340-2024-00518,1,False,9340,2/2/2024 5:30:00 PM,1730,681,1368.0,4313.0,San Jose,43.0,True,True,C,REAR END,,Friday,NotApplicable,False,,,False,True,False,SANTA CLARA SUPERIOR COURT HALL OF JUSTICE,C,OTHER MOTOR VEHICLE,,0.0,0.0,CLEAR,, NO UNUSUAL CONDITIONS,, ,A,DAYLIGHT,37.362503,-121.842474,,,,,A,NO PEDESTRIANS INVOLVED,2/2/2024 5:30:00 PM,A,VC 22350,False,1.0,I-680 N/B,,,2/8/2024 12:10:28 PM,A,N,1073.0,ALUM ROCK RD,F,,D,2/8/2024 12:10:32 PM,2/8/2024 12:10:32 PM,False,True,4,,2/2/2024 5:35:00 PM,1735,False,,,True
2308459,9340-2024-00495,1,False,9340,2/1/2024 4:45:00 PM,1645,681,1368.0,4313.0,San Jose,43.0,True,True,B,SIDE SWIPE,,Thursday,NotApplicable,False,,,False,True,True,SANTA CLARA SUPERIOR COURT HALL OF JUSTICE,C,OTHER MOTOR VEHICLE,,0.0,0.0,RAINING,, NO UNUSUAL CONDITIONS,, ,A,DAYLIGHT,37.393238,-121.872193,,,,,A,NO PEDESTRIANS INVOLVED,2/1/2024 4:45:00 PM,A,VC 22350,False,1.0,I-680 N/B,,,2/7/2024 7:48:16 PM,B,S,850.0,HOSTETTER RD,F,,D,2/7/2024 7:48:19 PM,2/7/2024 7:48:19 PM,False,True,4,,2/1/2024 4:50:00 PM,1650,False,,,True