Collision Id,	Report Number,	Report Version,	Is Preliminary,	NCIC Code,Crash Date Time,	Crash Time Description,	Beat,City Id,	City Code,	City Name,County Code,	City Is Active,	City Is Incorporated,	Collision Type Code,Collision Type Description,	Collision Type Other Desc,	Day Of Week,	DispatchNotified,	HasPhotographs,	HitRun,	IsAttachmentsMailed,	IsDeleted,	IsHighwayRelated,	IsTowAway,	JudicialDistrict,	MotorVehicleInvolvedWithCode,	MotorVehicleInvolvedWithDesc,MotorVehicleInvolvedWithOtherDesc,	NumberInjured,	NumberKilled,Weather 1, Weather 2, Road Condition 1, Road Condition 2, Special Condition,LightingCode, LightingDescription,Latitude,Longitude,MilepostDirection,MilepostDistance,MilepostMarker,MilepostUnitOfMeasure,	PedestrianActionCode,PedestrianActionDesc,PreparedDate,	Primary Collision Factor Code,Primary Collision Factor Violation,PrimaryCollisionFactorIsCited,	PrimaryCollisionPartyNumber,	PrimaryRoad,	ReportingDistrict,	ReportingDistrictCode,ReviewedDate,	RoadwaySurfaceCode,SecondaryDirection,	SecondaryDistance,	SecondaryRoad,	SecondaryUnitOfMeasure,	SketchDesc,	TrafficControlDeviceCode,CreatedDate,	ModifiedDate,IsCountyRoad,IsFreeway,CHP555Version,	IsAdditonalObjectStruck,NotificationDate,	NotificationTimeDescription,	HasDigitalMediaFiles,	EvidenceNumber,	IsLocationReferToNarrative,	IsAOIOneSameAsLocation
2325708,9340-2024-00864,1,False,9340,2/21/2024 8:55:00 AM,855,087,1368.0,4313.0,San Jose,43.0,True,True,C,REAR END,,Wednesday,Yes,False,,,False,True,True,SANTA CLARA SUPERIOR COURT HALL OF JUSTICE,C,OTHER MOTOR VEHICLE,,2.0,0.0,CLEAR,, NO UNUSUAL CONDITIONS,, ,A,DAYLIGHT,37.29154,-121.871556,,,,,A,NO PEDESTRIANS INVOLVED,2/21/2024 8:55:00 AM,A,VC 22350,False,1.0,SR-87 NB,,,2/28/2024 2:48:33 PM,A,S,35.0,MILL POND DR.,F,,D,2/28/2024 2:48:42 PM,2/28/2024 2:48:42 PM,False,True,4,,2/21/2024 9:01:00 AM,0901,False,,,True
2325684,9340-2024-00855,1,False,9340,2/21/2024 8:43:00 AM,843,083,1368.0,4313.0,San Jose,43.0,True,True,C,REAR END,,Wednesday,NotApplicable,False,,,False,True,False,SANTA CLARA SUPERIOR COURT HALL OF JUSTICE,C,OTHER MOTOR VEHICLE,,1.0,0.0,CLEAR,, NO UNUSUAL CONDITIONS,, ,A,DAYLIGHT,37.250776,-121.90565,,,,,A,NO PEDESTRIANS INVOLVED,2/21/2024 8:43:00 AM,A,VC 22350,False,1.0,SR-85 N/B,,,2/28/2024 2:27:33 PM,A,S,1375.0,CAMDEN AVE.,F,,D,2/28/2024 2:27:46 PM,2/28/2024 2:27:46 PM,False,True,4,,2/21/2024 8:48:00 AM,0848,False,,,True
2325576,9340-2024-00826,1,False,9340,2/18/2024 6:20:00 AM,620,083,1368.0,4313.0,San Jose,43.0,True,True,E,HIT OBJECT,,Sunday,Yes,False,,,False,True,True,SANTA CLARA SUPERIOR COURT HALL OF JUSTICE,J,OTHER OBJECT,BRUSH/DIRT EMBANKMENT,0.0,0.0,CLOUDY,, NO UNUSUAL CONDITIONS,, ,B,DUSK-DAWN,37.246678,-121.829038,,,,,A,NO PEDESTRIANS INVOLVED,2/18/2024 6:20:00 AM,A,VC 23152(a),True,1.0,SR-85 S/B,,,2/28/2024 1:22:57 PM,B,S,260.0,SNELL AVE.,F,,D,2/28/2024 1:23:15 PM,2/28/2024 1:23:15 PM,False,True,4,,2/18/2024 6:30:00 AM,0630,False,,,False
2325532,9340-2024-00649,1,False,9340,2/9/2024 12:29:00 PM,1229,089,1368.0,4313.0,San Jose,43.0,True,True,B,SIDE SWIPE,,Friday,NotApplicable,False,M,,False,True,False,SANTA CLARA SUPERIOR COURT HALL OF JUSTICE,C,OTHER MOTOR VEHICLE,,0.0,0.0,CLEAR,, NO UNUSUAL CONDITIONS,, ,A,DAYLIGHT,37.364885,-121.901783,,,,,A,NO PEDESTRIANS INVOLVED,2/9/2024 12:29:00 PM,A,VC 21658(A),False,1.0,I-880 S/B,,,2/28/2024 12:52:27 PM,A,N,153.0,US-101 N/B,F,,D,2/28/2024 12:53:10 PM,2/28/2024 12:53:10 PM,False,True,4,,2/9/2024 12:42:00 PM,1242,True,EMBEDDED,False,True
2325427,9340-2024-00842,1,False,9340,2/20/2024 12:05:00 PM,1205,282,1368.0,4313.0,San Jose,43.0,True,True,B,SIDE SWIPE,,Tuesday,NotApplicable,False,,,False,True,False,SANTA CLARA SUPERIOR COURT HALL OF JUSTICE,C,OTHER MOTOR VEHICLE,,0.0,0.0,CLEAR,, NO UNUSUAL CONDITIONS,, ,A,DAYLIGHT,37.318888,-121.940109,,,,,A,NO PEDESTRIANS INVOLVED,2/20/2024 12:05:00 PM,A,VC 21658(A),False,1.0,I-280 S/B TO I-880 N/B,,,2/28/2024 11:16:40 AM,A,S,1523.0,STEVENS CREEK BLVD.,F,,D,2/28/2024 11:17:59 AM,2/28/2024 11:17:59 AM,False,True,4,True,2/20/2024 12:15:00 PM,1215,False,,True,
2325351,9340-2024-00833,1,False,9340,2/18/2024 5:45:00 PM,1745,120,1368.0,4313.0,San Jose,43.0,True,True,E,HIT OBJECT,,Sunday,NotApplicable,False,,,False,True,True,SANTA CLARA SUPERIOR COURT HALL OF JUSTICE,I,FIXED OBJECT,CONCRETE BARRIER,0.0,0.0,RAINING,, NO UNUSUAL CONDITIONS,, ,A,DAYLIGHT,37.365017,-121.902864,,,,,A,NO PEDESTRIANS INVOLVED,2/18/2024 5:45:00 PM,A,VC 22350,False,1.0,US-101 N/B TO I-880 S/B,,,2/28/2024 10:17:09 AM,B,N,215.0,I-880,F,,D,2/28/2024 10:17:58 AM,2/28/2024 10:17:58 AM,False,True,4,,2/18/2024 5:55:00 PM,1755,False,,,True
2325097,9725-2024-00190,1,False,9725,2/9/2024 3:30:00 PM,1530,901,1368.0,4313.0,San Jose,43.0,True,True,B,SIDE SWIPE,,Friday,NotApplicable,False,,,False,False,False,SANTA CLARA SUPERIOR COURT SANTA CLARA COURTHOUSE,C,OTHER MOTOR VEHICLE,,0.0,0.0,CLEAR,, NO UNUSUAL CONDITIONS,, School Bus Collision,A,DAYLIGHT,37.22514,-121.767109,,,,,A,NO PEDESTRIANS INVOLVED,2/9/2024 3:30:00 PM,A,VC 22107,False,1.0,AVENIDA ESPANA,,,2/28/2024 7:19:41 AM,A,,,141 AVENIDA ESPANA,,,D,2/28/2024 7:19:47 AM,2/28/2024 7:19:47 AM,False,False,4,,2/9/2024 3:34:00 PM,1534,False,,,True
2324655,9340-2024-00797,1,False,9340,2/18/2024 2:55:00 AM,255,087,1368.0,4313.0,San Jose,43.0,True,True,E,HIT OBJECT,,Sunday,Yes,False,,,False,True,False,SANTA CLARA SUPERIOR COURT HALL OF JUSTICE,J,OTHER OBJECT,CONCRETE BARRIER,0.0,0.0,CLOUDY,, CONSTRUCTION-REPAIR ZONE,, ,D,DARK-NO STREET LIGHTS,37.326412,-121.89404,,,,,A,NO PEDESTRIANS INVOLVED,2/18/2024 2:55:00 AM,A,VC 23152(a),True,1.0,SR-87 S/B,,,2/27/2024 3:43:53 PM,B,N,4.0,AUZERAIS AVE,F,,D,2/27/2024 3:43:55 PM,2/27/2024 3:43:55 PM,False,True,4,,2/18/2024 2:58:00 AM,0258,False,,,True
2324646,9340-2024-00828,1,False,9340,2/19/2024 2:30:00 PM,1430,088,1368.0,4313.0,San Jose,43.0,True,True,C,REAR END,,Monday,Yes,False,,,False,True,True,SANTA CLARA SUPERIOR COURT DOWNTOWN SUPERIOR COURT,C,OTHER MOTOR VEHICLE,,1.0,0.0,CLEAR,, NO UNUSUAL CONDITIONS,, ,A,DAYLIGHT,37.358731,-121.906955,,,,,A,NO PEDESTRIANS INVOLVED,2/19/2024 2:30:00 PM,A,VC 22350,False,1.0,I-880 S/B,,,2/27/2024 3:37:03 PM,A,N,60.0,N. FIRST STREET,F,,D,2/27/2024 3:37:08 PM,2/27/2024 3:37:08 PM,False,True,4,False,2/19/2024 2:35:00 PM,1435,True,EMBEDDED,,True
2324620,9340-2024-00816,1,False,9340,2/18/2024 9:35:00 PM,2135,281,1368.0,4313.0,San Jose,43.0,True,True,E,HIT OBJECT,,Sunday,NotApplicable,False,,,False,True,False,SANTA CLARA SUPERIOR COURT HALL OF JUSTICE,I,FIXED OBJECT,GUARDRAIL,0.0,0.0,RAINING,, NO UNUSUAL CONDITIONS,, ,C,DARK-STREET LIGHTS,37.317029,-121.927608,,,,,A,NO PEDESTRIANS INVOLVED,2/18/2024 9:35:00 PM,A,VC 22350,False,1.0,I-280 N/B,,,2/27/2024 3:22:31 PM,B,N,225.0,LELAND AVE,F,,D,2/27/2024 3:22:34 PM,2/27/2024 3:22:34 PM,False,True,4,,2/18/2024 9:45:00 PM,2145,False,,,True
2324617,9340-2024-00793,1,False,9340,2/17/2024 7:20:00 AM,720,087,1368.0,4313.0,San Jose,43.0,True,True,B,SIDE SWIPE,,Saturday,NotApplicable,False,M,,False,True,False,SANTA CLARA SUPERIOR COURT HALL OF JUSTICE,C,OTHER MOTOR VEHICLE,,0.0,0.0,RAINING,, NO UNUSUAL CONDITIONS,, ,D,DARK-NO STREET LIGHTS,37.297533,-121.873793,,,,,A,NO PEDESTRIANS INVOLVED,2/17/2024 7:20:00 AM,A,VC 22107,False,1.0,SR-87 N/B FROM CURTNER,,,2/27/2024 3:21:06 PM,B,N,920.0,CURTNER AVE,F,,D,2/27/2024 3:21:09 PM,2/27/2024 3:21:09 PM,False,True,4,,2/17/2024 7:25:00 AM,0725,False,,,True
2324611,9340-2024-00795,1,False,9340,2/17/2024 7:30:00 PM,1930,681,1368.0,4313.0,San Jose,43.0,True,True,C,REAR END,,Saturday,NotApplicable,False,,,False,True,False,SANTA CLARA SUPERIOR COURT HALL OF JUSTICE,C,OTHER MOTOR VEHICLE,,0.0,0.0,CLEAR,, NO UNUSUAL CONDITIONS,, ,C,DARK-STREET LIGHTS,37.345412,-121.843989,,,,,A,NO PEDESTRIANS INVOLVED,2/17/2024 7:30:00 PM,A,VC 23152(a),True,1.0,I-680 S/B,,,2/27/2024 3:14:29 PM,A,N,979.0,KING RD,F,,D,2/27/2024 3:14:32 PM,2/27/2024 3:14:32 PM,False,True,4,,2/17/2024 7:40:00 PM,1940,False,,,True
2324585,9340-2024-00785,1,False,9340,2/16/2024 10:55:00 AM,1055,087,1368.0,4313.0,San Jose,43.0,True,True,B,SIDE SWIPE,,Friday,NotApplicable,False,,,False,True,False,SANTA CLARA SUPERIOR COURT HALL OF JUSTICE,C,OTHER MOTOR VEHICLE,,1.0,0.0,CLEAR,, NO UNUSUAL CONDITIONS,, ,A,DAYLIGHT,37.305551,-121.880023,,,,,A,NO PEDESTRIANS INVOLVED,2/16/2024 10:55:00 AM,A,VC 22107,False,1.0,SR-87 S/B,,,2/27/2024 2:42:09 PM,A,N,675.0,ALMADEN RD,F,,D,2/27/2024 2:42:13 PM,2/27/2024 2:42:13 PM,False,True,4,,2/16/2024 11:00:00 AM,1100,False,,,True
2324579,9340-2024-00784,1,False,9340,2/16/2024 8:20:00 AM,820,087,1368.0,4313.0,San Jose,43.0,True,True,E,HIT OBJECT,,Friday,NotApplicable,False,,,False,True,False,SANTA CLARA SUPERIOR COURT HALL OF JUSTICE,I,FIXED OBJECT,LIGHT POLE,0.0,0.0,CLEAR,, NO UNUSUAL CONDITIONS,, ,A,DAYLIGHT,37.320928,-121.889938,,,,,A,NO PEDESTRIANS INVOLVED,2/16/2024 8:20:00 AM,A,VC 22107,False,1.0,SR-87 N/B TO I-280 NB / SB,,,2/27/2024 2:36:05 PM,A,N,350.0,W VIRGINIA ST,F,,D,2/27/2024 2:36:09 PM,2/27/2024 2:36:09 PM,False,True,4,,2/16/2024 8:21:00 AM,0821,False,,,True
2324541,9725-2024-00234,1,False,9725,2/20/2024 12:00:00 AM,0,015,1368.0,4313.0,San Jose,43.0,True,True,E,HIT OBJECT,,Tuesday,Yes,False,,,False,True,False,SANTA CLARA SUPERIOR COURT SANTA CLARA COURTHOUSE,I,FIXED OBJECT,CONCRETE DIVIDER,1.0,0.0,CLOUDY,RAINING, NO UNUSUAL CONDITIONS,, ,D,DARK-NO STREET LIGHTS,37.236196,-121.758957,,,,,A,NO PEDESTRIANS INVOLVED,2/20/2024 12:00:00 AM,A,VC 23152(A),False,1.0,US-101 S/B,,,2/27/2024 2:05:37 PM,B,S,0.61,SR-85,M,,D,2/27/2024 2:06:14 PM,2/27/2024 2:06:14 PM,False,True,4,,2/20/2024 12:10:00 AM,0010,False,,,True
2324498,9340-2024-00767,1,False,9340,2/15/2024 6:42:00 PM,1842,083,1368.0,4313.0,San Jose,43.0,True,True,C,REAR END,,Thursday,NotApplicable,False,M,,False,True,False,SANTA CLARA SUPERIOR COURT HALL OF JUSTICE,C,OTHER MOTOR VEHICLE,,0.0,0.0,CLEAR,, NO UNUSUAL CONDITIONS,, ,D,DARK-NO STREET LIGHTS,37.253937,-121.949031,,,,,A,NO PEDESTRIANS INVOLVED,2/15/2024 6:42:00 PM,A,VC 22350,False,1.0,SR-85 S/B,,,2/27/2024 1:39:33 PM,A,S,668.0,BASCOM AVE,F,,D,2/27/2024 1:39:37 PM,2/27/2024 1:39:37 PM,False,True,4,,2/15/2024 6:50:00 PM,1850,True,EMBEDDED,,True
2324489,9340-2024-00787,2,False,9340,2/15/2024 9:30:00 PM,2130,110,1368.0,4313.0,San Jose,43.0,True,True,B,SIDE SWIPE,,Thursday,NotApplicable,False,M,,False,True,False,SANTA CLARA SUPERIOR COURT HALL OF JUSTICE,C,OTHER MOTOR VEHICLE,,0.0,0.0,CLOUDY,, NO UNUSUAL CONDITIONS,, ,C,DARK-STREET LIGHTS,37.302386,-121.815122,,,,,A,NO PEDESTRIANS INVOLVED,2/15/2024 9:30:00 PM,A,VC 22107,False,1.0,US-101 N/B TO CAPITOL EXPY,,,10/25/2024 12:23:31 PM,A,S,459.0,CAPITOL EXPY,F,,D,2/27/2024 1:37:17 PM,10/25/2024 12:23:37 PM,False,True,4,,2/15/2024 9:49:00 PM,2149,False,,,True
2324366,9340-2024-00808,1,False,9340,2/18/2024 10:00:00 PM,2200,282,1368.0,4313.0,San Jose,43.0,True,True,C,REAR END,,Sunday,NotApplicable,False,,,False,True,False,SANTA CLARA SUPERIOR COURT HALL OF JUSTICE,C,OTHER MOTOR VEHICLE,,0.0,0.0,RAINING,, FLOODED*,, ,C,DARK-STREET LIGHTS,37.317025,-121.974887,,,,,A,NO PEDESTRIANS INVOLVED,2/18/2024 10:00:00 PM,A,VC 22350,False,1.0,I-280 S/B,,,2/27/2024 12:13:54 PM,B,S,39.0,SARATOGA AVE,F,,D,2/27/2024 12:13:57 PM,2/27/2024 12:13:57 PM,False,True,4,,2/19/2024 12:20:00 AM,0020,False,,,True
2324333,9340-2024-00820,1,False,9340,2/18/2024 9:40:00 PM,2140,240,1368.0,4313.0,San Jose,43.0,True,True,E,HIT OBJECT,,Sunday,NotApplicable,False,,,False,True,False,SANTA CLARA SUPERIOR COURT HALL OF JUSTICE,I,FIXED OBJECT,CENTER MEDIAN WALL,0.0,0.0,RAINING,, NO UNUSUAL CONDITIONS,, ,C,DARK-STREET LIGHTS,37.42151,-121.934582,,,,,A,NO PEDESTRIANS INVOLVED,2/18/2024 9:40:00 PM,A,VC 22350,False,1.0,SR-237 W/B,,,2/27/2024 11:52:40 AM,B,E,1592.0,ZANKER RD,F,,D,2/27/2024 11:52:52 AM,2/27/2024 11:52:52 AM,False,True,4,,2/18/2024 9:45:00 PM,2145,False,,,True
2324315,9340-2024-00806,1,False,9340,2/18/2024 7:05:00 PM,1905,281,1368.0,4313.0,San Jose,43.0,True,True,C,REAR END,,Sunday,NotApplicable,False,,,False,True,True,SANTA CLARA SUPERIOR COURT HALL OF JUSTICE,C,OTHER MOTOR VEHICLE,,0.0,0.0,CLOUDY,, NO UNUSUAL CONDITIONS,, ,D,DARK-NO STREET LIGHTS,37.335667,-121.857407,,,,,A,NO PEDESTRIANS INVOLVED,2/18/2024 7:05:00 PM,A,VC 22350,False,1.0,I-280 S/B TO MCLAUGHLIN AVE,,,2/27/2024 11:33:56 AM,B,N,157.0,MCLAUGHLIN AVE,F,,D,2/27/2024 11:34:00 AM,2/27/2024 11:34:00 AM,False,True,4,,2/18/2024 7:15:00 PM,1915,False,,,True
2324140,9725-2024-00220,1,False,9725,2/17/2024 4:05:00 AM,405,015,1368.0,4313.0,San Jose,43.0,True,True,A,HEAD-ON,,Saturday,Yes,False,,,False,True,False,SANTA CLARA SUPERIOR COURT SANTA CLARA COURTHOUSE,I,FIXED OBJECT,TREES,0.0,0.0,CLOUDY,, NO UNUSUAL CONDITIONS,, ,C,DARK-STREET LIGHTS,37.250544,-121.783919,,,,,A,NO PEDESTRIANS INVOLVED,2/17/2024 4:05:00 AM,A,VC 22107,False,1.0,US-101 N/B,,,2/27/2024 9:22:52 AM,A,S,0.8,BLOSSOM HILL RD,M,,D,2/27/2024 9:22:57 AM,2/27/2024 9:22:57 AM,False,True,4,True,2/17/2024 4:07:00 AM,0407,False,,,True
2323332,9340-2024-00740,1,False,9340,2/14/2024 5:50:00 PM,1750,089,1368.0,4313.0,San Jose,43.0,True,True,C,REAR END,,Wednesday,NotApplicable,False,,,False,True,False,SANTA CLARA SUPERIOR COURT HALL OF JUSTICE,C,OTHER MOTOR VEHICLE,,0.0,0.0,CLOUDY,, NO UNUSUAL CONDITIONS,, ,B,DUSK-DAWN,37.401001,-121.908967,,,,,A,NO PEDESTRIANS INVOLVED,2/14/2024 5:50:00 PM,A,VC 22350,False,1.0,I-880 S/B,,,2/26/2024 1:41:53 PM,B,S,95.0,MONTAGUE EXPY,F,,D,2/26/2024 1:42:02 PM,2/26/2024 1:42:02 PM,False,True,4,,2/14/2024 6:20:00 PM,1820,False,,,True
2323231,9340-2024-00794,1,False,9340,2/17/2024 6:45:00 AM,645,087,1368.0,4313.0,San Jose,43.0,True,True,E,HIT OBJECT,,Saturday,NotApplicable,False,,,False,True,False,SANTA CLARA SUPERIOR COURT HALL OF JUSTICE,I,FIXED OBJECT,CONCRETE BARRIER,0.0,0.0,RAINING,, NO UNUSUAL CONDITIONS,, ,D,DARK-NO STREET LIGHTS,37.332121,-121.897001,,,,,A,NO PEDESTRIANS INVOLVED,2/17/2024 6:45:00 AM,A,VC 22350,False,1.0,SR-87 S/B,,,2/26/2024 11:49:56 AM,B,S,310.0,W SANTA CLARA ST,F,,D,2/26/2024 11:50:36 AM,2/26/2024 11:50:36 AM,False,True,4,,2/17/2024 6:50:00 AM,0650,False,,,
2323155,9340-2024-00743,1,False,9340,2/14/2024 8:55:00 PM,2055,087,1368.0,4313.0,San Jose,43.0,True,True,E,HIT OBJECT,,Wednesday,NotApplicable,False,,,False,True,True,SANTA CLARA SUPERIOR COURT HALL OF JUSTICE,I,FIXED OBJECT,CONCRETE BARRIER,0.0,0.0,RAINING,, NO UNUSUAL CONDITIONS,, ,C,DARK-STREET LIGHTS,37.260619,-121.858766,,,,,A,NO PEDESTRIANS INVOLVED,2/14/2024 8:55:00 PM,A,VC 22350,False,1.0,SR-87 N/B,,,2/26/2024 11:07:35 AM,B,N,249.0,CHYNOWETH AVE,F,,D,2/26/2024 11:07:37 AM,2/26/2024 11:07:37 AM,False,True,4,,2/14/2024 8:56:00 PM,2056,True,EMBEDDED,,True
2323150,9340-2024-00746,1,False,9340,2/14/2024 8:15:00 PM,2015,681,1368.0,4313.0,San Jose,43.0,True,True,E,HIT OBJECT,,Wednesday,Yes,False,,,False,True,False,SANTA CLARA SUPERIOR COURT HALL OF JUSTICE,I,FIXED OBJECT,CONCRETE BARRIER,2.0,0.0,RAINING,, NO UNUSUAL CONDITIONS,, ,C,DARK-STREET LIGHTS,37.391923,-121.870993,,,,,A,NO PEDESTRIANS INVOLVED,2/14/2024 8:15:00 PM,A,VC 22350,False,1.0,I-680 S/B ,,,2/26/2024 11:04:31 AM,B,S,1391.0,HOSTETTER RD,F,,D,2/26/2024 11:04:33 AM,2/26/2024 11:04:33 AM,False,True,4,,2/14/2024 8:20:00 PM,2020,False,,,True
2323147,9340-2024-00761,1,False,9340,2/14/2024 8:12:00 PM,2012,085,1368.0,4313.0,San Jose,43.0,True,True,B,SIDE SWIPE,,Wednesday,NotApplicable,False,,,False,True,False,SANTA CLARA SUPERIOR COURT HALL OF JUSTICE,C,OTHER MOTOR VEHICLE,,0.0,0.0,RAINING,, NO UNUSUAL CONDITIONS,, ,D,DARK-NO STREET LIGHTS,37.257854,-121.961653,,,,,A,NO PEDESTRIANS INVOLVED,2/14/2024 8:12:00 PM,A,VC 22107,False,1.0,SR-85 N/B,,,2/26/2024 11:01:46 AM,B,N,1760.0,SR-17,F,,D,2/26/2024 11:01:48 AM,2/26/2024 11:01:48 AM,False,True,4,,2/14/2024 8:15:00 PM,2015,False,,,True
2323121,9340-2024-00750,1,False,9340,2/14/2024 6:30:00 PM,1830,110,1368.0,4313.0,San Jose,43.0,True,True,B,SIDE SWIPE,,Wednesday,Yes,False,,,False,True,True,SANTA CLARA SUPERIOR COURT HALL OF JUSTICE,C,OTHER MOTOR VEHICLE,,2.0,0.0,CLEAR,, NO UNUSUAL CONDITIONS,, ,C,DARK-STREET LIGHTS,37.341948,-121.854436,,,,,A,NO PEDESTRIANS INVOLVED,2/14/2024 6:30:00 PM,A,VC 23152(a),True,1.0,US-101 S/B,,,2/26/2024 10:54:25 AM,A,N,1015.0,I-280,F,,D,2/26/2024 10:54:30 AM,2/26/2024 10:54:30 AM,False,True,4,True,2/14/2024 6:35:00 PM,1835,True,E20240029,,True
2323110,9340-2024-00772,1,False,9340,2/15/2024 9:25:00 PM,2125,088,1368.0,4313.0,San Jose,43.0,True,True,B,SIDE SWIPE,,Thursday,NotApplicable,False,M,,False,True,False,SANTA CLARA SUPERIOR COURT HALL OF JUSTICE,C,OTHER MOTOR VEHICLE,,0.0,0.0,CLEAR,, NO UNUSUAL CONDITIONS,, ,C,DARK-STREET LIGHTS,37.363533,-121.902476,,,,,A,NO PEDESTRIANS INVOLVED,2/15/2024 9:25:00 PM,A,VC 22350,False,1.0,I-880 S/B,,,2/26/2024 10:47:20 AM,A,S,167.0,US-101,F,,D,2/26/2024 10:47:22 AM,2/26/2024 10:47:22 AM,False,True,4,,2/15/2024 9:30:00 PM,2130,False,,,True
2323089,9340-2024-00770,1,False,9340,2/15/2024 6:45:00 PM,1845,120,1368.0,4313.0,San Jose,43.0,True,True,C,REAR END,,Thursday,Yes,False,,,False,True,False,SANTA CLARA SUPERIOR COURT HALL OF JUSTICE,C,OTHER MOTOR VEHICLE,,1.0,0.0,CLEAR,, NO UNUSUAL CONDITIONS,, ,D,DARK-NO STREET LIGHTS,37.372274,-121.91934,,,,,A,NO PEDESTRIANS INVOLVED,2/15/2024 6:45:00 PM,A,VC 22350,False,1.0,US-101 S/B,,,2/26/2024 10:35:40 AM,A,S,50.0,E BROKAW ROAD,F,,D,2/26/2024 10:35:46 AM,2/26/2024 10:35:46 AM,False,True,4,,2/15/2024 6:50:00 PM,1850,False,,,True
2323083,9340-2024-00745,1,False,9340,2/14/2024 5:30:00 PM,1730,281,1368.0,4313.0,San Jose,43.0,True,True,B,SIDE SWIPE,,Wednesday,NotApplicable,False,,,False,True,False,SANTA CLARA SUPERIOR COURT HALL OF JUSTICE,C,OTHER MOTOR VEHICLE,,0.0,0.0,RAINING,, NO UNUSUAL CONDITIONS,, ,A,DAYLIGHT,37.332735,-121.845911,,,,,A,NO PEDESTRIANS INVOLVED,2/14/2024 5:30:00 PM,D,,,,I-280 S/B TO US-101 S/B,,,2/26/2024 10:31:18 AM,B,S,1290.0,STORY RD,F,,D,2/26/2024 10:31:24 AM,2/26/2024 10:31:24 AM,False,True,4,,2/14/2024 5:35:00 PM,1735,False,,,True
2323076,9340-2024-00777,1,False,9340,2/15/2024 10:00:00 AM,1000,281,1368.0,4313.0,San Jose,43.0,True,True,C,REAR END,,Thursday,NotApplicable,False,,,False,True,False,SANTA CLARA SUPERIOR COURT HALL OF JUSTICE,C,OTHER MOTOR VEHICLE,,0.0,0.0,CLEAR,, NO UNUSUAL CONDITIONS,, ,A,DAYLIGHT,37.317205,-121.932462,,,,,A,NO PEDESTRIANS INVOLVED,2/15/2024 10:00:00 AM,A,VC 22350,False,1.0,I-280 N/B,,,2/26/2024 10:24:55 AM,A,N,131.0,S BASCOM AVE.,F,,D,2/26/2024 10:24:58 AM,2/26/2024 10:24:58 AM,False,True,4,,2/15/2024 10:01:00 AM,1001,False,,,True
2323058,9340-2024-00756,1,False,9340,2/15/2024 6:00:00 AM,600,281,1368.0,4313.0,San Jose,43.0,True,True,E,HIT OBJECT,,Thursday,NotApplicable,False,,,False,True,False,SANTA CLARA SUPERIOR COURT HALL OF JUSTICE,J,OTHER OBJECT,TIRE,0.0,0.0,CLEAR,, NO UNUSUAL CONDITIONS,, ,C,DARK-STREET LIGHTS,37.330262,-121.867654,,,,,A,NO PEDESTRIANS INVOLVED,2/15/2024 6:00:00 AM,A,VC 24002(a),True,1.0,I-280 N/B,,,2/26/2024 10:19:32 AM,B,S,1108.0,11TH ST,F,,D,2/26/2024 10:19:36 AM,2/26/2024 10:19:36 AM,False,True,4,,2/15/2024 6:01:00 AM,0601,False,,,True
2322969,9340-2024-00706,1,False,9340,2/12/2024 7:20:00 PM,1920,120,1368.0,4313.0,San Jose,43.0,True,True,B,SIDE SWIPE,,Monday,Yes,False,,,False,True,True,SANTA CLARA SUPERIOR COURT HALL OF JUSTICE,D,MOTOR VEHICLE ON OTHER ROADWAY,,1.0,0.0,CLEAR,, NO UNUSUAL CONDITIONS,, ,C,DARK-STREET LIGHTS,37.363647,-121.896813,,,,,A,NO PEDESTRIANS INVOLVED,2/12/2024 7:20:00 PM,A,VC 21658(A),False,1.0,US-101 NB,,,2/26/2024 9:26:42 AM,A,S,1320.0,I-880 S/B,F,,D,2/26/2024 9:26:44 AM,2/26/2024 9:26:44 AM,False,True,4,,2/12/2024 7:25:00 PM,1925,False,,,True
2322927,9340-2024-00695,1,False,9340,2/11/2024 9:05:00 PM,2105,281,1368.0,4313.0,San Jose,43.0,True,True,E,HIT OBJECT,,Sunday,Yes,False,M,,False,True,False,SANTA CLARA SUPERIOR COURT HALL OF JUSTICE,I,FIXED OBJECT,METAL/WOOD GUARDRAIL,0.0,0.0,CLEAR,, NO UNUSUAL CONDITIONS,, ,C,DARK-STREET LIGHTS,37.322196,-121.939777,,,,,A,NO PEDESTRIANS INVOLVED,2/11/2024 9:05:00 PM,A,VC 23152(a),True,1.0,SR-17 NB / I-280 NB TO STEVENS CREEK BLVD,,,2/26/2024 8:49:00 AM,A,S,314.0,STEVENS CREEK BLVD,F,,D,2/26/2024 8:49:03 AM,2/26/2024 8:49:03 AM,False,True,4,,2/11/2024 9:10:00 PM,2110,False,,,True