Collision Id,	Report Number,	Report Version,	Is Preliminary,	NCIC Code,Crash Date Time,	Crash Time Description,	Beat,City Id,	City Code,	City Name,County Code,	City Is Active,	City Is Incorporated,	Collision Type Code,Collision Type Description,	Collision Type Other Desc,	Day Of Week,	DispatchNotified,	HasPhotographs,	HitRun,	IsAttachmentsMailed,	IsDeleted,	IsHighwayRelated,	IsTowAway,	JudicialDistrict,	MotorVehicleInvolvedWithCode,	MotorVehicleInvolvedWithDesc,MotorVehicleInvolvedWithOtherDesc,	NumberInjured,	NumberKilled,Weather 1, Weather 2, Road Condition 1, Road Condition 2, Special Condition,LightingCode, LightingDescription,Latitude,Longitude,MilepostDirection,MilepostDistance,MilepostMarker,MilepostUnitOfMeasure,	PedestrianActionCode,PedestrianActionDesc,PreparedDate,	Primary Collision Factor Code,Primary Collision Factor Violation,PrimaryCollisionFactorIsCited,	PrimaryCollisionPartyNumber,	PrimaryRoad,	ReportingDistrict,	ReportingDistrictCode,ReviewedDate,	RoadwaySurfaceCode,SecondaryDirection,	SecondaryDistance,	SecondaryRoad,	SecondaryUnitOfMeasure,	SketchDesc,	TrafficControlDeviceCode,CreatedDate,	ModifiedDate,IsCountyRoad,IsFreeway,CHP555Version,	IsAdditonalObjectStruck,NotificationDate,	NotificationTimeDescription,	HasDigitalMediaFiles,	EvidenceNumber,	IsLocationReferToNarrative,	IsAOIOneSameAsLocation
2322829,9340-2024-00509,1,False,9340,1/22/2024 12:00:00 AM,0,110,1368.0,4313.0,San Jose,43.0,True,True,C,REAR END,,Monday,Yes,False,,,False,True,True,SANTA CLARA SUPERIOR COURT HALL OF JUSTICE,C,OTHER MOTOR VEHICLE,,1.0,0.0,CLOUDY,RAINING, NO UNUSUAL CONDITIONS,, ,D,DARK-NO STREET LIGHTS,37.363128,-121.891104,,,,,A,NO PEDESTRIANS INVOLVED,1/22/2024 12:00:00 AM,A,VC 23152(a),True,1.0,US-101 N/B,,,2/26/2024 8:01:47 AM,B,S,68.0,OAKLAND RD,F,,D,2/26/2024 8:01:50 AM,2/26/2024 8:01:50 AM,False,True,4,,1/22/2024 12:05:00 AM,0005,False,,,True
2322810,9340-2024-00007,1,False,9340,1/1/2024 12:50:00 AM,50,681,1368.0,4313.0,San Jose,43.0,True,True,B,SIDE SWIPE,,Monday,NotApplicable,False,,,False,True,False,SANTA CLARA SUPERIOR COURT HALL OF JUSTICE,C,OTHER MOTOR VEHICLE,,0.0,0.0,CLEAR,, NO UNUSUAL CONDITIONS,, ,A,DAYLIGHT,37.358691,-121.840251,,,,,A,NO PEDESTRIANS INVOLVED,1/1/2024 12:50:00 AM,A,VC 22107,False,1.0,I-680 N/B,,,2/26/2024 7:50:05 AM,A,S,390.0,ALUM ROCK AVE,F,,D,2/26/2024 7:50:07 AM,2/26/2024 7:50:07 AM,False,True,4,,1/1/2024 12:50:00 AM,0050,False,,,True
2322526,9340-2024-00775,1,False,9340,2/15/2024 5:15:00 PM,1715,087,1368.0,4313.0,San Jose,43.0,True,True,C,REAR END,,Thursday,NotApplicable,False,,,False,True,False,SANTA CLARA SUPERIOR COURT HALL OF JUSTICE,C,OTHER MOTOR VEHICLE,,0.0,0.0,CLEAR,, NO UNUSUAL CONDITIONS,, ,B,DUSK-DAWN,37.313518,-121.88599,,,,,A,NO PEDESTRIANS INVOLVED,2/15/2024 5:15:00 PM,A,VC 22350,False,1.0,SR-87 N/B,,,2/25/2024 8:43:17 AM,A,S,868.0,WILLOW ST,F,,D,2/25/2024 8:43:20 AM,2/25/2024 8:43:20 AM,False,True,4,,2/15/2024 5:20:00 PM,1720,True,EMBEDDED,,True
2322518,9340-2024-00773,1,False,9340,2/15/2024 6:30:00 AM,630,281,1368.0,4313.0,San Jose,43.0,True,True,C,REAR END,,Thursday,NotApplicable,False,,,False,True,False,SANTA CLARA SUPERIOR COURT HALL OF JUSTICE,C,OTHER MOTOR VEHICLE,,0.0,0.0,CLEAR,, NO UNUSUAL CONDITIONS,, ,A,DAYLIGHT,37.335003,-121.859787,,,,,A,NO PEDESTRIANS INVOLVED,2/15/2024 6:30:00 AM,A,VC 22350,False,1.0,I-280 N/B,,,2/25/2024 7:44:09 AM,B,N,831.0,MCLAUGHLIN AVE,F,,D,2/25/2024 7:44:11 AM,2/25/2024 7:44:11 AM,False,True,4,,2/15/2024 6:31:00 AM,0631,False,,,True
2322513,9340-2024-00727,1,False,9340,2/14/2024 6:21:00 AM,621,240,1368.0,4313.0,San Jose,43.0,True,True,B,SIDE SWIPE,,Wednesday,NotApplicable,False,,,False,True,False,SANTA CLARA SUPERIOR COURT HALL OF JUSTICE,C,OTHER MOTOR VEHICLE,,0.0,0.0,CLOUDY,, NO UNUSUAL CONDITIONS,, ,A,DAYLIGHT,37.41942,-121.949228,,,,,A,NO PEDESTRIANS INVOLVED,2/14/2024 6:21:00 AM,A,VC 22107,False,1.0,SR-237 W/B,,,2/25/2024 7:22:21 AM,A,W,2667.0,ZANKER RD,F,,D,2/25/2024 7:22:26 AM,2/25/2024 7:22:26 AM,False,True,4,,2/14/2024 6:23:00 AM,0623,True,EMBEDDED,,True
2321994,9340-2024-00764,1,False,9340,2/15/2024 10:20:00 AM,1020,110,1368.0,4313.0,San Jose,43.0,True,True,C,REAR END,,Thursday,NotApplicable,False,,,False,True,False,SANTA CLARA SUPERIOR COURT HALL OF JUSTICE,C,OTHER MOTOR VEHICLE,,0.0,0.0,CLEAR,, NO UNUSUAL CONDITIONS,, ,A,DAYLIGHT,37.357575,-121.869766,,,,,A,NO PEDESTRIANS INVOLVED,2/15/2024 10:20:00 AM,A,VC 22350,False,1.0,US-101 N/B,,,2/23/2024 6:17:43 PM,A,N,1600.0,MCKEE RD.,F,,D,2/23/2024 6:17:53 PM,2/23/2024 6:17:53 PM,False,True,4,,2/15/2024 10:30:00 AM,1030,False,,,True
2321978,9340-2024-00758,1,False,9340,2/15/2024 7:49:00 AM,749,087,1368.0,4313.0,San Jose,43.0,True,True,C,REAR END,,Thursday,NotApplicable,False,,,False,True,False,SANTA CLARA SUPERIOR COURT HALL OF JUSTICE,C,OTHER MOTOR VEHICLE,,1.0,0.0,CLOUDY,, NO UNUSUAL CONDITIONS,, ,A,DAYLIGHT,37.278858,-121.864326,,,,,A,NO PEDESTRIANS INVOLVED,2/15/2024 7:49:00 AM,A,VC 22350,False,1.0,SR-87 N/B,,,2/23/2024 5:25:02 PM,A,S,521.0,HILLSDALE AVE U/C,F,,D,2/23/2024 5:25:21 PM,2/23/2024 5:25:21 PM,False,True,4,,2/15/2024 7:54:00 AM,0754,True,EMBEDDED,,True
2321941,9340-2024-00763,2,False,9340,2/15/2024 5:50:00 AM,550,083,1368.0,4313.0,San Jose,43.0,True,True,C,REAR END,,Thursday,NotApplicable,False,,,False,True,False,SANTA CLARA SUPERIOR COURT HALL OF JUSTICE,C,OTHER MOTOR VEHICLE,,0.0,0.0,CLOUDY,, NO UNUSUAL CONDITIONS,, ,C,DARK-STREET LIGHTS,37.253371,-121.841843,,,,,A,NO PEDESTRIANS INVOLVED,2/15/2024 5:50:00 AM,A,VC 22350,False,1.0,SR-85 N/B,,,10/17/2024 1:37:57 PM,B,N,1700.0,BLOSSOM HILL RD.,F,,D,2/23/2024 4:00:35 PM,10/17/2024 1:38:00 PM,False,True,4,,2/15/2024 6:05:00 AM,0605,False,,,True
2321921,9340-2024-00747,1,False,9340,2/14/2024 6:30:00 PM,1830,681,1368.0,4313.0,San Jose,43.0,True,True,C,REAR END,,Wednesday,NotApplicable,False,,,False,True,False,SANTA CLARA SUPERIOR COURT HALL OF JUSTICE,C,OTHER MOTOR VEHICLE,,0.0,0.0,CLEAR,, NO UNUSUAL CONDITIONS,, ,C,DARK-STREET LIGHTS,37.344344,-121.844737,,,,,A,NO PEDESTRIANS INVOLVED,2/14/2024 6:30:00 PM,A,VC 22350,False,1.0,I-680 N/B ,,,2/23/2024 3:29:21 PM,A,N,600.0,KING RD,F,,D,2/23/2024 3:29:32 PM,2/23/2024 3:29:32 PM,False,True,4,,2/14/2024 6:35:00 PM,1835,False,,,True
2321917,9340-2024-00738,1,False,9340,2/14/2024 4:25:00 PM,1625,083,1368.0,4313.0,San Jose,43.0,True,True,B,SIDE SWIPE,,Wednesday,NotApplicable,False,M,,False,True,False,SANTA CLARA SUPERIOR COURT HALL OF JUSTICE,C,OTHER MOTOR VEHICLE,,0.0,0.0,RAINING,, NO UNUSUAL CONDITIONS,, ,A,DAYLIGHT,37.250765,-121.908265,,,,,A,NO PEDESTRIANS INVOLVED,2/14/2024 4:25:00 PM,A,VC 22107,False,1.0,SR-85 N/B,,,2/23/2024 3:27:19 PM,B,S,750.0,CAMDEN AVE,F,,D,2/23/2024 3:27:30 PM,2/23/2024 3:27:30 PM,False,True,4,,2/14/2024 4:45:00 PM,1645,False,,,True
2321898,9340-2024-00729,2,False,9340,2/14/2024 8:49:00 AM,849,083,1368.0,4313.0,San Jose,43.0,True,True,C,REAR END,,Wednesday,NotApplicable,False,,,False,True,True,SANTA CLARA SUPERIOR COURT HALL OF JUSTICE,C,OTHER MOTOR VEHICLE,,1.0,0.0,CLEAR,, NO UNUSUAL CONDITIONS,, ,A,DAYLIGHT,37.251727,-121.88918,,,,,A,NO PEDESTRIANS INVOLVED,2/14/2024 8:49:00 AM,A,VC 22350,False,1.0,SR-85 N/B,,,2/23/2024 3:03:02 PM,A,S,1858.0,MERIDIAN AVE,F,,D,2/23/2024 3:03:47 PM,2/23/2024 3:05:01 PM,False,True,4,,2/14/2024 8:54:00 AM,0854,True,EMBEDDED,,True
2320985,9340-2024-00671,1,False,9340,2/10/2024 3:00:00 PM,1500,110,1368.0,4313.0,San Jose,43.0,True,True,C,REAR END,,Saturday,NotApplicable,False,,,False,True,True,SANTA CLARA SUPERIOR COURT HALL OF JUSTICE,C,OTHER MOTOR VEHICLE,,1.0,0.0,CLEAR,, NO UNUSUAL CONDITIONS,, ,A,DAYLIGHT,37.325492,-121.83869,,,,,A,NO PEDESTRIANS INVOLVED,2/10/2024 3:00:00 PM,A,VC 22350,False,1.0,US-101 S/B,,,2/23/2024 12:00:36 AM,A,N,0.6,TULLY RD,M,,D,2/23/2024 12:00:59 AM,2/23/2024 12:00:59 AM,False,True,4,,2/10/2024 3:10:00 PM,1510,False,,,True
2320939,9340-2024-00741,1,False,9340,2/14/2024 8:11:00 PM,2011,085,1368.0,4313.0,San Jose,43.0,True,True,E,HIT OBJECT,,Wednesday,NotApplicable,False,,,False,True,False,SANTA CLARA SUPERIOR COURT HALL OF JUSTICE,I,FIXED OBJECT,CONCRETE MEDIAN BARRIER,0.0,0.0,RAINING,, NO UNUSUAL CONDITIONS,, ,D,DARK-NO STREET LIGHTS,37.257798,-121.961722,,,,,A,NO PEDESTRIANS INVOLVED,2/14/2024 8:11:00 PM,A,VC 22350,False,1.0,SR-85 N/B,,,2/22/2024 7:23:26 PM,B,N,1770.0,SR-17,F,,D,2/22/2024 7:23:40 PM,2/22/2024 7:23:40 PM,False,True,4,,2/14/2024 8:15:00 PM,2015,False,,,True
2320862,9340-2024-00744,1,False,9340,2/14/2024 4:45:00 PM,1645,681,1368.0,4313.0,San Jose,43.0,True,True,E,HIT OBJECT,,Wednesday,NotApplicable,False,,,False,True,False,SANTA CLARA SUPERIOR COURT HALL OF JUSTICE,I,FIXED OBJECT,METAL GUARD RAIL,0.0,0.0,RAINING,, NO UNUSUAL CONDITIONS,, ,A,DAYLIGHT,37.34281,-121.847682,,,,,A,NO PEDESTRIANS INVOLVED,2/14/2024 4:45:00 PM,A,VC 22107,False,1.0,I-680 S/B TO US-101 S/B,,,2/22/2024 4:26:17 PM,B,S,365.0,S KING RD,F,,D,2/22/2024 4:27:28 PM,2/22/2024 4:27:28 PM,False,True,4,,2/14/2024 4:50:00 PM,1650,False,,,
2320842,9340-2024-00715,2,False,9340,2/12/2024 6:10:00 PM,1810,087,1368.0,4313.0,San Jose,43.0,True,True,C,REAR END,,Monday,NotApplicable,False,M,,False,True,False,SANTA CLARA SUPERIOR COURT HALL OF JUSTICE,C,OTHER MOTOR VEHICLE,,0.0,0.0,CLEAR,, NO UNUSUAL CONDITIONS,, ,A,DAYLIGHT,37.275536,-121.863905,,,,,A,NO PEDESTRIANS INVOLVED,2/12/2024 6:10:00 PM,A,VC 22350,False,1.0,SR-87 S/B TO CAPITOL EXPRESSWAY,,,2/22/2024 4:04:45 PM,A,N,275.0,CAPITOL EXPY,F,,A,2/22/2024 4:04:59 PM,2/22/2024 4:05:44 PM,False,True,4,,2/12/2024 6:45:00 PM,1845,False,,,True
2320836,9340-2024-00692,1,False,9340,2/11/2024 9:25:00 PM,2125,110,1368.0,4313.0,San Jose,43.0,True,True,B,SIDE SWIPE,,Sunday,NotApplicable,False,,,False,True,False,SANTA CLARA SUPERIOR COURT HALL OF JUSTICE,C,OTHER MOTOR VEHICLE,,0.0,0.0,CLEAR,, NO UNUSUAL CONDITIONS,, ,D,DARK-NO STREET LIGHTS,37.328074,-121.841028,,,,,A,NO PEDESTRIANS INVOLVED,2/11/2024 9:25:00 PM,A,VC 21658(A),False,1.0,US-101 S/B,,,2/22/2024 3:57:36 PM,A,S,0.66,STORY RD,M,,D,2/22/2024 3:57:47 PM,2/22/2024 3:57:47 PM,False,True,4,,2/11/2024 9:26:00 PM,2126,False,,,True
2320819,9340-2024-00693,1,False,9340,2/11/2024 8:40:00 PM,2040,681,1368.0,4313.0,San Jose,43.0,True,True,C,REAR END,,Sunday,NotApplicable,False,M,,False,True,False,SANTA CLARA SUPERIOR COURT HALL OF JUSTICE,C,OTHER MOTOR VEHICLE,,1.0,0.0,CLEAR,, NO UNUSUAL CONDITIONS,, ,D,DARK-NO STREET LIGHTS,37.347585,-121.841484,,,,,A,NO PEDESTRIANS INVOLVED,2/11/2024 8:40:00 PM,A,VC 22350,False,1.0,I-680 S/B,,,2/22/2024 3:28:48 PM,A,N,2050.0,KING RD,F,,D,2/22/2024 3:29:02 PM,2/22/2024 3:29:02 PM,False,True,4,,2/11/2024 8:45:00 PM,2045,False,,,True
2320584,9340-2024-00751,1,False,9340,2/14/2024 5:45:00 PM,1745,281,1368.0,4313.0,San Jose,43.0,True,True,C,REAR END,,Wednesday,NotApplicable,False,,,False,True,False,SANTA CLARA SUPERIOR COURT HALL OF JUSTICE,C,OTHER MOTOR VEHICLE,,0.0,0.0,CLOUDY,, NO UNUSUAL CONDITIONS,, ,C,DARK-STREET LIGHTS,37.325851,-121.883381,,,,,A,NO PEDESTRIANS INVOLVED,2/14/2024 5:45:00 PM,A,VC 22350,False,1.0,I-280 S/B,,,2/22/2024 12:31:44 PM,B,N,75.0,FIRST STREET,F,,D,2/22/2024 12:31:58 PM,2/22/2024 12:31:58 PM,False,True,4,,2/14/2024 5:50:00 PM,1750,False,,,True
2320392,9340-2024-00739,1,False,9340,2/14/2024 3:50:00 PM,1550,088,1368.0,4313.0,San Jose,43.0,True,True,B,SIDE SWIPE,,Wednesday,NotApplicable,False,,,False,True,False,SANTA CLARA SUPERIOR COURT HALL OF JUSTICE,C,OTHER MOTOR VEHICLE,,0.0,0.0,CLOUDY,, NO UNUSUAL CONDITIONS,, ,A,DAYLIGHT,37.357856,-121.907865,,,,,A,NO PEDESTRIANS INVOLVED,2/14/2024 3:50:00 PM,A,VC 21658(A),False,1.0,I-880 S/B,,,2/22/2024 9:51:30 AM,A,S,260.0,FIRST ST,F,,D,2/22/2024 9:51:42 AM,2/22/2024 9:51:42 AM,False,True,4,,2/14/2024 3:55:00 PM,1555,False,,,True
2319641,9340-2024-00718,1,False,9340,2/13/2024 3:30:00 PM,1530,088,1368.0,4313.0,San Jose,43.0,True,True,C,REAR END,,Tuesday,Yes,False,,,False,True,True,SANTA CLARA SUPERIOR COURT HALL OF JUSTICE,C,OTHER MOTOR VEHICLE,,2.0,0.0,CLEAR,, NO UNUSUAL CONDITIONS,, ,A,DAYLIGHT,37.339995,-121.929268,,,,,A,NO PEDESTRIANS INVOLVED,2/13/2024 3:30:00 PM,A,VC 22350,False,1.0,I-880 N/B,,,2/21/2024 2:58:40 PM,A,N,449.0,PARK AVENUE,F,,D,2/21/2024 3:00:46 PM,2/21/2024 3:00:46 PM,False,True,4,,2/13/2024 3:32:00 PM,1532,True,EMBEDDED,,True
2319634,9340-2024-00707,1,False,9340,2/12/2024 10:10:00 PM,2210,085,1368.0,4313.0,San Jose,43.0,True,True,B,SIDE SWIPE,,Monday,NotApplicable,False,M,,False,True,False,SANTA CLARA SUPERIOR COURT HALL OF JUSTICE,C,OTHER MOTOR VEHICLE,,0.0,0.0,CLOUDY,, NO UNUSUAL CONDITIONS,, ,C,DARK-STREET LIGHTS,37.299619,-122.031196,,,,,A,NO PEDESTRIANS INVOLVED,2/12/2024 10:10:00 PM,A,VC 22107,False,1.0,SR-85 S/B FROM DE ANZA BLVD,,,2/21/2024 2:52:24 PM,A,S,334.0,DE ANZA BLVD,F,,D,2/21/2024 2:52:33 PM,2/21/2024 2:52:33 PM,False,True,4,,2/12/2024 10:30:00 PM,2230,False,,,True
2319624,9340-2024-00680,2,False,9340,2/11/2024 12:10:00 AM,10,088,1368.0,4313.0,San Jose,43.0,True,True,E,HIT OBJECT,,Sunday,Yes,False,,,False,True,True,SANTA CLARA SUPERIOR COURT HALL OF JUSTICE,J,OTHER OBJECT,METAL/WOOD POST GUARDRAIL,1.0,0.0,CLEAR,, NO UNUSUAL CONDITIONS,, ,D,DARK-NO STREET LIGHTS,37.337241,-121.933036,,,,,A,NO PEDESTRIANS INVOLVED,2/11/2024 12:10:00 AM,A,VC 23152(a),True,1.0,I-880 S/B,,,2/21/2024 2:49:10 PM,A,S,1016.0,PARK AVE,F,,D,2/21/2024 2:49:23 PM,2/21/2024 2:49:51 PM,False,True,4,,2/11/2024 12:13:00 AM,0013,False,,,True
2319524,9340-2024-00667,1,False,9340,2/10/2024 12:31:00 PM,1231,087,1368.0,4313.0,San Jose,43.0,True,True,C,REAR END,,Saturday,NotApplicable,False,,,False,True,False,SANTA CLARA SUPERIOR COURT HALL OF JUSTICE,C,OTHER MOTOR VEHICLE,,0.0,0.0,CLEAR,, NO UNUSUAL CONDITIONS,, ,A,DAYLIGHT,37.316659,-121.888757,,,,,A,NO PEDESTRIANS INVOLVED,2/10/2024 12:31:00 PM,A,VC 22350,False,1.0,SR-87 N/B,,,2/21/2024 1:30:25 PM,A,N,489.0,WILLOW ST.,F,,D,2/21/2024 1:30:34 PM,2/21/2024 1:30:34 PM,False,True,4,,2/10/2024 12:35:00 PM,1235,False,,False,True
2319515,9340-2024-00650,1,False,9340,2/9/2024 2:20:00 PM,1420,681,1368.0,4313.0,San Jose,43.0,True,True,F,OVERTURNED,,Friday,NotApplicable,False,,,False,True,True,SANTA CLARA SUPERIOR COURT HALL OF JUSTICE,A,NON-COLLISION,,0.0,0.0,CLEAR,, NO UNUSUAL CONDITIONS,, ,A,DAYLIGHT,37.384325,-121.864424,,,,,A,NO PEDESTRIANS INVOLVED,2/9/2024 2:20:00 PM,A,VC 22107,False,1.0,I-680 S/B TO BERRYESSA RD W/B,,,2/21/2024 1:21:58 PM,A,N,250.0,BERRYESSA RD,F,,D,2/21/2024 1:22:07 PM,2/21/2024 1:22:07 PM,False,True,4,False,2/9/2024 2:25:00 PM,1425,False,,,
2339721,9340-2024-01191,1,False,9340,3/11/2024 5:20:00 PM,1720,120,1368.0,4313.0,San Jose,43.0,True,True,C,REAR END,,Monday,NotApplicable,False,,,False,True,False,SANTA CLARA SUPERIOR COURT HALL OF JUSTICE,C,OTHER MOTOR VEHICLE,,0.0,0.0,CLEAR,, NO UNUSUAL CONDITIONS,, ,A,DAYLIGHT,37.363294,-121.89538,,,,,A,NO PEDESTRIANS INVOLVED,3/11/2024 5:20:00 PM,A,VC 22350,False,1.0,US-101 S/B,,,3/15/2024 3:31:54 PM,A,S,657.0,N. TENTH ST.,F,,D,3/15/2024 3:31:57 PM,3/15/2024 3:31:57 PM,False,True,4,,3/11/2024 5:35:00 PM,1735,False,,,True
2339712,9340-2024-01182,1,False,9340,3/11/2024 3:35:00 PM,1535,120,1368.0,4313.0,San Jose,43.0,True,True,C,REAR END,,Monday,NotApplicable,False,,,False,True,False,SANTA CLARA SUPERIOR COURT HALL OF JUSTICE,C,OTHER MOTOR VEHICLE,,0.0,0.0,CLEAR,, NO UNUSUAL CONDITIONS,, ,A,DAYLIGHT,37.38187,-121.96369,,,,,A,NO PEDESTRIANS INVOLVED,3/11/2024 3:35:00 PM,A,VC 22350,False,1.0,US-101 S/B ,,,3/15/2024 3:19:01 PM,A,S,35.0,MONTAGUE EXPY.,F,,D,3/15/2024 3:19:03 PM,3/15/2024 3:19:03 PM,False,True,4,,3/11/2024 3:36:00 PM,1536,False,,,True
2339576,9340-2024-01164,1,False,9340,3/10/2024 1:45:00 PM,1345,088,1368.0,4313.0,San Jose,43.0,True,True,C,REAR END,,Sunday,NotApplicable,False,,,False,True,False,SANTA CLARA SUPERIOR COURT HALL OF JUSTICE,C,OTHER MOTOR VEHICLE,,0.0,0.0,CLEAR,, NO UNUSUAL CONDITIONS,, ,A,DAYLIGHT,37.334014,-121.93588,,,,,A,NO PEDESTRIANS INVOLVED,3/10/2024 1:45:00 PM,A,VC 22350,False,1.0,I-880 N/B TO BASCOM AVE. N/B,,,3/15/2024 12:51:32 PM,A,N,25.0,BASCOM AVE,F,,D,3/15/2024 12:51:35 PM,3/15/2024 12:51:35 PM,False,True,4,,3/10/2024 2:05:00 PM,1405,False,,,True
2339475,9340-2024-01162,1,False,9340,3/9/2024 7:26:00 PM,1926,281,1368.0,4313.0,San Jose,43.0,True,True,C,REAR END,,Saturday,NotApplicable,False,M,,False,True,False,SANTA CLARA SUPERIOR COURT HALL OF JUSTICE,C,OTHER MOTOR VEHICLE,,0.0,0.0,CLEAR,, NO UNUSUAL CONDITIONS,, ,D,DARK-NO STREET LIGHTS,37.32569,-121.884017,,,,,A,NO PEDESTRIANS INVOLVED,3/9/2024 7:26:00 PM,A,VC 22350,False,1.0,I-280 S/B,,,3/15/2024 11:22:22 AM,A,N,200.0,FIRST ST,F,,D,3/15/2024 11:22:26 AM,3/15/2024 11:22:26 AM,False,True,4,,3/9/2024 7:39:00 PM,1939,False,,,
2339283,9340-2024-01139,1,False,9340,3/8/2024 11:40:00 AM,1140,282,1368.0,4313.0,San Jose,43.0,True,True,C,REAR END,,Friday,NotApplicable,False,,,False,True,True,SANTA CLARA SUPERIOR COURT HALL OF JUSTICE,C,OTHER MOTOR VEHICLE,,0.0,0.0,CLEAR,, NO UNUSUAL CONDITIONS,, ,A,DAYLIGHT,37.318711,-121.991827,,,,,A,NO PEDESTRIANS INVOLVED,3/8/2024 11:40:00 AM,A,VC 22350,False,1.0,I-280 S/B,,,3/15/2024 8:52:05 AM,A,S,1247.0,LAWRENCE EXPRESSWAY,F,,D,3/15/2024 8:52:09 AM,3/15/2024 8:52:09 AM,False,True,4,,3/8/2024 11:44:00 AM,1144,True,EMBEDDED,,True
2339279,9340-2024-01086,1,False,9340,3/5/2024 7:48:00 AM,748,172,1368.0,4313.0,San Jose,43.0,True,True,B,SIDE SWIPE,,Tuesday,NotApplicable,False,,,False,True,False,SANTA CLARA SUPERIOR COURT HALL OF JUSTICE,C,OTHER MOTOR VEHICLE,,0.0,0.0,CLOUDY,, NO UNUSUAL CONDITIONS,, ,A,DAYLIGHT,37.312822,-121.940468,,,,,A,NO PEDESTRIANS INVOLVED,3/5/2024 7:48:00 AM,A,VC 21658(A),False,1.0,SR-17 N/B ,,,3/15/2024 8:48:57 AM,A,S,1576.0,I-280,F,,D,3/15/2024 8:49:03 AM,3/15/2024 8:49:03 AM,False,True,4,False,3/5/2024 8:00:00 AM,0800,False,,,True
2339268,9340-2023-05594,1,False,9340,2/14/2024 7:10:00 AM,710,681,1368.0,4313.0,San Jose,43.0,True,True,B,SIDE SWIPE,,Wednesday,NotApplicable,False,,,False,True,False,SANTA CLARA SUPERIOR COURT HALL OF JUSTICE,C,OTHER MOTOR VEHICLE,,0.0,0.0,CLEAR,, NO UNUSUAL CONDITIONS,, ,A,DAYLIGHT,37.348402,-121.840467,,,,,A,NO PEDESTRIANS INVOLVED,2/14/2024 7:10:00 AM,D,,,,I-680 S/B,,,3/15/2024 8:34:19 AM,A,N,2513.0,KING RD,F,,D,3/15/2024 8:34:22 AM,3/15/2024 8:34:22 AM,False,True,4,,2/14/2024 7:12:00 AM,0712,False,,,True
2339239,9340-2024-00918,1,False,9340,2/25/2024 3:40:00 AM,340,240,1368.0,4313.0,San Jose,43.0,True,True,E,HIT OBJECT,,Sunday,Yes,False,,,False,True,False,SANTA CLARA SUPERIOR COURT HALL OF JUSTICE,I,FIXED OBJECT,TREE,0.0,0.0,CLEAR,, NO UNUSUAL CONDITIONS,, ,D,DARK-NO STREET LIGHTS,37.419442,-121.958514,,,,,A,NO PEDESTRIANS INVOLVED,2/25/2024 3:40:00 AM,A,VC 23152(A),True,1.0,SR-237 W/B,,,3/15/2024 7:55:55 AM,A,E,257.0,FIRST STREET,F,,D,3/15/2024 7:55:57 AM,3/15/2024 7:55:57 AM,False,True,4,,2/25/2024 3:44:00 AM,0344,False,,,False
2339214,9340-2024-01146,1,False,9340,3/8/2024 6:30:00 PM,1830,083,1368.0,4313.0,San Jose,43.0,True,True,B,SIDE SWIPE,,Friday,NotApplicable,False,,,False,True,False,SANTA CLARA SUPERIOR COURT HALL OF JUSTICE,C,OTHER MOTOR VEHICLE,,0.0,0.0,CLEAR,, NO UNUSUAL CONDITIONS,, ,C,DARK-STREET LIGHTS,37.254333,-121.877227,,,,,A,NO PEDESTRIANS INVOLVED,3/8/2024 6:30:00 PM,A,VC 22107,False,,SR-85 S/B TO ALMADEN EXPRESSWAY,,,3/15/2024 7:29:34 AM,A,N,357.0,ALMADEN EXPRESSWAY,F,,A,3/15/2024 7:29:36 AM,3/15/2024 7:29:36 AM,False,True,4,,3/8/2024 6:35:00 PM,1835,False,,,True
2339207,9340-2024-01097,1,False,9340,3/6/2024 5:20:00 AM,520,110,1368.0,4313.0,San Jose,43.0,True,True,C,REAR END,,Wednesday,NotApplicable,False,M,,False,True,False,SANTA CLARA SUPERIOR COURT HALL OF JUSTICE,C,OTHER MOTOR VEHICLE,,0.0,0.0,CLOUDY,, NO UNUSUAL CONDITIONS,, ,C,DARK-STREET LIGHTS,37.316731,-121.830011,,,,,A,NO PEDESTRIANS INVOLVED,3/6/2024 5:20:00 AM,A,VC 22350,False,1.0,US-101 S/B,,,3/15/2024 7:24:14 AM,B,S,700.0,TULLY RD,F,,D,3/15/2024 7:24:16 AM,3/15/2024 7:24:16 AM,False,True,4,,3/6/2024 5:22:00 AM,0522,False,,,True
2338699,9340-2024-00510,1,False,9340,2/2/2024 7:30:00 AM,730,087,1368.0,4313.0,San Jose,43.0,True,True,B,SIDE SWIPE,,Friday,NotApplicable,False,,,False,True,False,SANTA CLARA SUPERIOR COURT HALL OF JUSTICE,C,OTHER MOTOR VEHICLE,,0.0,0.0,CLOUDY,RAINING, NO UNUSUAL CONDITIONS,, ,B,DUSK-DAWN,37.28215,-121.86575,,,,,A,NO PEDESTRIANS INVOLVED,2/2/2024 7:30:00 AM,A,VC 22350,False,1.0,SR-87 N/B,,,3/14/2024 4:05:05 PM,B,N,400.0,HILLSDALE AVE,F,,D,3/14/2024 4:05:09 PM,3/14/2024 4:05:09 PM,False,True,4,,2/2/2024 7:47:00 AM,0747,False,,,True