Collision Id,	Report Number,	Report Version,	Is Preliminary,	NCIC Code,Crash Date Time,	Crash Time Description,	Beat,City Id,	City Code,	City Name,County Code,	City Is Active,	City Is Incorporated,	Collision Type Code,Collision Type Description,	Collision Type Other Desc,	Day Of Week,	DispatchNotified,	HasPhotographs,	HitRun,	IsAttachmentsMailed,	IsDeleted,	IsHighwayRelated,	IsTowAway,	JudicialDistrict,	MotorVehicleInvolvedWithCode,	MotorVehicleInvolvedWithDesc,MotorVehicleInvolvedWithOtherDesc,	NumberInjured,	NumberKilled,Weather 1, Weather 2, Road Condition 1, Road Condition 2, Special Condition,LightingCode, LightingDescription,Latitude,Longitude,MilepostDirection,MilepostDistance,MilepostMarker,MilepostUnitOfMeasure,	PedestrianActionCode,PedestrianActionDesc,PreparedDate,	Primary Collision Factor Code,Primary Collision Factor Violation,PrimaryCollisionFactorIsCited,	PrimaryCollisionPartyNumber,	PrimaryRoad,	ReportingDistrict,	ReportingDistrictCode,ReviewedDate,	RoadwaySurfaceCode,SecondaryDirection,	SecondaryDistance,	SecondaryRoad,	SecondaryUnitOfMeasure,	SketchDesc,	TrafficControlDeviceCode,CreatedDate,	ModifiedDate,IsCountyRoad,IsFreeway,CHP555Version,	IsAdditonalObjectStruck,NotificationDate,	NotificationTimeDescription,	HasDigitalMediaFiles,	EvidenceNumber,	IsLocationReferToNarrative,	IsAOIOneSameAsLocation
2354076,9340-2024-01429,1,False,9340,3/26/2024 6:20:00 AM,620,120,1368.0,4313.0,San Jose,43.0,True,True,C,REAR END,,Tuesday,NotApplicable,False,,,False,True,False,SANTA CLARA SUPERIOR COURT HALL OF JUSTICE,C,OTHER MOTOR VEHICLE,,0.0,0.0,CLOUDY,, NO UNUSUAL CONDITIONS,, ,D,DARK-NO STREET LIGHTS,37.379201,-121.95327,,,,,A,NO PEDESTRIANS INVOLVED,3/26/2024 6:20:00 AM,A,VC 22350,False,1.0,US-101 N/B ,,,4/3/2024 12:01:43 PM,B,N,1460.0,LAFAYETTE ST,F,,D,4/3/2024 12:01:46 PM,4/3/2024 12:01:46 PM,False,True,4,,3/26/2024 6:22:00 AM,0622,False,,,True
2354032,9340-2024-01194,1,False,9340,3/12/2024 1:20:00 PM,1320,901,1368.0,4313.0,San Jose,43.0,True,True,B,SIDE SWIPE,,Tuesday,NotApplicable,False,,,False,False,False,SANTA CLARA SUPERIOR COURT HALL OF JUSTICE,E,PARKED MOTOR VEHICLE,,0.0,0.0,CLOUDY,, NO UNUSUAL CONDITIONS,, School Bus Collision,A,DAYLIGHT,37.24548,-121.901423,,,,,A,NO PEDESTRIANS INVOLVED,3/12/2024 1:20:00 PM,A,VC 22107,False,1.0,JOSEPH LN S/B,,,4/3/2024 11:14:59 AM,A,S,34.0,TOBIAS DR,F,,A,4/3/2024 11:15:07 AM,4/3/2024 11:15:07 AM,True,False,4,,3/12/2024 1:31:00 PM,1331,False,,,True
2353950,9340-2024-01360,1,False,9340,3/22/2024 4:30:00 PM,1630,089,1368.0,4313.0,San Jose,43.0,True,True,B,SIDE SWIPE,,Friday,NotApplicable,False,,,False,True,False,SANTA CLARA SUPERIOR COURT HALL OF JUSTICE,C,OTHER MOTOR VEHICLE,,0.0,0.0,CLOUDY,, NO UNUSUAL CONDITIONS,, ,A,DAYLIGHT,37.3678,-121.901318,,,,,A,NO PEDESTRIANS INVOLVED,3/22/2024 4:30:00 PM,A,VC 21658(a),False,1.0,I-880 S/B FROM OLD BAYSHORE HWY,,,4/3/2024 10:18:11 AM,A,N,132.0,OLD BAYSHORE HIGHWAY,F,,D,4/3/2024 10:18:20 AM,4/3/2024 10:18:20 AM,False,True,4,,3/22/2024 4:31:00 PM,1631,False,,,True
2353939,9340-2024-01355,1,False,9340,3/22/2024 3:55:00 PM,1555,110,1368.0,4313.0,San Jose,43.0,True,True,B,SIDE SWIPE,,Friday,NotApplicable,False,M,,False,True,True,SANTA CLARA SUPERIOR COURT HALL OF JUSTICE,C,OTHER MOTOR VEHICLE,,0.0,0.0,CLEAR,, NO UNUSUAL CONDITIONS,, ,A,DAYLIGHT,37.362097,-121.881718,,,,,A,NO PEDESTRIANS INVOLVED,3/22/2024 3:55:00 PM,A,VC 21658(A),False,1.0,US-101 N/B,,,4/3/2024 10:13:19 AM,A,S,2820.0,OAKLAND ROAD,F,,D,4/3/2024 10:13:26 AM,4/3/2024 10:13:26 AM,False,True,4,,3/22/2024 4:00:00 PM,1600,False,,,True
2353875,9340-2024-01356,1,False,9340,3/22/2024 4:10:00 PM,1610,089,1368.0,4313.0,San Jose,43.0,True,True,B,SIDE SWIPE,,Friday,NotApplicable,False,,,False,True,False,SANTA CLARA SUPERIOR COURT HALL OF JUSTICE,C,OTHER MOTOR VEHICLE,,0.0,0.0,CLOUDY,, NO UNUSUAL CONDITIONS,, ,A,DAYLIGHT,37.385098,-121.904938,,,,,A,NO PEDESTRIANS INVOLVED,3/22/2024 4:10:00 PM,A,VC 22107,False,1.0,I-880 N/B,,,4/3/2024 9:42:47 AM,A,N,1000.0,BROKAW RD,F,,D,4/3/2024 9:42:57 AM,4/3/2024 9:42:57 AM,False,True,4,,3/22/2024 4:30:00 PM,1630,False,,,True
2353844,9340-2024-01415,1,False,9340,3/25/2024 7:30:00 AM,730,110,1368.0,4313.0,San Jose,43.0,True,True,C,REAR END,,Monday,NotApplicable,False,,,False,True,False,SANTA CLARA SUPERIOR COURT HALL OF JUSTICE,C,OTHER MOTOR VEHICLE,,1.0,0.0,CLOUDY,, NO UNUSUAL CONDITIONS,, ,A,DAYLIGHT,37.314033,-121.827004,,,,,A,NO PEDESTRIANS INVOLVED,3/25/2024 7:30:00 AM,A,VC 22350,True,1.0,US-101 N/B,,,4/3/2024 9:24:06 AM,A,S,2000.0,TULLY RD.,F,,D,4/3/2024 9:24:10 AM,4/3/2024 9:24:10 AM,False,True,4,,3/25/2024 7:37:00 AM,0737,False,,,True
2353836,9340-2024-01364,1,False,9340,3/22/2024 3:00:00 PM,1500,281,1368.0,4313.0,San Jose,43.0,True,True,B,SIDE SWIPE,,Friday,NotApplicable,False,,,False,True,False,SANTA CLARA SUPERIOR COURT HALL OF JUSTICE,C,OTHER MOTOR VEHICLE,,0.0,0.0,CLEAR,, NO UNUSUAL CONDITIONS,, ,A,DAYLIGHT,37.324671,-121.887301,,,,,A,NO PEDESTRIANS INVOLVED,3/22/2024 3:00:00 PM,A,VC 22107,False,1.0,I-280 S/B,,,4/3/2024 9:21:00 AM,A,N,1385.0,SR-87,F,,D,4/3/2024 9:21:12 AM,4/3/2024 9:21:12 AM,False,True,4,,3/22/2024 3:05:00 PM,1505,False,,,True
2353819,9340-2024-01352,1,False,9340,3/22/2024 7:12:00 AM,712,681,1368.0,4313.0,San Jose,43.0,True,True,D,BROADSIDE,,Friday,NotApplicable,False,,,False,False,False,SANTA CLARA SUPERIOR COURT HALL OF JUSTICE,C,OTHER MOTOR VEHICLE,,0.0,0.0,CLEAR,, NO UNUSUAL CONDITIONS,, School Bus Collision,A,DAYLIGHT,37.35013,-121.846613,,,,,A,NO PEDESTRIANS INVOLVED,3/22/2024 7:12:00 AM,A,VC 22106,True,1.0,401 OAKLAND AVE.,,,4/3/2024 9:12:07 AM,A,N,225.0,KAMMERER AVE.,F,,A,4/3/2024 9:12:23 AM,4/3/2024 9:12:23 AM,True,False,4,,3/22/2024 7:18:00 AM,0718,False,,,True
2353633,9340-2024-01391,1,False,9340,3/23/2024 5:50:00 PM,1750,281,1368.0,4313.0,San Jose,43.0,True,True,B,SIDE SWIPE,,Saturday,NotApplicable,False,,,False,True,False,SANTA CLARA SUPERIOR COURT HALL OF JUSTICE,C,OTHER MOTOR VEHICLE,,0.0,0.0,CLOUDY,, NO UNUSUAL CONDITIONS,, ,A,DAYLIGHT,37.32507,-121.887252,,,,,A,NO PEDESTRIANS INVOLVED,3/23/2024 5:50:00 PM,A,VC 22107,False,1.0,I-280 S/B TO SR-87 SB / NB,,,4/3/2024 7:11:50 AM,A,N,1420.0,SR-87,F,,D,4/3/2024 7:11:51 AM,4/3/2024 7:11:51 AM,False,True,4,False,3/23/2024 5:55:00 PM,1755,False,,,True
2353176,9340-2024-01340,1,False,9340,3/21/2024 4:18:00 PM,1618,110,1368.0,4313.0,San Jose,43.0,True,True,B,SIDE SWIPE,,Thursday,Yes,False,,,False,True,True,SANTA CLARA SUPERIOR COURT HALL OF JUSTICE,C,OTHER MOTOR VEHICLE,,0.0,0.0,CLEAR,, NO UNUSUAL CONDITIONS,, ,A,DAYLIGHT,37.264604,-121.801422,,,,,A,NO PEDESTRIANS INVOLVED,3/21/2024 4:18:00 PM,A,VC 21658(A),False,1.0,US-101 S/B,,,4/2/2024 7:36:03 PM,A,N,0.55,BLOSSOM HILL RD,M,,D,4/2/2024 7:36:25 PM,4/2/2024 7:36:25 PM,False,True,4,,3/21/2024 4:20:00 PM,1620,False,,,True
2353173,9340-2024-01336,1,False,9340,3/21/2024 9:05:00 AM,905,070,1368.0,4313.0,San Jose,43.0,True,True,D,BROADSIDE,,Thursday,Yes,False,,,False,False,False,SANTA CLARA SUPERIOR COURT HALL OF JUSTICE,C,OTHER MOTOR VEHICLE,,1.0,0.0,CLEAR,, NO UNUSUAL CONDITIONS,, ,A,DAYLIGHT,37.316169,-121.936066,,,,,A,NO PEDESTRIANS INVOLVED,3/21/2024 9:05:00 AM,A,VC 21453(A),False,1.0,MOORPARK AVE,,,4/2/2024 7:31:29 PM,A,,,GINGER LN,,,A,4/2/2024 7:31:52 PM,4/2/2024 7:31:52 PM,False,False,4,,3/21/2024 9:10:00 AM,0910,False,,,
2352986,9340-2024-01337,1,False,9340,3/21/2024 8:00:00 AM,800,281,1368.0,4313.0,San Jose,43.0,True,True,B,SIDE SWIPE,,Thursday,NotApplicable,False,,,False,True,False,SANTA CLARA SUPERIOR COURT HALL OF JUSTICE,C,OTHER MOTOR VEHICLE,,0.0,0.0,CLEAR,, NO UNUSUAL CONDITIONS,, ,A,DAYLIGHT,37.328192,-121.872195,,,,,A,NO PEDESTRIANS INVOLVED,3/21/2024 8:00:00 AM,A,VC 24002(a),False,1.0,I-280 S/B,,,4/2/2024 3:17:52 PM,A,N,400.0,10TH ST,F,,D,4/2/2024 3:18:18 PM,4/2/2024 3:18:18 PM,False,True,4,,3/21/2024 8:05:00 AM,0805,False,,,True
2352979,9340-2024-01253,1,False,9340,3/15/2024 6:00:00 PM,1800,281,1368.0,4313.0,San Jose,43.0,True,True,E,HIT OBJECT,,Friday,Yes,False,,,False,True,False,SANTA CLARA SUPERIOR COURT HALL OF JUSTICE,I,FIXED OBJECT,GUARDRAIL,0.0,0.0,CLEAR,, NO UNUSUAL CONDITIONS,, ,A,DAYLIGHT,37.335934,-121.857547,,,,,A,NO PEDESTRIANS INVOLVED,3/15/2024 6:00:00 PM,A,VC 23152(a),False,1.0,I-280 S/B,,,4/2/2024 3:12:49 PM,A,N,2000.0,MCLAUGHLIN AVENUE,F,,D,4/2/2024 3:13:14 PM,4/2/2024 3:13:14 PM,False,True,4,,3/15/2024 6:10:00 PM,1810,False,,,True
2352831,9340-2024-01359,1,False,9340,3/22/2024 6:35:00 PM,1835,088,1368.0,4313.0,San Jose,43.0,True,True,C,REAR END,,Friday,NotApplicable,False,,,False,True,True,SANTA CLARA SUPERIOR COURT HALL OF JUSTICE,C,OTHER MOTOR VEHICLE,,1.0,0.0,CLEAR,, NO UNUSUAL CONDITIONS,, ,A,DAYLIGHT,37.32813,-121.940949,,,,,A,NO PEDESTRIANS INVOLVED,3/22/2024 6:35:00 PM,A,VC 22350,False,1.0,I-880 S/B,,,4/2/2024 1:44:09 PM,A,N,1730.0,STEVENS CREEK BLVD,F,,D,4/2/2024 1:44:11 PM,4/2/2024 1:44:11 PM,False,True,4,,3/22/2024 6:38:00 PM,1838,False,,,True
2352801,9340-2024-01386,1,False,9340,3/23/2024 4:35:00 PM,1635,282,1368.0,4313.0,San Jose,43.0,True,True,B,SIDE SWIPE,,Saturday,NotApplicable,False,,,False,True,False,SANTA CLARA SUPERIOR COURT HALL OF JUSTICE,C,OTHER MOTOR VEHICLE,,0.0,0.0,CLOUDY,, NO UNUSUAL CONDITIONS,, ,A,DAYLIGHT,37.316433,-121.967687,,,,,A,NO PEDESTRIANS INVOLVED,3/23/2024 4:35:00 PM,A,VC 22107,False,1.0,I-280 N/B,,,4/2/2024 1:21:08 PM,A,N,1000.0,SAN TOMAS EXPY,F,,D,4/2/2024 1:21:11 PM,4/2/2024 1:21:11 PM,False,True,4,,3/23/2024 4:40:00 PM,1640,False,,,True
2352360,9340-2024-01367,1,False,9340,3/22/2024 10:40:00 PM,2240,087,1368.0,4313.0,San Jose,43.0,True,True,B,SIDE SWIPE,,Friday,NotApplicable,False,,,False,True,True,SANTA CLARA SUPERIOR COURT HALL OF JUSTICE,C,OTHER MOTOR VEHICLE,,0.0,0.0,RAINING,, NO UNUSUAL CONDITIONS,, ,D,DARK-NO STREET LIGHTS,37.312742,-121.885784,,,,,A,NO PEDESTRIANS INVOLVED,3/22/2024 10:40:00 PM,A,VC 22350,False,1.0,SR-87 S/B,,,4/2/2024 8:32:45 AM,B,N,1155.0,ALMA AVE,F,,D,4/2/2024 8:32:49 AM,4/2/2024 8:32:49 AM,False,True,4,True,3/22/2024 10:45:00 PM,2245,False,,,True
2352341,9340-2024-01362,1,False,9340,3/22/2024 9:20:00 PM,2120,089,1368.0,4313.0,San Jose,43.0,True,True,B,SIDE SWIPE,,Friday,NotApplicable,False,M,,False,True,True,SANTA CLARA SUPERIOR COURT HALL OF JUSTICE,C,OTHER MOTOR VEHICLE,,0.0,0.0,RAINING,, NO UNUSUAL CONDITIONS,, ,A,DAYLIGHT,37.38199,-121.904547,,,,,A,NO PEDESTRIANS INVOLVED,3/22/2024 9:20:00 PM,A,VC 22107,False,1.0,I-880 S/B,,,4/2/2024 8:23:52 AM,B,S,50.0,BROKAW RD,F,,D,4/2/2024 8:23:54 AM,4/2/2024 8:23:54 AM,False,True,4,,3/22/2024 9:25:00 PM,2125,False,,,True
2352327,9340-2024-01351,1,False,9340,3/22/2024 10:45:00 AM,1045,110,1368.0,4313.0,San Jose,43.0,True,True,E,HIT OBJECT,,Friday,NotApplicable,False,M,,False,True,False,SANTA CLARA SUPERIOR COURT HALL OF JUSTICE,I,FIXED OBJECT,RAISED CURB,0.0,0.0,CLEAR,, NO UNUSUAL CONDITIONS,, ,A,DAYLIGHT,37.27001,-121.80323,,,,,A,NO PEDESTRIANS INVOLVED,3/22/2024 10:45:00 AM,A,VC 22107,False,1.0,US-101 S/B ,,,4/2/2024 8:17:55 AM,A,S,2700.0,COYOTE RD,F,,D,4/2/2024 8:17:59 AM,4/2/2024 8:17:59 AM,False,True,4,,3/22/2024 10:50:00 AM,1050,False,,,True
2351870,9340-2024-01332,1,False,9340,3/20/2024 5:00:00 PM,1700,087,1368.0,4313.0,San Jose,43.0,True,True,B,SIDE SWIPE,,Wednesday,NotApplicable,False,,,False,True,False,SANTA CLARA SUPERIOR COURT HALL OF JUSTICE,C,OTHER MOTOR VEHICLE,,0.0,0.0,CLEAR,, NO UNUSUAL CONDITIONS,, ,A,DAYLIGHT,37.332431,-121.897018,,,,,A,NO PEDESTRIANS INVOLVED,3/20/2024 5:00:00 PM,D,,,,SR-87 S/B,,,4/1/2024 10:09:55 PM,A,S,204.0,SANTA CLARA ST,F,,D,4/1/2024 10:10:12 PM,4/1/2024 10:10:12 PM,False,True,4,,3/20/2024 5:10:00 PM,1710,False,,,True
2351866,9340-2024-01326,3,False,9340,3/20/2024 4:45:00 PM,1645,110,1368.0,4313.0,San Jose,43.0,True,True,C,REAR END,,Wednesday,NotApplicable,False,,,False,True,False,SANTA CLARA SUPERIOR COURT HALL OF JUSTICE,C,OTHER MOTOR VEHICLE,,1.0,0.0,CLEAR,, NO UNUSUAL CONDITIONS,, ,A,DAYLIGHT,37.333396,-121.846209,,,,,A,NO PEDESTRIANS INVOLVED,3/20/2024 4:45:00 PM,A,VC 22350,False,1.0,US-101 S/B,,,11/12/2024 12:57:31 PM,A,S,0.2,STORY RD,M,,D,4/1/2024 9:52:31 PM,11/12/2024 12:57:39 PM,False,True,4,,3/20/2024 5:00:00 PM,1700,False,,,True
2351865,9340-2024-01325,1,False,9340,3/20/2024 4:40:00 PM,1640,120,1368.0,4313.0,San Jose,43.0,True,True,C,REAR END,,Wednesday,NotApplicable,False,,,False,True,False,SANTA CLARA SUPERIOR COURT HALL OF JUSTICE,C,OTHER MOTOR VEHICLE,,0.0,0.0,CLEAR,, NO UNUSUAL CONDITIONS,, ,A,DAYLIGHT,37.362618,-121.891776,,,,,A,NO PEDESTRIANS INVOLVED,3/20/2024 4:40:00 PM,A,VC 22350,False,1.0,US-101 S/B TO OAKLAND ROAD,,,4/1/2024 9:45:07 PM,A,N,45.0,OAKLAND RD.,F,,A,4/1/2024 9:45:22 PM,4/1/2024 9:45:22 PM,False,True,4,,3/20/2024 4:45:00 PM,1645,False,,,True
2351864,9340-2024-01315,1,False,9340,3/20/2024 12:30:00 AM,30,087,1368.0,4313.0,San Jose,43.0,True,True,B,SIDE SWIPE,,Wednesday,NotApplicable,False,M,,False,True,True,SANTA CLARA SUPERIOR COURT HALL OF JUSTICE,C,OTHER MOTOR VEHICLE,,0.0,0.0,CLEAR,, NO UNUSUAL CONDITIONS,, ,D,DARK-NO STREET LIGHTS,37.288096,-121.869993,,,,,A,NO PEDESTRIANS INVOLVED,3/20/2024 12:30:00 AM,A,VC 22107,False,1.0,SR-87 N/B,,,4/1/2024 9:39:06 PM,A,S,650.0,CAROL DR,F,,D,4/1/2024 9:39:26 PM,4/1/2024 9:39:26 PM,False,True,4,,3/20/2024 12:32:00 AM,0032,False,,,False
2351785,9340-2024-01368,1,False,9340,3/23/2024 2:50:00 AM,250,901,1368.0,4313.0,San Jose,43.0,True,True,C,REAR END,,Saturday,Yes,False,,,False,False,True,SANTA CLARA SUPERIOR COURT HALL OF JUSTICE,E,PARKED MOTOR VEHICLE,,2.0,0.0,CLEAR,, NO UNUSUAL CONDITIONS,, On-Duty Emergency Vehicle,C,DARK-STREET LIGHTS,37.336838,-121.878105,,,,,A,NO PEDESTRIANS INVOLVED,3/23/2024 2:50:00 AM,A,VC 23152(A),False,1.0,S 10TH STREET,,,4/1/2024 2:36:01 PM,B,S,246.0,E SAN ANTONIO RD,F,,D,4/1/2024 2:36:05 PM,4/1/2024 2:36:05 PM,True,False,4,True,3/23/2024 3:10:00 AM,0310,False,,,True
2351632,9340-2024-01354,1,False,9340,3/22/2024 6:30:00 AM,630,087,1368.0,4313.0,San Jose,43.0,True,True,E,HIT OBJECT,,Friday,Yes,False,,,False,True,True,SANTA CLARA SUPERIOR COURT HALL OF JUSTICE,I,FIXED OBJECT,RAISED CURB,1.0,0.0,CLEAR,, NO UNUSUAL CONDITIONS,, ,D,DARK-NO STREET LIGHTS,37.300814,-121.876408,,,,,A,NO PEDESTRIANS INVOLVED,3/22/2024 6:30:00 AM,A,VC 23152(a),True,1.0,SR-87 S/B,,,4/1/2024 10:02:40 AM,A,S,272.0,ALMADEN EXPY,F,,D,4/1/2024 10:02:45 AM,4/1/2024 10:02:45 AM,False,True,4,True,3/22/2024 6:32:00 AM,0632,True,EMBEDDED,,True
2351597,9340-2024-01346,1,False,9340,3/21/2024 9:00:00 PM,2100,110,1368.0,4313.0,San Jose,43.0,True,True,C,REAR END,,Thursday,NotApplicable,False,,,False,True,True,SANTA CLARA SUPERIOR COURT HALL OF JUSTICE,C,OTHER MOTOR VEHICLE,,0.0,0.0,CLEAR,, NO UNUSUAL CONDITIONS,, ,D,DARK-NO STREET LIGHTS,37.316053,-121.829592,,,,,A,NO PEDESTRIANS INVOLVED,3/21/2024 9:00:00 PM,A,VC 22107,False,1.0,US-101 S/B FROM TULLY RD E/B,,,4/1/2024 9:24:16 AM,A,S,965.0,TULLY RD,F,,D,4/1/2024 9:24:21 AM,4/1/2024 9:24:21 AM,False,True,4,,3/21/2024 9:05:00 PM,2105,False,,,True
2350675,9340-2024-01357,1,False,9340,3/22/2024 3:50:00 PM,1550,172,1368.0,4313.0,San Jose,43.0,True,True,B,SIDE SWIPE,,Friday,NotApplicable,False,,,False,True,False,SANTA CLARA SUPERIOR COURT HALL OF JUSTICE,C,OTHER MOTOR VEHICLE,,0.0,0.0,CLEAR,, NO UNUSUAL CONDITIONS,, ,A,DAYLIGHT,37.30968,-121.940449,,,,,A,NO PEDESTRIANS INVOLVED,3/22/2024 3:50:00 PM,A,VC 22107,False,1.0,SR-17 N/B,,,3/29/2024 12:54:45 PM,A,S,2300.0,I-280,F,,D,3/29/2024 12:54:49 PM,3/29/2024 12:54:49 PM,False,True,4,,3/22/2024 4:00:00 PM,1600,False,,,True
2350664,9340-2024-01377,1,False,9340,3/22/2024 3:45:00 PM,1545,281,1368.0,4313.0,San Jose,43.0,True,True,B,SIDE SWIPE,,Friday,NotApplicable,False,M,,False,True,False,SANTA CLARA SUPERIOR COURT HALL OF JUSTICE,C,OTHER MOTOR VEHICLE,,0.0,0.0,CLEAR,, NO UNUSUAL CONDITIONS,, ,A,DAYLIGHT,37.325173,-121.886579,,,,,A,NO PEDESTRIANS INVOLVED,3/22/2024 3:45:00 PM,A,VC 22107,False,1.0,I-280 N/B,,,3/29/2024 12:43:56 PM,A,S,50.0,ALMADEN AVE,F,,D,3/29/2024 12:43:59 PM,3/29/2024 12:43:59 PM,False,True,4,,3/22/2024 3:54:00 PM,1554,False,,,True
2350517,9340-2024-01350,1,False,9340,3/22/2024 8:30:00 AM,830,110,1368.0,4313.0,San Jose,43.0,True,True,B,SIDE SWIPE,,Friday,NotApplicable,False,,,False,True,False,SANTA CLARA SUPERIOR COURT HALL OF JUSTICE,C,OTHER MOTOR VEHICLE,,0.0,0.0,CLEAR,, NO UNUSUAL CONDITIONS,, ,A,DAYLIGHT,37.34618,-121.8581,,,,,A,NO PEDESTRIANS INVOLVED,3/22/2024 8:30:00 AM,A,VC 21658(a),False,1.0,US-101 N/B,,,3/29/2024 9:55:04 AM,A,S,120.0,SAN ANTONIO ST,F,,D,3/29/2024 9:55:08 AM,3/29/2024 9:55:08 AM,False,True,4,True,3/22/2024 8:40:00 AM,0840,False,,,True
2350495,9340-2024-01335,1,False,9340,3/21/2024 9:00:00 AM,900,110,1368.0,4313.0,San Jose,43.0,True,True,B,SIDE SWIPE,,Thursday,NotApplicable,False,,,False,True,False,SANTA CLARA SUPERIOR COURT HALL OF JUSTICE,C,OTHER MOTOR VEHICLE,,0.0,0.0,CLEAR,, NO UNUSUAL CONDITIONS,, ,A,DAYLIGHT,37.340038,-121.851947,,,,,A,NO PEDESTRIANS INVOLVED,3/21/2024 9:00:00 AM,A,VC 22107,False,1.0,US-101 N/B FROM I-280 SB / STORY RD,,,3/29/2024 9:31:29 AM,A,N,26.0,I-680 N/B,F,,A,3/29/2024 9:31:33 AM,3/29/2024 9:31:33 AM,False,True,4,,3/21/2024 9:10:00 AM,0910,True,EMBEDDED,,True
2350493,9340-2024-01328,2,False,9340,3/20/2024 7:10:00 PM,1910,681,1368.0,4313.0,San Jose,43.0,True,True,C,REAR END,,Wednesday,NotApplicable,False,M,,False,True,False,SANTA CLARA SUPERIOR COURT HALL OF JUSTICE,C,OTHER MOTOR VEHICLE,,0.0,0.0,CLEAR,, NO UNUSUAL CONDITIONS,, ,B,DUSK-DAWN,37.360069,-121.839741,,,,,A,NO PEDESTRIANS INVOLVED,3/20/2024 7:10:00 PM,A,VC 22350,False,1.0,I-680 N/B TO ALUM ROCK,,,7/2/2024 6:19:38 PM,A,S,15.0,ALUM ROCK AVE,F,,A,3/29/2024 9:28:13 AM,7/2/2024 6:19:40 PM,False,True,4,,3/20/2024 7:15:00 PM,1915,False,,,True
2350488,9340-2024-01334,1,False,9340,3/21/2024 8:50:00 AM,850,110,1368.0,4313.0,San Jose,43.0,True,True,B,SIDE SWIPE,,Thursday,NotApplicable,False,,,False,True,False,SANTA CLARA SUPERIOR COURT HALL OF JUSTICE,C,OTHER MOTOR VEHICLE,,0.0,0.0,CLEAR,, NO UNUSUAL CONDITIONS,, ,A,DAYLIGHT,37.290317,-121.809545,,,,,A,NO PEDESTRIANS INVOLVED,3/21/2024 8:50:00 AM,A,VC 21658(A),False,1.0,US-101 N/B,,,3/29/2024 9:25:29 AM,A,S,1585.0,YERBA BUENA RD,F,,D,3/29/2024 9:25:32 AM,3/29/2024 9:25:32 AM,False,True,4,,3/21/2024 8:55:00 AM,0855,True,EMBEDDED,,True
2373178,9340-2024-01761,1,False,9340,4/14/2024 7:30:00 AM,730,282,1368.0,4313.0,San Jose,43.0,True,True,E,HIT OBJECT,,Sunday,NotApplicable,False,,,False,True,False,SANTA CLARA SUPERIOR COURT HALL OF JUSTICE,I,FIXED OBJECT,RAISED CONCRETE CURB,0.0,0.0,CLOUDY,, NO UNUSUAL CONDITIONS,, ,A,DAYLIGHT,37.317803,-121.975662,,,,,A,NO PEDESTRIANS INVOLVED,4/14/2024 7:30:00 AM,A,VC 22350,True,1.0,I-280 N/B TO SARATOGA AVE W/B,,,4/23/2024 11:54:12 AM,B,N,230.0,SARATOGA AVE,F,,D,4/23/2024 11:54:18 AM,4/23/2024 11:54:18 AM,False,True,4,,4/14/2024 7:56:00 AM,0756,True,EMBEDDED,,False
2373174,9340-2024-01726,1,False,9340,4/12/2024 7:58:00 PM,1958,172,1368.0,4313.0,San Jose,43.0,True,True,C,REAR END,,Friday,Yes,False,,,False,True,True,SANTA CLARA SUPERIOR COURT HALL OF JUSTICE,C,OTHER MOTOR VEHICLE,,2.0,0.0,CLEAR,, NO UNUSUAL CONDITIONS,, ,D,DARK-NO STREET LIGHTS,37.30662,-121.940837,,,,,E,IN ROAD - INCLUDES SHOULDER,4/12/2024 7:58:00 PM,A,VC 22350,False,1.0,SR-17 S/B,,,4/23/2024 11:52:21 AM,A,N,525.0,DOWNING AVENUE PEDESTRIAN CROSSING,F,,D,4/23/2024 11:52:26 AM,4/23/2024 11:52:26 AM,False,True,4,,4/12/2024 7:59:00 PM,1959,False,,,True
2373110,9340-2024-01709,1,False,9340,4/11/2024 5:50:00 PM,1750,087,1368.0,4313.0,San Jose,43.0,True,True,C,REAR END,,Thursday,Yes,False,,,False,True,True,SANTA CLARA SUPERIOR COURT HALL OF JUSTICE,C,OTHER MOTOR VEHICLE,,0.0,0.0,CLEAR,, NO UNUSUAL CONDITIONS,, ,A,DAYLIGHT,37.36784,-121.923639,,,,,A,NO PEDESTRIANS INVOLVED,4/11/2024 5:50:00 PM,A,VC 23152(a),True,1.0,SR-87 S/B,,,4/23/2024 10:56:29 AM,A,S,125.0,AIRPORT PKY,F,,D,4/23/2024 10:56:33 AM,4/23/2024 10:56:33 AM,False,True,4,,4/11/2024 5:55:00 PM,1755,False,,,True
2372819,9340-2024-01706,1,False,9340,4/11/2024 5:53:00 PM,1753,087,1368.0,4313.0,San Jose,43.0,True,True,C,REAR END,,Thursday,NotApplicable,False,,,False,True,False,SANTA CLARA SUPERIOR COURT HALL OF JUSTICE,C,OTHER MOTOR VEHICLE,,2.0,0.0,CLEAR,, NO UNUSUAL CONDITIONS,, ,A,DAYLIGHT,37.319508,-121.890203,,,,,A,NO PEDESTRIANS INVOLVED,4/11/2024 5:53:00 PM,A,VC 22350,False,1.0,SR-87 S/B,,,4/23/2024 8:07:51 AM,A,S,120.0,WEST VIRGINIA ST,F,,D,4/23/2024 8:07:58 AM,4/23/2024 8:07:58 AM,False,True,4,,4/11/2024 5:56:00 PM,1756,False,,,True