Collision Id,	Report Number,	Report Version,	Is Preliminary,	NCIC Code,Crash Date Time,	Crash Time Description,	Beat,City Id,	City Code,	City Name,County Code,	City Is Active,	City Is Incorporated,	Collision Type Code,Collision Type Description,	Collision Type Other Desc,	Day Of Week,	DispatchNotified,	HasPhotographs,	HitRun,	IsAttachmentsMailed,	IsDeleted,	IsHighwayRelated,	IsTowAway,	JudicialDistrict,	MotorVehicleInvolvedWithCode,	MotorVehicleInvolvedWithDesc,MotorVehicleInvolvedWithOtherDesc,	NumberInjured,	NumberKilled,Weather 1, Weather 2, Road Condition 1, Road Condition 2, Special Condition,LightingCode, LightingDescription,Latitude,Longitude,MilepostDirection,MilepostDistance,MilepostMarker,MilepostUnitOfMeasure,	PedestrianActionCode,PedestrianActionDesc,PreparedDate,	Primary Collision Factor Code,Primary Collision Factor Violation,PrimaryCollisionFactorIsCited,	PrimaryCollisionPartyNumber,	PrimaryRoad,	ReportingDistrict,	ReportingDistrictCode,ReviewedDate,	RoadwaySurfaceCode,SecondaryDirection,	SecondaryDistance,	SecondaryRoad,	SecondaryUnitOfMeasure,	SketchDesc,	TrafficControlDeviceCode,CreatedDate,	ModifiedDate,IsCountyRoad,IsFreeway,CHP555Version,	IsAdditonalObjectStruck,NotificationDate,	NotificationTimeDescription,	HasDigitalMediaFiles,	EvidenceNumber,	IsLocationReferToNarrative,	IsAOIOneSameAsLocation
2367579,9340-2024-01628,1,False,9340,4/6/2024 6:05:00 PM,1805,281,1368.0,4313.0,San Jose,43.0,True,True,B,SIDE SWIPE,,Saturday,NotApplicable,False,M,,False,True,False,SANTA CLARA SUPERIOR COURT HALL OF JUSTICE,C,OTHER MOTOR VEHICLE,,0.0,0.0,CLEAR,, NO UNUSUAL CONDITIONS,, ,A,DAYLIGHT,37.333475,-121.861796,,,,,A,NO PEDESTRIANS INVOLVED,4/6/2024 6:05:00 PM,A,VC 22107,False,1.0,I-280 S/B,,,4/18/2024 8:17:01 AM,A,N,1630.0,MCGLAUGHLIN,F,,D,4/18/2024 8:17:13 AM,4/18/2024 8:17:13 AM,False,True,4,,4/6/2024 6:08:00 PM,1808,True,EMBEDDED,,True
2367572,9340-2024-01624,1,False,9340,4/6/2024 3:35:00 PM,1535,681,1368.0,4313.0,San Jose,43.0,True,True,C,REAR END,,Saturday,NotApplicable,False,,,False,True,True,SANTA CLARA SUPERIOR COURT HALL OF JUSTICE,C,OTHER MOTOR VEHICLE,,0.0,0.0,CLEAR,, NO UNUSUAL CONDITIONS,, ,A,DAYLIGHT,37.34347,-121.845959,,,,,A,NO PEDESTRIANS INVOLVED,4/6/2024 3:35:00 PM,A,VC 22350,False,1.0,I-680 N/B,,,4/18/2024 8:14:37 AM,A,N,108.0,KING RD,F,,D,4/18/2024 8:14:44 AM,4/18/2024 8:14:44 AM,False,True,4,,4/6/2024 3:39:00 PM,1539,True,EMBEDDED,,True
2367566,9340-2024-01625,1,False,9340,4/6/2024 1:35:00 PM,1335,110,1368.0,4313.0,San Jose,43.0,True,True,C,REAR END,,Saturday,NotApplicable,False,M,,False,True,False,SANTA CLARA SUPERIOR COURT HALL OF JUSTICE,C,OTHER MOTOR VEHICLE,,0.0,0.0,CLEAR,, NO UNUSUAL CONDITIONS,, ,A,DAYLIGHT,37.29438,-121.810138,,,,,A,NO PEDESTRIANS INVOLVED,4/6/2024 1:35:00 PM,A,VC 22350,False,1.0,US-101 S/B,,,4/18/2024 8:12:23 AM,A,S,25.0,YERBA BUENA RD,F,,D,4/18/2024 8:12:33 AM,4/18/2024 8:12:33 AM,False,True,4,,4/6/2024 1:40:00 PM,1340,False,,,True
2367548,9340-2024-01633,1,False,9340,4/6/2024 11:50:00 PM,2350,281,1368.0,4313.0,San Jose,43.0,True,True,E,HIT OBJECT,,Saturday,Yes,False,,,False,True,False,SANTA CLARA SUPERIOR COURT HALL OF JUSTICE,I,FIXED OBJECT,METAL/WOOD POST GAURDRAIL,0.0,0.0,CLEAR,, NO UNUSUAL CONDITIONS,, ,C,DARK-STREET LIGHTS,37.317772,-121.938168,,,,,A,NO PEDESTRIANS INVOLVED,4/6/2024 11:50:00 PM,A,VC 23152(a),True,1.0,I-280 N/B TO STEVENS CREEK BOULEVARD,,,4/18/2024 7:55:46 AM,A,S,486.0,SR-17,F,,D,4/18/2024 7:55:54 AM,4/18/2024 7:55:54 AM,False,True,4,,4/6/2024 11:53:00 PM,2353,False,,,True
2367481,9340-2024-01614,1,False,9340,4/6/2024 6:40:00 AM,640,281,1368.0,4313.0,San Jose,43.0,True,True,E,HIT OBJECT,,Saturday,Yes,False,,,False,True,True,SANTA CLARA SUPERIOR COURT HALL OF JUSTICE,I,FIXED OBJECT,METAL ATTENUATOR,1.0,0.0,CLEAR,, NO UNUSUAL CONDITIONS,, ,A,DAYLIGHT,37.323661,-121.891637,,,,,A,NO PEDESTRIANS INVOLVED,4/6/2024 6:40:00 AM,A,VC 22107,False,1.0,I-280 S/B TO VINE ST,,,4/18/2024 6:25:23 AM,A,S,17.0,SR-87 N/B,F,,D,4/18/2024 6:25:32 AM,4/18/2024 6:25:32 AM,False,True,4,,4/6/2024 6:45:00 AM,0645,False,,,False
2367132,9340-2024-01602,1,False,9340,4/5/2024 7:40:00 PM,1940,083,1368.0,4313.0,San Jose,43.0,True,True,B,SIDE SWIPE,,Friday,NotApplicable,False,M,,False,True,False,SANTA CLARA SUPERIOR COURT HALL OF JUSTICE,C,OTHER MOTOR VEHICLE,,0.0,0.0,CLEAR,, NO UNUSUAL CONDITIONS,, ,A,DAYLIGHT,37.249106,-121.833885,,,,,A,NO PEDESTRIANS INVOLVED,4/5/2024 7:40:00 PM,A,VC 22107,False,1.0,SR-85 S/B,,,4/17/2024 4:49:29 PM,A,S,911.0,BLOSSOM HILL RD,F,,D,4/17/2024 4:49:36 PM,4/17/2024 4:49:36 PM,False,True,4,,4/5/2024 7:52:00 PM,1952,False,,,True
2367120,9340-2024-01678,2,False,9340,4/9/2024 6:40:00 PM,1840,083,1368.0,4313.0,San Jose,43.0,True,True,C,REAR END,,Tuesday,Yes,False,,,False,True,True,SANTA CLARA SUPERIOR COURT HALL OF JUSTICE,C,OTHER MOTOR VEHICLE,,1.0,0.0,CLEAR,, NO UNUSUAL CONDITIONS,, ,B,DUSK-DAWN,37.255584,-121.867001,,,,,A,NO PEDESTRIANS INVOLVED,4/9/2024 6:40:00 PM,A,VC 22350,False,1.0,SR-85 S/B,,,4/17/2024 4:22:54 PM,A,N,279.0,WINFIELD BLVD,F,,D,4/17/2024 4:25:11 PM,4/17/2024 4:26:27 PM,False,True,4,,4/9/2024 6:45:00 PM,1845,False,,,True
2367110,9340-2024-01674,1,False,9340,4/9/2024 4:00:00 PM,1600,120,1368.0,4313.0,San Jose,43.0,True,True,B,SIDE SWIPE,,Tuesday,NotApplicable,False,,,False,True,False,SANTA CLARA SUPERIOR COURT HALL OF JUSTICE,C,OTHER MOTOR VEHICLE,,0.0,0.0,CLEAR,, CONSTRUCTION-REPAIR ZONE,, ,A,DAYLIGHT,37.37612,-121.93966,,,,,A,NO PEDESTRIANS INVOLVED,4/9/2024 4:00:00 PM,A,VC 22350,False,1.0,US-101 S/B FROM DE LA CRUZ BLVD. ,,,4/17/2024 4:09:39 PM,A,S,682.0,DE LA CRUZ BLVD,F,,D,4/17/2024 4:11:50 PM,4/17/2024 4:11:50 PM,False,True,4,,4/9/2024 4:15:00 PM,1615,False,,,True
2367102,9340-2024-01667,1,False,9340,4/8/2024 3:25:00 PM,1525,087,1368.0,4313.0,San Jose,43.0,True,True,B,SIDE SWIPE,,Monday,NotApplicable,False,,,False,True,False,SANTA CLARA SUPERIOR COURT HALL OF JUSTICE,C,OTHER MOTOR VEHICLE,,0.0,0.0,CLEAR,, NO UNUSUAL CONDITIONS,, ,A,DAYLIGHT,37.329109,-121.89555,,,,,A,NO PEDESTRIANS INVOLVED,4/8/2024 3:25:00 PM,A,VC 21658(A),False,1.0,SR-87 N/B,,,4/17/2024 4:03:43 PM,A,S,20.0,PARK AVENUE,F,,D,4/17/2024 4:03:51 PM,4/17/2024 4:03:51 PM,False,True,4,,4/8/2024 3:30:00 PM,1530,False,,,True
2367096,9340-2024-01666,1,False,9340,4/8/2024 2:20:00 PM,1420,087,1368.0,4313.0,San Jose,43.0,True,True,B,SIDE SWIPE,,Monday,NotApplicable,False,,,False,True,False,SANTA CLARA SUPERIOR COURT HALL OF JUSTICE,C,OTHER MOTOR VEHICLE,,0.0,0.0,CLEAR,, NO UNUSUAL CONDITIONS,, ,A,DAYLIGHT,37.324465,-121.892915,,,,,A,NO PEDESTRIANS INVOLVED,4/8/2024 2:20:00 PM,A,VC 21658(A),False,1.0,SR-87 S/B,,,4/17/2024 4:00:34 PM,A,N,130.0,I-280,F,,D,4/17/2024 4:00:42 PM,4/17/2024 4:00:42 PM,False,True,4,,4/8/2024 2:30:00 PM,1430,False,,,True
2367071,9340-2024-01632,1,False,9340,4/6/2024 5:45:00 PM,1745,087,1368.0,4313.0,San Jose,43.0,True,True,C,REAR END,,Saturday,NotApplicable,False,,,False,True,True,SANTA CLARA SUPERIOR COURT HALL OF JUSTICE,C,OTHER MOTOR VEHICLE,,0.0,0.0,CLEAR,, NO UNUSUAL CONDITIONS,, ,A,DAYLIGHT,37.332365,-121.896782,,,,,A,NO PEDESTRIANS INVOLVED,4/6/2024 5:45:00 PM,A,VC 22350,False,1.0,SR-87 N/B,,,4/17/2024 3:34:05 PM,A,S,260.0,SANTA CLARA STREET,F,,D,4/17/2024 3:36:16 PM,4/17/2024 3:36:16 PM,False,True,4,,4/6/2024 5:50:00 PM,1750,False,,,True
2367039,9340-2024-01672,1,False,9340,4/9/2024 12:20:00 PM,1220,120,1368.0,4313.0,San Jose,43.0,True,True,B,SIDE SWIPE,,Tuesday,NotApplicable,False,,,False,True,False,SANTA CLARA SUPERIOR COURT HALL OF JUSTICE,C,OTHER MOTOR VEHICLE,,0.0,0.0,CLEAR,, NO UNUSUAL CONDITIONS,, ,A,DAYLIGHT,37.375961,-121.938055,,,,,A,NO PEDESTRIANS INVOLVED,4/9/2024 12:20:00 PM,A,VC 22107,False,1.0,US-101 S/B,,,4/17/2024 3:10:45 PM,A,S,920.0,TRIMBLE RD,F,,D,4/17/2024 3:10:48 PM,4/17/2024 3:10:48 PM,False,True,4,,4/9/2024 12:49:00 PM,1249,False,,,True
2367024,9340-2024-01669,1,False,9340,4/8/2024 7:20:00 PM,1920,172,1368.0,4313.0,San Jose,43.0,True,True,E,HIT OBJECT,,Monday,NotApplicable,False,,,False,True,True,SANTA CLARA SUPERIOR COURT HALL OF JUSTICE,I,FIXED OBJECT,DIRT/GRASS EMBANKMENT ,0.0,0.0,CLEAR,, NO UNUSUAL CONDITIONS,, ,A,DAYLIGHT,37.318314,-121.939665,,,,,A,NO PEDESTRIANS INVOLVED,4/8/2024 7:20:00 PM,A,VC 22350,False,1.0,SR-17 N/B TO I-280 N/B,,,4/17/2024 2:59:38 PM,A,S,1603.0,STEVENS CREEK BOULEVARD,F,,D,4/17/2024 2:59:42 PM,4/17/2024 2:59:42 PM,False,True,4,True,4/8/2024 7:30:00 PM,1930,False,,,
2367004,9340-2024-01603,1,False,9340,4/5/2024 2:50:00 PM,1450,901,1368.0,4313.0,San Jose,43.0,True,True,C,REAR END,,Friday,NotApplicable,False,,,False,False,False,SANTA CLARA SUPERIOR COURT HALL OF JUSTICE,C,OTHER MOTOR VEHICLE,,0.0,0.0,CLEAR,, NO UNUSUAL CONDITIONS,, School Bus Collision,A,DAYLIGHT,37.33414,-121.91349,,,,,A,NO PEDESTRIANS INVOLVED,4/5/2024 2:50:00 PM,A,VC 22106,False,1.0,1460 THE ALMEDA (DRIVEWAY),,,4/17/2024 2:45:59 PM,A,E,92.0,LENZEN AVE,F,,D,4/17/2024 2:46:25 PM,4/17/2024 2:46:25 PM,True,False,4,,4/5/2024 3:10:00 PM,1510,False,,,True
2367000,9340-2024-01646,1,False,9340,4/7/2024 9:27:00 PM,2127,681,1368.0,4313.0,San Jose,43.0,True,True,C,REAR END,,Sunday,NotApplicable,False,,,False,True,True,SANTA CLARA SUPERIOR COURT HALL OF JUSTICE,E,PARKED MOTOR VEHICLE,,1.0,0.0,CLEAR,, NO UNUSUAL CONDITIONS,, ,C,DARK-STREET LIGHTS,37.395352,-121.874305,,,,,A,NO PEDESTRIANS INVOLVED,4/7/2024 9:27:00 PM,A,VC 23152(a),True,1.0,I-680 S/B,,,4/17/2024 2:42:27 PM,A,N,42.0,HOSTETTER RD,F,,D,4/17/2024 2:42:30 PM,4/17/2024 2:42:30 PM,False,True,4,,4/7/2024 9:32:00 PM,2132,False,,,True
2366965,9340-2024-01639,1,False,9340,4/5/2024 11:55:00 PM,2355,681,1368.0,4313.0,San Jose,43.0,True,True,C,REAR END,,Friday,NotApplicable,False,M,,False,True,False,SANTA CLARA SUPERIOR COURT HALL OF JUSTICE,C,OTHER MOTOR VEHICLE,,0.0,0.0,CLEAR,, NO UNUSUAL CONDITIONS,, ,C,DARK-STREET LIGHTS,37.412174,-121.880115,,,,,A,NO PEDESTRIANS INVOLVED,4/5/2024 11:55:00 PM,A,VC 22107,False,1.0,I-680 S/B FROM MONTAGUE EXPRESSWAY W/B,,,4/17/2024 2:17:13 PM,A,S,0.14,MONTAGUE EXPRESSWAY,M,,D,4/17/2024 2:17:16 PM,4/17/2024 2:17:16 PM,False,True,4,,4/6/2024 12:00:00 AM,0000,False,,,True
2366944,9340-2024-01615,1,False,9340,4/5/2024 1:40:00 PM,1340,120,1368.0,4313.0,San Jose,43.0,True,True,B,SIDE SWIPE,,Friday,NotApplicable,False,,,False,True,False,SANTA CLARA SUPERIOR COURT HALL OF JUSTICE,C,OTHER MOTOR VEHICLE,,0.0,0.0,CLEAR,, NO UNUSUAL CONDITIONS,, ,A,DAYLIGHT,37.363943,-121.899303,,,,,A,NO PEDESTRIANS INVOLVED,4/5/2024 1:40:00 PM,A,VC 22107,False,1.0,US-101 N/B TO I-880 N/B,,,4/17/2024 2:02:44 PM,A,S,661.0,I-880,F,,D,4/17/2024 2:02:46 PM,4/17/2024 2:02:46 PM,False,True,4,,4/5/2024 1:41:00 PM,1341,True,EMBEDDED,,True
2366915,9340-2024-01579,1,False,9340,4/4/2024 7:00:00 PM,1900,681,1368.0,4313.0,San Jose,43.0,True,True,C,REAR END,,Thursday,NotApplicable,False,M,,False,True,False,SANTA CLARA SUPERIOR COURT HALL OF JUSTICE,C,OTHER MOTOR VEHICLE,,0.0,0.0,RAINING,, NO UNUSUAL CONDITIONS,, ,A,DAYLIGHT,37.33408,-121.84743,,,,,A,NO PEDESTRIANS INVOLVED,4/4/2024 7:00:00 PM,A,VC 22350,False,1.0,I-680 SB/ I-280 SB TO US-101SB,,,4/17/2024 1:41:35 PM,B,S,659.0,STORY RD,F,,D,4/17/2024 1:41:38 PM,4/17/2024 1:41:38 PM,False,True,4,,4/4/2024 7:15:00 PM,1915,False,,,True
2366866,9340-2024-01545,1,False,9340,4/2/2024 3:06:00 PM,1506,281,1368.0,4313.0,San Jose,43.0,True,True,C,REAR END,,Tuesday,NotApplicable,False,,,False,True,False,SANTA CLARA SUPERIOR COURT HALL OF JUSTICE,C,OTHER MOTOR VEHICLE,,1.0,0.0,CLEAR,, NO UNUSUAL CONDITIONS,, ,A,DAYLIGHT,37.31731,-121.93546,,,,,A,NO PEDESTRIANS INVOLVED,4/2/2024 3:06:00 PM,A,VC 22350,False,1.0,I-280 S/B,,,4/17/2024 1:10:34 PM,A,S,132.0,MACARTHUR AVE,F,,D,4/17/2024 1:10:38 PM,4/17/2024 1:10:38 PM,False,True,4,,4/2/2024 3:07:00 PM,1507,False,,,True
2366728,9340-2024-01702,1,False,9340,4/10/2024 7:40:00 AM,740,110,1368.0,4313.0,San Jose,43.0,True,True,C,REAR END,,Wednesday,NotApplicable,False,,,False,True,False,SANTA CLARA SUPERIOR COURT HALL OF JUSTICE,C,OTHER MOTOR VEHICLE,,0.0,0.0,CLEAR,, NO UNUSUAL CONDITIONS,, ,A,DAYLIGHT,37.314065,-121.827026,,,,,A,NO PEDESTRIANS INVOLVED,4/10/2024 7:40:00 AM,A,VC 22350,False,1.0,US-101 N/B,,,4/17/2024 11:39:11 AM,A,S,2000.0,TULLY RD.,F,,D,4/17/2024 11:39:14 AM,4/17/2024 11:39:14 AM,False,True,4,,4/10/2024 7:50:00 AM,0750,False,,,True
2366727,9340-2024-01681,1,False,9340,4/9/2024 5:00:00 PM,1700,110,1368.0,4313.0,San Jose,43.0,True,True,B,SIDE SWIPE,,Tuesday,NotApplicable,False,,,False,True,False,SANTA CLARA SUPERIOR COURT HALL OF JUSTICE,C,OTHER MOTOR VEHICLE,,0.0,0.0,CLEAR,, REDUCED ROADWAY WIDTH,, ,A,DAYLIGHT,37.322366,-121.83561,,,,,A,NO PEDESTRIANS INVOLVED,4/9/2024 5:00:00 PM,A,VC 21658(A),False,1.0,US-101 S/B,,,4/17/2024 11:38:51 AM,A,N,1800.0,TULLY RD,F,,D,4/17/2024 11:38:59 AM,4/17/2024 11:38:59 AM,False,True,4,,4/9/2024 5:30:00 PM,1730,False,,,True
2366598,9340-2024-01601,1,False,9340,4/5/2024 6:10:00 PM,1810,240,1368.0,4313.0,San Jose,43.0,True,True,C,REAR END,,Friday,NotApplicable,False,,,False,True,True,SANTA CLARA SUPERIOR COURT HALL OF JUSTICE,C,OTHER MOTOR VEHICLE,,0.0,0.0,CLEAR,, NO UNUSUAL CONDITIONS,, ,A,DAYLIGHT,37.419307,-121.950013,,,,,A,NO PEDESTRIANS INVOLVED,4/5/2024 6:10:00 PM,A,VC 22350,False,1.0,SR-237 E/B,,,4/17/2024 10:03:12 AM,A,E,0.5,1ST ST,M,,D,4/17/2024 10:03:18 AM,4/17/2024 10:03:18 AM,False,True,4,,4/5/2024 6:20:00 PM,1820,False,,,True
2366594,9340-2024-01684,1,False,9340,4/10/2024 4:25:00 AM,425,172,1368.0,4313.0,San Jose,43.0,True,True,B,SIDE SWIPE,,Wednesday,Yes,False,M,,False,True,False,SANTA CLARA SUPERIOR COURT HALL OF JUSTICE,C,OTHER MOTOR VEHICLE,,1.0,0.0,CLEAR,, NO UNUSUAL CONDITIONS,, ,D,DARK-NO STREET LIGHTS,37.298198,-121.940206,,,,,A,NO PEDESTRIANS INVOLVED,4/10/2024 4:25:00 AM,A,VC 22107,False,1.0,SR-17 N/B,,,4/17/2024 10:01:12 AM,A,N,1455.0,HAMILTON AVE,F,,D,4/17/2024 10:01:17 AM,4/17/2024 10:01:17 AM,False,True,4,,4/10/2024 4:51:00 AM,0451,False,,,True
2366586,9340-2024-01676,1,False,9340,4/9/2024 6:45:00 PM,1845,120,1368.0,4313.0,San Jose,43.0,True,True,C,REAR END,,Tuesday,NotApplicable,False,,,False,True,False,SANTA CLARA SUPERIOR COURT HALL OF JUSTICE,C,OTHER MOTOR VEHICLE,,1.0,0.0,CLEAR,, NO UNUSUAL CONDITIONS,, ,A,DAYLIGHT,37.37982,-121.95684,,,,,A,NO PEDESTRIANS INVOLVED,4/9/2024 6:45:00 PM,A,VC 22350,False,1.0,US-101 S/B,,,4/17/2024 9:55:52 AM,A,S,2100.0,MONTAGUE EXPY,F,,D,4/17/2024 9:55:59 AM,4/17/2024 9:55:59 AM,False,True,4,,4/9/2024 6:46:00 PM,1846,False,,,True
2366544,9340-2024-01653,1,False,9340,4/5/2024 8:45:00 PM,2045,282,1368.0,4313.0,San Jose,43.0,True,True,D,BROADSIDE,,Friday,NotApplicable,False,M,,False,True,False,SANTA CLARA SUPERIOR COURT HALL OF JUSTICE,C,OTHER MOTOR VEHICLE,,1.0,0.0,CLEAR,, NO UNUSUAL CONDITIONS,, ,C,DARK-STREET LIGHTS,37.316551,-121.960213,,,,,A,NO PEDESTRIANS INVOLVED,4/5/2024 8:45:00 PM,A,VC 22107,False,1.0,I-280 N/B,,,4/17/2024 9:27:10 AM,A,S,1095.0,SAN TOMAS EXPY,F,,D,4/17/2024 9:27:17 AM,4/17/2024 9:27:17 AM,False,True,4,,4/5/2024 9:00:00 PM,2100,False,,,True
2366448,9340-2024-01564,1,False,9340,4/3/2024 3:29:00 PM,1529,089,1368.0,4313.0,San Jose,43.0,True,True,C,REAR END,,Wednesday,NotApplicable,False,,,False,True,True,SANTA CLARA SUPERIOR COURT HALL OF JUSTICE,C,OTHER MOTOR VEHICLE,,1.0,0.0,CLOUDY,, NO UNUSUAL CONDITIONS,, ,A,DAYLIGHT,37.38648,-121.90557,,,,,A,NO PEDESTRIANS INVOLVED,4/3/2024 3:29:00 PM,A,VC 22350,False,1.0,I-880 S/B,,,4/17/2024 8:32:05 AM,A,N,1503.0,BROKAW RD,F,,D,4/17/2024 8:32:11 AM,4/17/2024 8:32:11 AM,False,True,4,,4/3/2024 3:30:00 PM,1530,False,,,True
2366404,9340-2024-01605,1,False,9340,4/5/2024 1:25:00 PM,1325,120,1368.0,4313.0,San Jose,43.0,True,True,E,HIT OBJECT,,Friday,NotApplicable,False,,,False,True,False,SANTA CLARA SUPERIOR COURT HALL OF JUSTICE,J,OTHER OBJECT,LADDER,0.0,0.0,CLEAR,, NO UNUSUAL CONDITIONS,, ,A,DAYLIGHT,37.396062,-122.014803,,,,,A,NO PEDESTRIANS INVOLVED,4/5/2024 1:25:00 PM,C,,,,US-101 S/B,,,4/17/2024 8:05:08 AM,B,N,565.0,FAIR OAKS AVE.,F,,D,4/17/2024 8:05:12 AM,4/17/2024 8:05:12 AM,False,True,4,,4/5/2024 1:51:00 PM,1351,False,,,True
2366385,9340-2024-01606,1,False,9340,4/5/2024 11:48:00 AM,1148,120,1368.0,4313.0,San Jose,43.0,True,True,B,SIDE SWIPE,,Friday,Yes,False,,,False,True,True,SANTA CLARA SUPERIOR COURT HALL OF JUSTICE,I,FIXED OBJECT,CONCRETE BARRIER,2.0,0.0,CLEAR,, NO UNUSUAL CONDITIONS,, ,A,DAYLIGHT,37.363541,-121.8975,,,,,A,NO PEDESTRIANS INVOLVED,4/5/2024 11:48:00 AM,A,VC 22107,False,1.0,US-101 S/B,,,4/17/2024 7:49:44 AM,A,S,140.0,NORTH 10TH ST.,F,,D,4/17/2024 7:49:49 AM,4/17/2024 7:49:49 AM,False,True,4,,4/5/2024 12:00:00 PM,1200,True,EMBEDDED,,True
2366381,9340-2024-01595,1,False,9340,4/5/2024 9:00:00 AM,900,083,1368.0,4313.0,San Jose,43.0,True,True,C,REAR END,,Friday,NotApplicable,False,M,,False,True,False,SANTA CLARA SUPERIOR COURT HALL OF JUSTICE,C,OTHER MOTOR VEHICLE,,0.0,0.0,CLEAR,, NO UNUSUAL CONDITIONS,, ,A,DAYLIGHT,37.25484,-121.85923,,,,,A,NO PEDESTRIANS INVOLVED,4/5/2024 9:00:00 AM,A,VC 22350,False,1.0,SR-85 S/B TO SANTA TERESA BLVD.,,,4/17/2024 7:46:57 AM,A,N,20.0,SANTA TERESA BLVD,F,,D,4/17/2024 7:47:00 AM,4/17/2024 7:47:00 AM,False,True,4,,4/5/2024 9:05:00 AM,0905,False,,,True
2365838,9340-2024-01679,1,False,9340,4/9/2024 5:25:00 PM,1725,282,1368.0,4313.0,San Jose,43.0,True,True,C,REAR END,,Tuesday,NotApplicable,False,,,False,True,False,SANTA CLARA SUPERIOR COURT HALL OF JUSTICE,C,OTHER MOTOR VEHICLE,,0.0,0.0,CLEAR,, NO UNUSUAL CONDITIONS,, ,A,DAYLIGHT,37.316614,-121.965447,,,,,A,NO PEDESTRIANS INVOLVED,4/9/2024 5:25:00 PM,A,VC 22350,False,1.0,I-280 N/B,,,4/16/2024 3:14:21 PM,A,N,350.0,SAN TOMAS EXPY,F,,D,4/16/2024 3:14:27 PM,4/16/2024 3:14:27 PM,False,True,4,,4/9/2024 5:30:00 PM,1730,False,,,True
2365695,9340-2024-01665,1,False,9340,4/8/2024 2:45:00 PM,1445,281,1368.0,4313.0,San Jose,43.0,True,True,B,SIDE SWIPE,,Monday,NotApplicable,False,,,False,True,False,SANTA CLARA SUPERIOR COURT HALL OF JUSTICE,C,OTHER MOTOR VEHICLE,,0.0,0.0,CLEAR,, NO UNUSUAL CONDITIONS,, ,A,DAYLIGHT,37.315068,-121.913795,,,,,A,NO PEDESTRIANS INVOLVED,4/8/2024 2:45:00 PM,A,VC 21658(A),False,1.0,I-280 N/B,,,4/16/2024 12:57:49 PM,A,N,320.0,MERIDIAN AVE,F,,D,4/16/2024 12:57:55 PM,4/16/2024 12:57:55 PM,False,True,4,,4/8/2024 3:10:00 PM,1510,True,EMBEDDED,,True
2365679,9340-2024-01659,1,False,9340,4/8/2024 8:30:00 AM,830,282,1368.0,4313.0,San Jose,43.0,True,True,B,SIDE SWIPE,,Monday,NotApplicable,False,M,,False,True,False,SANTA CLARA SUPERIOR COURT HALL OF JUSTICE,C,OTHER MOTOR VEHICLE,,0.0,0.0,CLEAR,, NO UNUSUAL CONDITIONS,, ,A,DAYLIGHT,37.316547,-121.967203,,,,,A,NO PEDESTRIANS INVOLVED,4/8/2024 8:30:00 AM,A,VC 21658(A),False,1.0,I-280 N/B,,,4/16/2024 12:44:00 PM,A,S,2219.0,SARATOGA AVE.,F,,D,4/16/2024 12:44:04 PM,4/16/2024 12:44:04 PM,False,True,4,,4/8/2024 8:50:00 AM,0850,False,,,True
2365671,9340-2024-01657,1,False,9340,4/8/2024 8:05:00 AM,805,110,1368.0,4313.0,San Jose,43.0,True,True,C,REAR END,,Monday,NotApplicable,False,,,False,True,False,SANTA CLARA SUPERIOR COURT HALL OF JUSTICE,C,OTHER MOTOR VEHICLE,,0.0,0.0,CLEAR,, NO UNUSUAL CONDITIONS,, ,A,DAYLIGHT,37.337822,-121.855748,,,,,A,NO PEDESTRIANS INVOLVED,4/8/2024 8:05:00 AM,A,VC 22350,False,1.0,US-101 TO I-280 N/B,,,4/16/2024 12:36:39 PM,A,S,650.0,MCLAUGHLIN AVE,F,,D,4/16/2024 12:36:42 PM,4/16/2024 12:36:42 PM,False,True,4,,4/8/2024 8:15:00 AM,0815,False,,,True
2365628,9340-2024-01668,1,False,9340,4/8/2024 7:10:00 AM,710,681,1368.0,4313.0,San Jose,43.0,True,True,C,REAR END,,Monday,NotApplicable,False,,,False,True,True,SANTA CLARA SUPERIOR COURT HALL OF JUSTICE,C,OTHER MOTOR VEHICLE,,2.0,0.0,CLEAR,, NO UNUSUAL CONDITIONS,, ,B,DUSK-DAWN,37.36694,-121.847992,,,,,A,NO PEDESTRIANS INVOLVED,4/8/2024 7:10:00 AM,A,VC 22350,False,1.0,I-680 S/B TO MCKEE RD,,,4/16/2024 12:07:31 PM,A,N,525.0,I-680 S/B,F,,D,4/16/2024 12:07:39 PM,4/16/2024 12:07:39 PM,False,True,4,,4/8/2024 7:15:00 AM,0715,False,,,True