Collision Id,	Report Number,	Report Version,	Is Preliminary,	NCIC Code,Crash Date Time,	Crash Time Description,	Beat,City Id,	City Code,	City Name,County Code,	City Is Active,	City Is Incorporated,	Collision Type Code,Collision Type Description,	Collision Type Other Desc,	Day Of Week,	DispatchNotified,	HasPhotographs,	HitRun,	IsAttachmentsMailed,	IsDeleted,	IsHighwayRelated,	IsTowAway,	JudicialDistrict,	MotorVehicleInvolvedWithCode,	MotorVehicleInvolvedWithDesc,MotorVehicleInvolvedWithOtherDesc,	NumberInjured,	NumberKilled,Weather 1, Weather 2, Road Condition 1, Road Condition 2, Special Condition,LightingCode, LightingDescription,Latitude,Longitude,MilepostDirection,MilepostDistance,MilepostMarker,MilepostUnitOfMeasure,	PedestrianActionCode,PedestrianActionDesc,PreparedDate,	Primary Collision Factor Code,Primary Collision Factor Violation,PrimaryCollisionFactorIsCited,	PrimaryCollisionPartyNumber,	PrimaryRoad,	ReportingDistrict,	ReportingDistrictCode,ReviewedDate,	RoadwaySurfaceCode,SecondaryDirection,	SecondaryDistance,	SecondaryRoad,	SecondaryUnitOfMeasure,	SketchDesc,	TrafficControlDeviceCode,CreatedDate,	ModifiedDate,IsCountyRoad,IsFreeway,CHP555Version,	IsAdditonalObjectStruck,NotificationDate,	NotificationTimeDescription,	HasDigitalMediaFiles,	EvidenceNumber,	IsLocationReferToNarrative,	IsAOIOneSameAsLocation
2396937,9340-2024-02180,2,False,9340,5/12/2024 6:10:00 PM,1810,110,1368.0,4313.0,San Jose,43.0,True,True,C,REAR END,,Sunday,NotApplicable,False,M,,False,True,False,SANTA CLARA SUPERIOR COURT HALL OF JUSTICE,C,OTHER MOTOR VEHICLE,,0.0,0.0,CLEAR,, NO UNUSUAL CONDITIONS,, ,A,DAYLIGHT,37.307646,-121.82082,,,,,A,NO PEDESTRIANS INVOLVED,5/12/2024 6:10:00 PM,A,VC 22350,False,1.0,US-101 N/B,,,6/29/2024 2:54:08 PM,A,N,1955.0,CAPITOL EXPY,F,,D,5/23/2024 8:31:12 AM,6/29/2024 2:54:13 PM,False,True,4,,5/12/2024 6:20:00 PM,1820,False,,,True
2396925,9340-2024-02174,1,False,9340,5/12/2024 4:15:00 PM,1615,070,1368.0,4313.0,San Jose,43.0,True,True,B,SIDE SWIPE,,Sunday,NotApplicable,False,,,False,False,False,SANTA CLARA SUPERIOR COURT HALL OF JUSTICE,C,OTHER MOTOR VEHICLE,,0.0,0.0,CLEAR,, NO UNUSUAL CONDITIONS,, ,A,DAYLIGHT,37.31651,-121.932,,,,,A,NO PEDESTRIANS INVOLVED,5/12/2024 4:15:00 PM,A,VC 21658(A),False,2.0,BASCOM AVE S/B,,,5/23/2024 8:22:03 AM,A,N,99.0,MOORPARK AVE,F,,A,5/23/2024 8:22:11 AM,5/23/2024 8:22:11 AM,False,False,4,,5/12/2024 4:20:00 PM,1620,False,,,True
2396751,9340-2024-02171,1,False,9340,5/12/2024 12:06:00 AM,6,281,1368.0,4313.0,San Jose,43.0,True,True,E,HIT OBJECT,,Sunday,Yes,False,,,False,True,False,SANTA CLARA SUPERIOR COURT HALL OF JUSTICE,I,FIXED OBJECT,CONCRETE BARRIER,0.0,0.0,CLEAR,, NO UNUSUAL CONDITIONS,, ,D,DARK-NO STREET LIGHTS,37.317835,-121.939706,,,,,A,NO PEDESTRIANS INVOLVED,5/12/2024 12:06:00 AM,A,VC 22350,False,1.0,I-280 N/B TO SR-17 S/B,,,5/23/2024 5:05:08 AM,A,S,113.0,I-880,F,,D,5/23/2024 5:05:10 AM,5/23/2024 5:05:10 AM,False,True,4,,5/12/2024 12:06:00 AM,0006,False,,,True
2396748,9340-2024-02164,1,False,9340,5/11/2024 1:40:00 PM,1340,172,1368.0,4313.0,San Jose,43.0,True,True,E,HIT OBJECT,,Saturday,Yes,False,,,False,True,True,SANTA CLARA SUPERIOR COURT HALL OF JUSTICE,I,FIXED OBJECT,CONCRETE BARRIER,1.0,0.0,CLEAR,, NO UNUSUAL CONDITIONS,, ,A,DAYLIGHT,37.285996,-121.93725,,,,,A,NO PEDESTRIANS INVOLVED,5/11/2024 1:40:00 PM,A,VC 22107,False,1.0,SR-17 N/B,,,5/23/2024 4:44:38 AM,A,S,380.0,CAMPBELL AVE,F,,D,5/23/2024 4:44:41 AM,5/23/2024 4:44:41 AM,False,True,4,,5/11/2024 1:45:00 PM,1345,False,,,False
2396746,9340-2024-02255,1,False,9340,5/11/2024 2:40:00 AM,240,087,1368.0,4313.0,San Jose,43.0,True,True,E,HIT OBJECT,,Saturday,No,False,,,False,True,False,SANTA CLARA SUPERIOR COURT HALL OF JUSTICE,I,FIXED OBJECT,METAL GUARD RAIL,0.0,0.0,CLEAR,, NO UNUSUAL CONDITIONS,, ,D,DARK-NO STREET LIGHTS,37.292946,-121.872745,,,,,A,NO PEDESTRIANS INVOLVED,5/11/2024 2:40:00 AM,A,VC 22350,False,1.0,SR-87 S/B FROM CURTNER AVE,,,5/23/2024 4:43:46 AM,A,S,369.0,CURTNER AVE,F,,D,5/23/2024 4:43:50 AM,5/23/2024 4:43:50 AM,False,True,4,,5/11/2024 3:00:00 AM,0300,False,,,True
2396745,9340-2024-02157,1,False,9340,5/11/2024 12:02:00 AM,2,120,1368.0,4313.0,San Jose,43.0,True,True,C,REAR END,,Saturday,Yes,False,,,False,True,False,SANTA CLARA SUPERIOR COURT HALL OF JUSTICE,C,OTHER MOTOR VEHICLE,,1.0,0.0,CLEAR,, NO UNUSUAL CONDITIONS,, ,C,DARK-STREET LIGHTS,37.363702,-121.897197,,,,,A,NO PEDESTRIANS INVOLVED,5/11/2024 12:02:00 AM,A,VC 23152(a),True,1.0,US-101 N/B,,,5/23/2024 4:40:21 AM,A,S,265.0,N. 10 TH STREET,F,,D,5/23/2024 4:40:24 AM,5/23/2024 4:40:24 AM,False,True,4,False,5/11/2024 12:20:00 AM,0020,False,,,True
2396474,9340-2024-02199,1,False,9340,5/13/2024 5:55:00 PM,1755,681,1368.0,4313.0,San Jose,43.0,True,True,C,REAR END,,Monday,NotApplicable,False,,,False,True,False,SANTA CLARA SUPERIOR COURT HALL OF JUSTICE,C,OTHER MOTOR VEHICLE,,0.0,0.0,CLEAR,, NO UNUSUAL CONDITIONS,, ,A,DAYLIGHT,37.36255,-121.84302,,,,,A,NO PEDESTRIANS INVOLVED,5/13/2024 5:55:00 PM,A,VC 22350,False,1.0,I-680 S/B,,,5/22/2024 4:02:47 PM,A,N,1155.0,ALUM ROCK AVE,F,,D,5/22/2024 4:02:51 PM,5/22/2024 4:02:51 PM,False,True,4,,5/13/2024 6:30:00 PM,1830,False,,,True
2396437,9340-2024-02160,1,False,9340,5/10/2024 10:30:00 PM,2230,120,1368.0,4313.0,San Jose,43.0,True,True,B,SIDE SWIPE,,Friday,NotApplicable,False,M,,False,True,False,SANTA CLARA SUPERIOR COURT HALL OF JUSTICE,C,OTHER MOTOR VEHICLE,,0.0,0.0,CLEAR,, CONSTRUCTION-REPAIR ZONE,REDUCED ROADWAY WIDTH, ,D,DARK-NO STREET LIGHTS,37.379643,-121.955215,,,,,A,NO PEDESTRIANS INVOLVED,5/10/2024 10:30:00 PM,A,VC 22107,False,1.0,US-101 N/B,,,5/22/2024 3:23:30 PM,A,S,2617.0,MONTAGUE EXPY,F,,D,5/22/2024 3:23:33 PM,5/22/2024 3:23:33 PM,False,True,4,,5/11/2024 3:30:00 AM,0330,False,,,True
2396410,9340-2024-02159,1,False,9340,5/10/2024 9:45:00 PM,2145,120,1368.0,4313.0,San Jose,43.0,True,True,B,SIDE SWIPE,,Friday,Yes,False,,,False,True,False,SANTA CLARA SUPERIOR COURT HALL OF JUSTICE,C,OTHER MOTOR VEHICLE,,0.0,0.0,CLEAR,, NO UNUSUAL CONDITIONS,, ,C,DARK-STREET LIGHTS,37.373898,-121.929789,,,,,A,NO PEDESTRIANS INVOLVED,5/10/2024 9:45:00 PM,A,VC 23152(a),True,1.0,US-101 S/B TO SR-87 S/B,,,5/22/2024 3:00:48 PM,A,N,2894.0,AIRPORT PKY,F,,D,5/22/2024 3:00:52 PM,5/22/2024 3:00:52 PM,False,True,4,True,5/10/2024 9:45:00 PM,2145,False,,,True
2396341,9340-2024-02184,1,False,9340,5/10/2024 9:40:00 PM,2140,120,1368.0,4313.0,San Jose,43.0,True,True,B,SIDE SWIPE,,Friday,No,False,M,,False,True,False,SANTA CLARA SUPERIOR COURT HALL OF JUSTICE,C,OTHER MOTOR VEHICLE,,0.0,0.0,CLEAR,, NO UNUSUAL CONDITIONS,, ,D,DARK-NO STREET LIGHTS,37.372193,-121.92004,,,,,A,NO PEDESTRIANS INVOLVED,5/10/2024 9:40:00 PM,A,VC 22107,False,1.0,US-101 S/B,,,5/22/2024 1:43:27 PM,A,N,98.0,BROKAW RD,F,,D,5/22/2024 1:43:30 PM,5/22/2024 1:43:30 PM,False,True,4,,5/10/2024 9:55:00 PM,2155,False,,,True
2396275,9340-2024-02153,1,False,9340,5/10/2024 6:25:00 PM,1825,120,1368.0,4313.0,San Jose,43.0,True,True,B,SIDE SWIPE,,Friday,NotApplicable,False,,,False,True,True,SANTA CLARA SUPERIOR COURT HALL OF JUSTICE,C,OTHER MOTOR VEHICLE,,0.0,0.0,CLEAR,, NO UNUSUAL CONDITIONS,, ,A,DAYLIGHT,37.372999,-121.927971,,,,,A,NO PEDESTRIANS INVOLVED,5/10/2024 6:25:00 PM,A,VC 21658(A),False,1.0,US-101 S/B TO SR-87 S/B,,,5/22/2024 12:42:14 PM,A,N,2096.0,AIRPORT PKWY,F,,D,5/22/2024 12:42:21 PM,5/22/2024 12:42:21 PM,False,True,4,True,5/10/2024 6:30:00 PM,1830,False,,,True
2396266,9340-2024-02200,1,False,9340,5/13/2024 3:35:00 PM,1535,120,1368.0,4313.0,San Jose,43.0,True,True,C,REAR END,,Monday,NotApplicable,False,,,False,True,False,SANTA CLARA SUPERIOR COURT HALL OF JUSTICE,C,OTHER MOTOR VEHICLE,,0.0,0.0,CLEAR,, NO UNUSUAL CONDITIONS,, ,A,DAYLIGHT,37.372014,-121.918738,,,,,A,NO PEDESTRIANS INVOLVED,5/13/2024 3:35:00 PM,A,VC 22350,False,1.0,US-101 S/B,,,5/22/2024 12:33:55 PM,A,S,100.0,BROKAW RD,F,,D,5/22/2024 12:36:08 PM,5/22/2024 12:36:08 PM,False,True,4,,5/13/2024 3:40:00 PM,1540,False,,,True
2396259,9340-2024-02194,1,False,9340,5/13/2024 1:55:00 PM,1355,089,1368.0,4313.0,San Jose,43.0,True,True,C,REAR END,,Monday,NotApplicable,False,M,,False,True,False,SANTA CLARA SUPERIOR COURT HALL OF JUSTICE,C,OTHER MOTOR VEHICLE,,0.0,0.0,CLEAR,, NO UNUSUAL CONDITIONS,, ,A,DAYLIGHT,37.439354,-121.920125,,,,,A,NO PEDESTRIANS INVOLVED,5/13/2024 1:55:00 PM,A,VC 22350,False,1.0,I-880 S/B,,,5/22/2024 12:23:17 PM,A,N,5084.0,SR-237,F,,D,5/22/2024 12:25:28 PM,5/22/2024 12:25:28 PM,False,True,4,,5/13/2024 2:15:00 PM,1415,False,,,True
2396227,9340-2024-02142,1,False,9340,5/10/2024 11:30:00 AM,1130,281,1368.0,4313.0,San Jose,43.0,True,True,E,HIT OBJECT,,Friday,NotApplicable,False,,,False,True,False,SANTA CLARA SUPERIOR COURT HALL OF JUSTICE,I,FIXED OBJECT,TOW HITCH,0.0,0.0,CLEAR,, NO UNUSUAL CONDITIONS,, ,A,DAYLIGHT,37.328524,-121.871617,,,,,A,NO PEDESTRIANS INVOLVED,5/10/2024 11:30:00 AM,A,VC 24002(a),False,1.0,I-280 N/B,,,5/22/2024 11:50:30 AM,A,S,200.0,10TH ST,F,,D,5/22/2024 11:50:34 AM,5/22/2024 11:50:34 AM,False,True,4,False,5/10/2024 12:10:00 PM,1210,False,,,True
2396220,9340-2024-02193,1,False,9340,5/13/2024 1:50:00 PM,1350,087,1368.0,4313.0,San Jose,43.0,True,True,E,HIT OBJECT,,Monday,NotApplicable,False,M,,False,True,False,SANTA CLARA SUPERIOR COURT HALL OF JUSTICE,J,OTHER OBJECT,METAL DEBRIS,0.0,0.0,CLEAR,, NO UNUSUAL CONDITIONS,, ,A,DAYLIGHT,37.342278,-121.90099,,,,,A,NO PEDESTRIANS INVOLVED,5/13/2024 1:50:00 PM,C,,,,SR-87 N/B,,,5/22/2024 11:41:32 AM,A,N,126.0,COLEMAN AVE,F,,D,5/22/2024 11:41:45 AM,5/22/2024 11:41:45 AM,False,True,4,,5/13/2024 2:00:00 PM,1400,False,,,True
2396202,9340-2024-02136,1,False,9340,5/10/2024 6:55:00 AM,655,087,1368.0,4313.0,San Jose,43.0,True,True,B,SIDE SWIPE,,Friday,NotApplicable,False,M,,False,True,False,SANTA CLARA SUPERIOR COURT HALL OF JUSTICE,C,OTHER MOTOR VEHICLE,,0.0,0.0,CLEAR,, NO UNUSUAL CONDITIONS,, ,A,DAYLIGHT,37.372839,-121.927296,,,,,A,NO PEDESTRIANS INVOLVED,5/10/2024 6:55:00 AM,A,VC 22107,False,1.0,SR-87 N/B TO US-101 N/B,,,5/22/2024 11:28:42 AM,A,S,210.0,US-101,F,,D,5/22/2024 11:28:44 AM,5/22/2024 11:28:44 AM,False,True,4,,5/10/2024 7:00:00 AM,0700,False,,,True
2396116,9340-2024-01584,1,False,9340,4/4/2024 8:45:00 PM,2045,083,1368.0,4313.0,San Jose,43.0,True,True,C,REAR END,,Thursday,NotApplicable,False,,,False,True,False,SANTA CLARA SUPERIOR COURT HALL OF JUSTICE,C,OTHER MOTOR VEHICLE,,0.0,0.0,RAINING,, NO UNUSUAL CONDITIONS,, ,D,DARK-NO STREET LIGHTS,37.244114,-121.805151,,,,,A,NO PEDESTRIANS INVOLVED,4/4/2024 8:45:00 PM,A,VC 22350,False,1.0,SR-85 S/B FROM COTTLE RD S/B,,,5/22/2024 9:52:44 AM,B,N,296.0,COTTLE RD,F,,D,5/22/2024 9:52:51 AM,5/22/2024 9:52:51 AM,False,True,4,,4/4/2024 8:52:00 PM,2052,False,,,True
2396102,9340-2024-02190,1,False,9340,5/13/2024 9:30:00 AM,930,088,1368.0,4313.0,San Jose,43.0,True,True,C,REAR END,,Monday,NotApplicable,False,,,False,True,False,SANTA CLARA SUPERIOR COURT HALL OF JUSTICE,C,OTHER MOTOR VEHICLE,,2.0,0.0,CLEAR,, NO UNUSUAL CONDITIONS,, ,A,DAYLIGHT,37.334773,-121.935892,,,,,A,NO PEDESTRIANS INVOLVED,5/13/2024 9:30:00 AM,A,VC 22350,True,1.0,I-880 N/B,,,5/22/2024 9:36:26 AM,A,N,173.0,BASCOM AVE,F,,D,5/22/2024 9:36:33 AM,5/22/2024 9:36:33 AM,False,True,4,,5/13/2024 9:33:00 AM,0933,True,EMBEDDED,,True
2396097,9340-2024-02189,1,False,9340,5/13/2024 9:05:00 AM,905,088,1368.0,4313.0,San Jose,43.0,True,True,F,OVERTURNED,,Monday,NotApplicable,False,,,False,True,False,SANTA CLARA SUPERIOR COURT HALL OF JUSTICE,A,NON-COLLISION,,1.0,0.0,CLEAR,, NO UNUSUAL CONDITIONS,, ,A,DAYLIGHT,37.349588,-121.917096,,,,,A,NO PEDESTRIANS INVOLVED,5/13/2024 9:05:00 AM,A,VC 22107,False,1.0,I-880 N/B,,,5/22/2024 9:33:09 AM,A,N,346.0,COLEMAN AVE,F,,D,5/22/2024 9:33:16 AM,5/22/2024 9:33:16 AM,False,True,4,,5/13/2024 9:09:00 AM,0909,True,EMBEDDED,,True
2396082,9340-2024-02191,1,False,9340,5/13/2024 7:10:00 AM,710,110,1368.0,4313.0,San Jose,43.0,True,True,C,REAR END,,Monday,NotApplicable,False,,,False,True,True,SANTA CLARA SUPERIOR COURT HALL OF JUSTICE,C,OTHER MOTOR VEHICLE,,1.0,0.0,CLOUDY,, NO UNUSUAL CONDITIONS,, ,A,DAYLIGHT,37.304009,-121.817409,,,,,A,NO PEDESTRIANS INVOLVED,5/13/2024 7:10:00 AM,A,VC 22350,False,1.0,US-101 N/B,,,5/22/2024 9:19:56 AM,A,N,300.0,CAPITOL EXPY.,F,,D,5/22/2024 9:20:01 AM,5/22/2024 9:20:01 AM,False,True,4,,5/13/2024 7:15:00 AM,0715,False,,,True
2396067,9340-2024-02192,1,False,9340,5/13/2024 7:09:00 AM,709,110,1368.0,4313.0,San Jose,43.0,True,True,C,REAR END,,Monday,NotApplicable,False,M,,False,True,False,SANTA CLARA SUPERIOR COURT HALL OF JUSTICE,C,OTHER MOTOR VEHICLE,,0.0,0.0,CLOUDY,, NO UNUSUAL CONDITIONS,, ,A,DAYLIGHT,37.304124,-121.817528,,,,,A,NO PEDESTRIANS INVOLVED,5/13/2024 7:09:00 AM,A,VC 22350,False,1.0,US-101 N/B,,,5/22/2024 9:10:45 AM,A,N,360.0,CAPITOL EXPY.,F,,D,5/22/2024 9:10:48 AM,5/22/2024 9:10:48 AM,False,True,4,,5/13/2024 7:15:00 AM,0715,False,,,True
2396015,9340-2024-02173,1,False,9340,5/12/2024 12:50:00 PM,1250,282,1368.0,4313.0,San Jose,43.0,True,True,B,SIDE SWIPE,,Sunday,NotApplicable,False,,,False,True,True,SANTA CLARA SUPERIOR COURT HALL OF JUSTICE,C,OTHER MOTOR VEHICLE,,0.0,0.0,CLEAR,, NO UNUSUAL CONDITIONS,, ,A,DAYLIGHT,37.317276,-121.942029,,,,,A,NO PEDESTRIANS INVOLVED,5/12/2024 12:50:00 PM,A,VC 22107,True,1.0,I-280 N/B,,,5/22/2024 8:29:22 AM,A,N,400.0,SR-17,F,,D,5/22/2024 8:29:25 AM,5/22/2024 8:29:25 AM,False,True,4,,5/12/2024 12:55:00 PM,1255,True,AREA PHOTO FILE,,True
2395989,9340-2024-02131,1,False,9340,5/10/2024 12:39:00 AM,39,110,1368.0,4313.0,San Jose,43.0,True,True,E,HIT OBJECT,,Friday,Yes,False,,,False,True,False,SANTA CLARA SUPERIOR COURT HALL OF JUSTICE,I,FIXED OBJECT,CONCRETE WALL,0.0,0.0,CLEAR,, NO UNUSUAL CONDITIONS,, ,D,DARK-NO STREET LIGHTS,37.318725,-121.833314,,,,,A,NO PEDESTRIANS INVOLVED,5/10/2024 12:39:00 AM,A,VC 23152(a),True,1.0,US-101 S/B TO TULLY RD ,,,5/22/2024 8:14:39 AM,A,N,354.0,TULLY RD,F,,D,5/22/2024 8:14:41 AM,5/22/2024 8:14:41 AM,False,True,4,,5/10/2024 12:39:00 AM,0039,False,,,False
2395980,9340-2024-02143,1,False,9340,5/10/2024 3:00:00 PM,1500,681,1368.0,4313.0,San Jose,43.0,True,True,C,REAR END,,Friday,NotApplicable,False,,,False,True,True,SANTA CLARA SUPERIOR COURT HALL OF JUSTICE,C,OTHER MOTOR VEHICLE,,0.0,0.0,CLEAR,, NO UNUSUAL CONDITIONS,, ,A,DAYLIGHT,37.417094,-121.881319,,,,,A,NO PEDESTRIANS INVOLVED,5/10/2024 3:00:00 PM,A,VC 22350,False,1.0,I-680 S/B,,,5/22/2024 8:07:32 AM,A,N,945.0,MONTAGUE EXPY,F,,D,5/22/2024 8:07:36 AM,5/22/2024 8:07:36 AM,False,True,4,,5/10/2024 3:05:00 PM,1505,False,,,True
2395974,9340-2024-02132,1,False,9340,5/9/2024 10:00:00 PM,2200,281,1368.0,4313.0,San Jose,43.0,True,True,E,HIT OBJECT,,Thursday,NotApplicable,False,,,False,True,False,SANTA CLARA SUPERIOR COURT HALL OF JUSTICE,J,OTHER OBJECT,UNKOWN OBJECT/DEBRIS,0.0,0.0,CLEAR,, NO UNUSUAL CONDITIONS,, ,A,DAYLIGHT,37.32835,-121.87133,,,,,A,NO PEDESTRIANS INVOLVED,5/9/2024 10:00:00 PM,C,,,,I-280 S/B,,,5/22/2024 8:04:01 AM,A,N,39.0,11TH ST,F,,D,5/22/2024 8:04:03 AM,5/22/2024 8:04:03 AM,False,True,4,,5/9/2024 10:15:00 PM,2215,False,,,True
2395458,9340-2024-02175,1,False,9340,5/12/2024 4:10:00 PM,1610,681,1368.0,4313.0,San Jose,43.0,True,True,B,SIDE SWIPE,,Sunday,NotApplicable,False,,,False,True,False,SANTA CLARA SUPERIOR COURT HALL OF JUSTICE,C,OTHER MOTOR VEHICLE,,0.0,0.0,CLEAR,, NO UNUSUAL CONDITIONS,, ,A,DAYLIGHT,37.349186,-121.83884,,,,,A,NO PEDESTRIANS INVOLVED,5/12/2024 4:10:00 PM,A,VC 22107,True,1.0,I-680 N/B,,,5/21/2024 2:33:54 PM,A,S,933.0,JACKSON AVE,F,,A,5/21/2024 2:34:01 PM,5/21/2024 2:34:01 PM,False,True,4,,5/12/2024 4:13:00 PM,1613,False,,,True
2395422,9340-2024-02177,1,False,9340,5/12/2024 1:50:00 PM,1350,120,1368.0,4313.0,San Jose,43.0,True,True,C,REAR END,,Sunday,NotApplicable,False,M,,False,True,False,SANTA CLARA SUPERIOR COURT HALL OF JUSTICE,C,OTHER MOTOR VEHICLE,,0.0,0.0,CLEAR,, NO UNUSUAL CONDITIONS,, ,A,DAYLIGHT,37.364162,-121.899908,,,,,A,NO PEDESTRIANS INVOLVED,5/12/2024 1:50:00 PM,A,VC 22350,False,1.0,US-101 N/B TO I-880 N/B,,,5/21/2024 2:00:15 PM,A,N,450.0,10TH STREET,F,,D,5/21/2024 2:00:22 PM,5/21/2024 2:00:22 PM,False,True,4,,5/12/2024 2:00:00 PM,1400,False,,,True
2395403,9340-2024-02179,1,False,9340,5/12/2024 1:45:00 PM,1345,282,1368.0,4313.0,San Jose,43.0,True,True,B,SIDE SWIPE,,Sunday,NotApplicable,False,M,,False,True,False,SANTA CLARA SUPERIOR COURT HALL OF JUSTICE,C,OTHER MOTOR VEHICLE,,1.0,0.0,CLEAR,, NO UNUSUAL CONDITIONS,, ,A,DAYLIGHT,37.316169,-121.971113,,,,,A,NO PEDESTRIANS INVOLVED,5/12/2024 1:45:00 PM,A,VC 21658(A),False,1.0,I-280 S/B,,,5/21/2024 1:46:45 PM,A,S,1155.0,SARATOGA AVE,F,,D,5/21/2024 1:46:55 PM,5/21/2024 1:46:55 PM,False,True,4,,5/12/2024 1:48:00 PM,1348,True,EMBEDDED,,True
2395213,9340-2024-02123,2,False,9340,5/9/2024 3:45:00 PM,1545,681,1368.0,4313.0,San Jose,43.0,True,True,C,REAR END,,Thursday,NotApplicable,False,M,,False,True,False,SANTA CLARA SUPERIOR COURT HALL OF JUSTICE,C,OTHER MOTOR VEHICLE,,1.0,0.0,CLEAR,, NO UNUSUAL CONDITIONS,, ,A,DAYLIGHT,37.40512,-121.87732,,,,,A,NO PEDESTRIANS INVOLVED,5/9/2024 3:45:00 PM,A,VC 22350,False,1.0,I-680 N/B,,,1/14/2025 2:02:29 PM,A,S,23.0,CROPLEY AVE,F,,D,5/21/2024 11:35:55 AM,1/14/2025 2:02:33 PM,False,True,4,,5/9/2024 4:20:00 PM,1620,False,,,True
2395160,9340-2024-02122,1,False,9340,5/9/2024 3:20:00 PM,1520,681,1368.0,4313.0,San Jose,43.0,True,True,C,REAR END,,Thursday,NotApplicable,False,M,,False,True,False,SANTA CLARA SUPERIOR COURT HALL OF JUSTICE,C,OTHER MOTOR VEHICLE,,1.0,0.0,CLEAR,, NO UNUSUAL CONDITIONS,, ,A,DAYLIGHT,37.36553,-121.844939,,,,,A,NO PEDESTRIANS INVOLVED,5/9/2024 3:20:00 PM,A,VC 22350,False,1.0,I-680 S/B FROM MCKEE RD,,,5/21/2024 10:56:16 AM,A,S,870.0,MCKEE RD,F,,D,5/21/2024 10:56:32 AM,5/21/2024 10:56:32 AM,False,True,4,,5/9/2024 3:35:00 PM,1535,False,,,True
2395135,9340-2024-02110,1,False,9340,5/9/2024 12:15:00 AM,15,087,1368.0,4313.0,San Jose,43.0,True,True,E,HIT OBJECT,,Thursday,Yes,False,,,False,True,True,SANTA CLARA SUPERIOR COURT HALL OF JUSTICE,I,FIXED OBJECT,CONCRETE BARRIER,1.0,0.0,CLEAR,, NO UNUSUAL CONDITIONS,, ,C,DARK-STREET LIGHTS,37.329693,-121.896057,,,,,A,NO PEDESTRIANS INVOLVED,5/9/2024 12:15:00 AM,A,VC 23152(a),True,1.0,SR-87 S/B,,,5/21/2024 10:42:30 AM,A,N,120.0,PARK AVE,F,,D,5/21/2024 10:42:37 AM,5/21/2024 10:42:37 AM,False,True,4,,5/9/2024 12:20:00 AM,0020,False,,,True
2395114,9340-2024-02166,1,False,9340,5/11/2024 3:10:00 PM,1510,088,1368.0,4313.0,San Jose,43.0,True,True,C,REAR END,,Saturday,NotApplicable,False,,,False,True,False,SANTA CLARA SUPERIOR COURT HALL OF JUSTICE,C,OTHER MOTOR VEHICLE,,1.0,0.0,CLEAR,, NO UNUSUAL CONDITIONS,, ,A,DAYLIGHT,37.344163,-121.924586,,,,,A,NO PEDESTRIANS INVOLVED,5/11/2024 3:10:00 PM,A,VC 22350,True,1.0,I-880 S/B,,,5/21/2024 10:23:59 AM,A,N,600.0,THE ALAMEDA,F,,D,5/21/2024 10:24:08 AM,5/21/2024 10:24:08 AM,False,True,4,,5/11/2024 3:15:00 PM,1515,False,,,True
2395005,9340-2024-02126,1,False,9340,5/9/2024 5:45:00 PM,1745,681,1368.0,4313.0,San Jose,43.0,True,True,B,SIDE SWIPE,,Thursday,NotApplicable,False,M,,False,True,False,SANTA CLARA SUPERIOR COURT HALL OF JUSTICE,C,OTHER MOTOR VEHICLE,,1.0,0.0,CLEAR,, NO UNUSUAL CONDITIONS,, ,A,DAYLIGHT,37.40593,-121.877899,,,,,A,NO PEDESTRIANS INVOLVED,5/9/2024 5:45:00 PM,A,VC 21658(A),False,1.0,I-680 S/B,,,5/21/2024 9:12:50 AM,A,S,125.0,CROPLEY AVE,F,,A,5/21/2024 9:12:53 AM,5/21/2024 9:12:53 AM,False,True,4,True,5/9/2024 5:45:00 PM,1745,False,,,
2394924,9340-2024-02127,1,False,9340,5/9/2024 2:50:00 PM,1450,087,1368.0,4313.0,San Jose,43.0,True,True,B,SIDE SWIPE,,Thursday,Yes,False,,,False,True,True,SANTA CLARA SUPERIOR COURT HALL OF JUSTICE,C,OTHER MOTOR VEHICLE,,1.0,0.0,CLEAR,, NO UNUSUAL CONDITIONS,, ,A,DAYLIGHT,37.27579,-121.863271,,,,,A,NO PEDESTRIANS INVOLVED,5/9/2024 2:50:00 PM,A,VC 22107,False,1.0,SR-87 N/B,,,5/21/2024 8:23:54 AM,A,N,380.0,CAPITOL EXPRESSWAY,F,,D,5/21/2024 8:24:00 AM,5/21/2024 8:24:00 AM,False,True,4,,5/9/2024 12:00:00 AM,1500,False,,,True