Collision Id,	Report Number,	Report Version,	Is Preliminary,	NCIC Code,Crash Date Time,	Crash Time Description,	Beat,City Id,	City Code,	City Name,County Code,	City Is Active,	City Is Incorporated,	Collision Type Code,Collision Type Description,	Collision Type Other Desc,	Day Of Week,	DispatchNotified,	HasPhotographs,	HitRun,	IsAttachmentsMailed,	IsDeleted,	IsHighwayRelated,	IsTowAway,	JudicialDistrict,	MotorVehicleInvolvedWithCode,	MotorVehicleInvolvedWithDesc,MotorVehicleInvolvedWithOtherDesc,	NumberInjured,	NumberKilled,Weather 1, Weather 2, Road Condition 1, Road Condition 2, Special Condition,LightingCode, LightingDescription,Latitude,Longitude,MilepostDirection,MilepostDistance,MilepostMarker,MilepostUnitOfMeasure,	PedestrianActionCode,PedestrianActionDesc,PreparedDate,	Primary Collision Factor Code,Primary Collision Factor Violation,PrimaryCollisionFactorIsCited,	PrimaryCollisionPartyNumber,	PrimaryRoad,	ReportingDistrict,	ReportingDistrictCode,ReviewedDate,	RoadwaySurfaceCode,SecondaryDirection,	SecondaryDistance,	SecondaryRoad,	SecondaryUnitOfMeasure,	SketchDesc,	TrafficControlDeviceCode,CreatedDate,	ModifiedDate,IsCountyRoad,IsFreeway,CHP555Version,	IsAdditonalObjectStruck,NotificationDate,	NotificationTimeDescription,	HasDigitalMediaFiles,	EvidenceNumber,	IsLocationReferToNarrative,	IsAOIOneSameAsLocation
2420224,9340-2024-02594,1,False,9340,6/11/2024 9:55:00 AM,955,087,1368.0,4313.0,San Jose,43.0,True,True,C,REAR END,,Tuesday,Yes,False,,,False,True,True,SANTA CLARA SUPERIOR COURT HALL OF JUSTICE,C,OTHER MOTOR VEHICLE,,1.0,0.0,CLEAR,, NO UNUSUAL CONDITIONS,, ,A,DAYLIGHT,37.287039,-121.869159,,,,,A,NO PEDESTRIANS INVOLVED,6/11/2024 9:55:00 AM,A,VC 22350,False,1.0,SR-87 N/B,,,6/21/2024 8:07:09 AM,A,S,1025.0,CAROL DR,F,,D,6/21/2024 8:07:13 AM,6/21/2024 8:07:13 AM,False,True,4,,6/11/2024 10:00:00 AM,1000,False,,,True
2420192,9340-2024-02607,1,False,9340,6/11/2024 10:40:00 AM,1040,120,1368.0,4313.0,San Jose,43.0,True,True,B,SIDE SWIPE,,Tuesday,NotApplicable,False,M,,False,True,False,SANTA CLARA SUPERIOR COURT HALL OF JUSTICE,C,OTHER MOTOR VEHICLE,,0.0,0.0,CLEAR,, NO UNUSUAL CONDITIONS,, ,A,DAYLIGHT,37.377637,-121.940353,,,,,A,NO PEDESTRIANS INVOLVED,6/11/2024 10:40:00 AM,A,VC 21751,False,1.0,US-101 N/B TO TRIMBLE ROAD,,,6/21/2024 7:23:29 AM,A,S,77.57,TRIMBLE RD,F,,A,6/21/2024 7:23:32 AM,6/21/2024 7:23:32 AM,False,True,4,,6/11/2024 10:50:00 AM,1050,False,,,True
2419820,9340-2024-02559,1,False,9340,6/8/2024 7:10:00 PM,1910,281,1368.0,4313.0,San Jose,43.0,True,True,B,SIDE SWIPE,,Saturday,NotApplicable,False,,,False,True,True,SANTA CLARA SUPERIOR COURT HALL OF JUSTICE,C,OTHER MOTOR VEHICLE,,0.0,0.0,CLEAR,, NO UNUSUAL CONDITIONS,, ,A,DAYLIGHT,37.328964,-121.86938,,,,,A,NO PEDESTRIANS INVOLVED,6/8/2024 7:10:00 PM,A,VC 22107,False,,I-280 S/B,,,6/20/2024 9:14:39 PM,A,S,540.0,11 TH ST,F,,D,6/20/2024 9:14:54 PM,6/20/2024 9:14:54 PM,False,True,4,,6/8/2024 7:15:00 PM,1915,False,,,True
2419798,9340-2024-02571,1,False,9340,6/9/2024 5:30:00 PM,1730,681,1368.0,4313.0,San Jose,43.0,True,True,B,SIDE SWIPE,,Sunday,NotApplicable,False,M,,False,True,False,SANTA CLARA SUPERIOR COURT HALL OF JUSTICE,C,OTHER MOTOR VEHICLE,,2.0,0.0,CLEAR,, NO UNUSUAL CONDITIONS,, ,A,DAYLIGHT,37.344375,-121.844872,,,,,A,NO PEDESTRIANS INVOLVED,6/9/2024 5:30:00 PM,A,VC 22107,True,1.0,I-680 N/B,,,6/20/2024 7:47:30 PM,A,N,558.0,KING RD,F,,D,6/20/2024 7:47:30 PM,6/20/2024 7:47:30 PM,False,True,4,,6/9/2024 5:30:00 PM,1730,False,,,True
2419224,9340-2024-02577,1,False,9340,6/10/2024 3:00:00 PM,1500,110,1368.0,4313.0,San Jose,43.0,True,True,C,REAR END,,Monday,NotApplicable,False,F,,False,True,False,SANTA CLARA SUPERIOR COURT HALL OF JUSTICE,C,OTHER MOTOR VEHICLE,,2.0,0.0,CLEAR,, NO UNUSUAL CONDITIONS,, ,A,DAYLIGHT,37.36194,-121.8829,,,,,A,NO PEDESTRIANS INVOLVED,6/10/2024 3:00:00 PM,A,VC 22350,False,1.0,US-101 S/B,,,6/20/2024 8:33:17 AM,A,S,527.0,HEDDING ST,F,,D,6/20/2024 8:33:22 AM,6/20/2024 8:33:22 AM,False,True,4,,6/10/2024 3:30:00 PM,1530,False,,,True
2419198,9340-2024-02567,1,False,9340,6/9/2024 2:18:00 PM,1418,087,1368.0,4313.0,San Jose,43.0,True,True,C,REAR END,,Sunday,NotApplicable,False,,,False,True,True,SANTA CLARA SUPERIOR COURT HALL OF JUSTICE,C,OTHER MOTOR VEHICLE,,0.0,0.0,CLEAR,, NO UNUSUAL CONDITIONS,, ,A,DAYLIGHT,37.319706,-121.890453,,,,,A,NO PEDESTRIANS INVOLVED,6/9/2024 2:18:00 PM,A,VC 22350,False,1.0,SR-87 S/B,,,6/20/2024 8:03:35 AM,A,S,50.0,VIRGINIA ST,F,,D,6/20/2024 8:03:38 AM,6/20/2024 8:03:38 AM,False,True,4,,6/9/2024 2:21:00 PM,1421,False,,,True
2419197,9340-2024-02565,1,False,9340,6/9/2024 1:00:00 PM,1300,088,1368.0,4313.0,San Jose,43.0,True,True,C,REAR END,,Sunday,NotApplicable,False,,,False,True,False,SANTA CLARA SUPERIOR COURT HALL OF JUSTICE,C,OTHER MOTOR VEHICLE,,0.0,0.0,CLEAR,, NO UNUSUAL CONDITIONS,, ,A,DAYLIGHT,37.357107,-121.908541,,,,,A,NO PEDESTRIANS INVOLVED,6/9/2024 1:00:00 PM,A,VC 22350,False,1.0,I-880 S/B,,,6/20/2024 8:03:04 AM,A,S,574.0,N FIRST STREET,F,,D,6/20/2024 8:03:07 AM,6/20/2024 8:03:07 AM,False,True,4,,6/9/2024 1:30:00 PM,1330,False,,,True
2418875,9340-2024-02552,1,False,9340,6/8/2024 5:00:00 AM,500,172,1368.0,4313.0,San Jose,43.0,True,True,E,HIT OBJECT,,Saturday,NotApplicable,False,,,False,True,False,SANTA CLARA SUPERIOR COURT HALL OF JUSTICE,J,OTHER OBJECT,TIRE,0.0,0.0,CLEAR,, NO UNUSUAL CONDITIONS,, ,D,DARK-NO STREET LIGHTS,37.305008,-121.940812,,,,,A,NO PEDESTRIANS INVOLVED,6/8/2024 5:00:00 AM,A,VC 22350,False,1.0,SR-17 S/B,,,6/19/2024 9:29:25 PM,A,N,1500.0,HAMILTON AVE,F,,D,6/19/2024 9:29:27 PM,6/19/2024 9:29:27 PM,False,True,4,True,6/8/2024 5:15:00 AM,0515,False,,,True
2418873,9340-2024-02535,1,False,9340,6/6/2024 10:45:00 PM,2245,110,1368.0,4313.0,San Jose,43.0,True,True,C,REAR END,,Thursday,NotApplicable,False,M,,False,True,False,SANTA CLARA SUPERIOR COURT HALL OF JUSTICE,C,OTHER MOTOR VEHICLE,,0.0,0.0,CLEAR,, NO UNUSUAL CONDITIONS,, ,D,DARK-NO STREET LIGHTS,37.262749,-121.80075,,,,,A,NO PEDESTRIANS INVOLVED,6/6/2024 10:45:00 PM,A,VC 22350,False,1.0,US-101 S/B,,,6/19/2024 9:10:47 PM,A,N,2275.0,BLOSSOM HILL RD,F,,D,6/19/2024 9:10:51 PM,6/19/2024 9:10:51 PM,False,True,4,,6/6/2024 11:00:00 PM,2300,False,,,True
2418872,9340-2024-02684,1,False,9340,6/17/2024 5:20:00 PM,1720,083,1368.0,4313.0,San Jose,43.0,True,True,C,REAR END,,Monday,NotApplicable,False,,,False,True,False,SANTA CLARA SUPERIOR COURT HALL OF JUSTICE,C,OTHER MOTOR VEHICLE,,2.0,0.0,CLEAR,, NO UNUSUAL CONDITIONS,, ,A,DAYLIGHT,37.253855,-121.843758,,,,,A,NO PEDESTRIANS INVOLVED,6/17/2024 5:20:00 PM,A,VC 22350,False,1.0,SR-85 S/B,,,6/19/2024 8:08:31 PM,A,N,2087.0,BLOSSOM HILL RD,F,,D,6/19/2024 8:08:34 PM,6/19/2024 8:08:34 PM,False,True,4,,6/17/2024 5:28:00 PM,1728,False,,,True
2418867,9340-2024-02185,1,False,9340,5/13/2024 12:08:00 AM,8,110,1368.0,4313.0,San Jose,43.0,True,True,C,REAR END,,Monday,Yes,False,,,False,True,True,SANTA CLARA SUPERIOR COURT HALL OF JUSTICE,C,OTHER MOTOR VEHICLE,,1.0,0.0,CLEAR,, NO UNUSUAL CONDITIONS,, ,C,DARK-STREET LIGHTS,37.294925,-121.809885,,,,,A,NO PEDESTRIANS INVOLVED,5/13/2024 12:08:00 AM,A,VC 23152(a),True,1.0,US-101 N/B,,,6/19/2024 7:29:33 PM,A,N,5.0,YERBA BUENA RD,F,,D,6/19/2024 7:29:36 PM,6/19/2024 7:29:36 PM,False,True,4,True,5/13/2024 12:13:00 AM,0013,False,,,True
2418864,9340-2024-02619,1,False,9340,6/12/2024 5:10:00 PM,1710,087,1368.0,4313.0,San Jose,43.0,True,True,C,REAR END,,Wednesday,NotApplicable,False,M,,False,True,False,SANTA CLARA SUPERIOR COURT HALL OF JUSTICE,C,OTHER MOTOR VEHICLE,,0.0,0.0,CLEAR,, NO UNUSUAL CONDITIONS,, ,A,DAYLIGHT,37.3636,-121.91869,,,,,A,NO PEDESTRIANS INVOLVED,6/12/2024 5:10:00 PM,A,VC 22350,False,1.0,SR-87 S/B FROM SKYPORT DR.,,,6/19/2024 7:22:38 PM,A,S,215.0,SKYPORT DR.,F,,D,6/19/2024 7:22:41 PM,6/19/2024 7:22:41 PM,False,True,4,,6/12/2024 5:15:00 PM,1715,False,,,True
2418859,9340-2024-02563,1,False,9340,6/8/2024 10:30:00 PM,2230,281,1368.0,4313.0,San Jose,43.0,True,True,C,REAR END,,Saturday,NotApplicable,False,M,,False,True,False,SANTA CLARA SUPERIOR COURT HALL OF JUSTICE,C,OTHER MOTOR VEHICLE,,0.0,0.0,CLEAR,, NO UNUSUAL CONDITIONS,, ,D,DARK-NO STREET LIGHTS,37.317494,-121.939363,,,,,A,NO PEDESTRIANS INVOLVED,6/8/2024 10:30:00 PM,A,VC 22350,False,1.0,I-280 N/B,,,6/19/2024 6:34:35 PM,A,S,145.0,SR-17,F,,D,6/19/2024 6:35:01 PM,6/19/2024 6:35:01 PM,False,True,4,,6/8/2024 10:36:00 PM,2236,False,,,True
2418850,9340-2024-02657,1,False,9340,6/15/2024 6:10:00 PM,1810,120,1368.0,4313.0,San Jose,43.0,True,True,B,SIDE SWIPE,,Saturday,NotApplicable,False,,,False,True,True,SANTA CLARA SUPERIOR COURT HALL OF JUSTICE,C,OTHER MOTOR VEHICLE,,0.0,0.0,CLEAR,, NO UNUSUAL CONDITIONS,, ,A,DAYLIGHT,37.363379,-121.894098,,,,,A,NO PEDESTRIANS INVOLVED,6/15/2024 6:10:00 PM,A,VC 22107,False,1.0,US101 N/B,,,6/19/2024 5:48:53 PM,A,N,700.0,OAKLAND RD,F,,D,6/19/2024 5:48:55 PM,6/19/2024 5:48:55 PM,False,True,4,,6/15/2024 6:25:00 PM,1825,False,,,True
2418785,9340-2024-02641,1,False,9340,6/14/2024 2:05:00 PM,1405,088,1368.0,4313.0,San Jose,43.0,True,True,C,REAR END,,Friday,Yes,False,,,False,True,True,SANTA CLARA SUPERIOR COURT HALL OF JUSTICE,C,OTHER MOTOR VEHICLE,,1.0,0.0,CLEAR,, NO UNUSUAL CONDITIONS,, ,A,DAYLIGHT,37.340679,-121.928395,,,,,A,NO PEDESTRIANS INVOLVED,6/14/2024 2:05:00 PM,A,VC 22350,False,1.0,I-880 N/B,,,6/19/2024 3:49:47 PM,A,S,964.0,THE ALAMEDA,F,,D,6/19/2024 3:49:49 PM,6/19/2024 3:49:49 PM,False,True,4,,6/14/2024 2:10:00 PM,1410,False,,,True
2418780,9340-2024-02629,1,False,9340,6/13/2024 9:30:00 AM,930,240,1368.0,4313.0,San Jose,43.0,True,True,B,SIDE SWIPE,,Thursday,NotApplicable,False,,,False,True,False,SANTA CLARA SUPERIOR COURT HALL OF JUSTICE,C,OTHER MOTOR VEHICLE,,0.0,0.0,CLEAR,, NO UNUSUAL CONDITIONS,, ,A,DAYLIGHT,37.421759,-121.933752,,,,,A,NO PEDESTRIANS INVOLVED,6/13/2024 9:30:00 AM,A,VC 21658(A),False,1.0,SR-237 W/B,,,6/19/2024 3:48:11 PM,A,E,1811.0,ZANKER RD,F,,D,6/19/2024 3:48:14 PM,6/19/2024 3:48:14 PM,False,True,4,,6/13/2024 9:35:00 AM,0935,True,EMBEDDED,False,True
2418777,9340-2024-02553,1,False,9340,6/8/2024 2:40:00 AM,240,083,1368.0,4313.0,San Jose,43.0,True,True,B,SIDE SWIPE,,Saturday,Yes,False,M,,False,True,True,SANTA CLARA SUPERIOR COURT HALL OF JUSTICE,C,OTHER MOTOR VEHICLE,,0.0,0.0,CLEAR,, NO UNUSUAL CONDITIONS,, ,D,DARK-NO STREET LIGHTS,37.250892,-121.931653,,,,,A,NO PEDESTRIANS INVOLVED,6/8/2024 2:40:00 AM,A,VC 23152(a),True,1.0,SR-85 S/B,,,6/19/2024 3:44:25 PM,A,N,40.0,UNION AVE,F,,D,6/19/2024 3:44:28 PM,6/19/2024 3:44:28 PM,False,True,4,,6/8/2024 2:46:00 AM,0246,False,,,True
2418766,9340-2024-02566,1,False,9340,6/9/2024 1:20:00 PM,1320,088,1368.0,4313.0,San Jose,43.0,True,True,C,REAR END,,Sunday,NotApplicable,False,,,False,True,False,SANTA CLARA SUPERIOR COURT HALL OF JUSTICE,C,OTHER MOTOR VEHICLE,,0.0,0.0,CLEAR,, NO UNUSUAL CONDITIONS,, ,A,DAYLIGHT,37.354828,-121.910852,,,,,A,NO PEDESTRIANS INVOLVED,6/9/2024 1:20:00 PM,A,VC 22350,False,1.0,I-880 S/B,,,6/19/2024 3:38:18 PM,A,N,185.0,SR-87,F,,D,6/19/2024 3:38:21 PM,6/19/2024 3:38:21 PM,False,True,4,,6/9/2024 1:50:00 PM,1350,False,,,True
2418758,9340-2024-02634,1,False,9340,6/13/2024 5:00:00 PM,1700,282,1368.0,4313.0,San Jose,43.0,True,True,C,REAR END,,Thursday,NotApplicable,False,,,False,True,False,SANTA CLARA SUPERIOR COURT HALL OF JUSTICE,C,OTHER MOTOR VEHICLE,,1.0,0.0,CLEAR,, NO UNUSUAL CONDITIONS,, ,A,DAYLIGHT,37.31661,-121.96169,,,,,A,NO PEDESTRIANS INVOLVED,6/13/2024 5:00:00 PM,A,VC 22350,False,1.0,I-280 N/B,,,6/19/2024 3:34:32 PM,A,S,595.0,SAN TOMAS EXPY,F,,D,6/19/2024 3:34:34 PM,6/19/2024 3:34:34 PM,False,True,4,,6/13/2024 12:00:00 AM,1745,False,,,True
2418731,9340-2024-02601,1,False,9340,6/11/2024 1:11:00 PM,1311,083,1368.0,4313.0,San Jose,43.0,True,True,B,SIDE SWIPE,,Tuesday,NotApplicable,False,M,,False,True,False,SANTA CLARA SUPERIOR COURT HALL OF JUSTICE,C,OTHER MOTOR VEHICLE,,0.0,0.0,CLEAR,, NO UNUSUAL CONDITIONS,, ,A,DAYLIGHT,37.25551,-121.866902,,,,,A,NO PEDESTRIANS INVOLVED,6/11/2024 1:11:00 PM,A,VC 22107,False,1.0,SR-85 S/B,,,6/19/2024 2:51:16 PM,A,N,239.0,WINFIELD BLVD,F,,D,6/19/2024 2:51:19 PM,6/19/2024 2:51:19 PM,False,True,4,,6/11/2024 2:00:00 PM,1400,False,,,True
2418724,9340-2024-02583,1,False,9340,6/10/2024 10:55:00 PM,2255,120,1368.0,4313.0,San Jose,43.0,True,True,C,REAR END,,Monday,NotApplicable,False,,,False,True,False,SANTA CLARA SUPERIOR COURT HALL OF JUSTICE,C,OTHER MOTOR VEHICLE,,1.0,0.0,CLEAR,, NO UNUSUAL CONDITIONS,, ,C,DARK-STREET LIGHTS,37.370616,-121.91273,,,,,A,NO PEDESTRIANS INVOLVED,6/10/2024 10:55:00 PM,A,VC 22350,False,1.0,US-101 N/B,,,6/19/2024 2:43:03 PM,A,S,1965.0,BROKAW RD,F,,D,6/19/2024 2:43:06 PM,6/19/2024 2:43:06 PM,False,True,4,,6/10/2024 11:00:00 PM,2300,False,,,True
2418714,9340-2024-02537,1,False,9340,6/7/2024 7:40:00 AM,740,110,1368.0,4313.0,San Jose,43.0,True,True,B,SIDE SWIPE,,Friday,NotApplicable,False,,,False,True,False,SANTA CLARA SUPERIOR COURT HALL OF JUSTICE,C,OTHER MOTOR VEHICLE,,0.0,0.0,CLEAR,, NO UNUSUAL CONDITIONS,, ,A,DAYLIGHT,37.258402,-121.79734,,,,,A,NO PEDESTRIANS INVOLVED,6/7/2024 7:40:00 AM,A,VC 22107,False,1.0,US-101 N/B,,,6/19/2024 2:33:17 PM,A,N,485.0,BLOSSOM HILL RD,F,,D,6/19/2024 2:34:05 PM,6/19/2024 2:34:05 PM,False,True,4,,6/7/2024 7:45:00 AM,0745,False,,,True
2418684,9340-2024-02561,1,False,9340,6/8/2024 9:35:00 PM,2135,281,1368.0,4313.0,San Jose,43.0,True,True,E,HIT OBJECT,,Saturday,NotApplicable,False,,,False,True,True,SANTA CLARA SUPERIOR COURT HALL OF JUSTICE,I,FIXED OBJECT,METAL GUARDRAIL,1.0,0.0,CLEAR,, NO UNUSUAL CONDITIONS,, ,D,DARK-NO STREET LIGHTS,37.317237,-121.904031,,,,,A,NO PEDESTRIANS INVOLVED,6/8/2024 9:35:00 PM,A,VC 22107,False,1.0,I-280 S/B,,,6/19/2024 2:12:32 PM,A,N,2412.0,BIRD AVE,F,,D,6/19/2024 2:12:34 PM,6/19/2024 2:12:34 PM,False,True,4,False,6/8/2024 9:43:00 PM,2143,False,,,False
2418653,9340-2024-02549,1,False,9340,6/7/2024 5:28:00 PM,1728,281,1368.0,4313.0,San Jose,43.0,True,True,C,REAR END,,Friday,NotApplicable,False,,,False,True,False,SANTA CLARA SUPERIOR COURT HALL OF JUSTICE,C,OTHER MOTOR VEHICLE,,0.0,0.0,CLEAR,, NO UNUSUAL CONDITIONS,, ,A,DAYLIGHT,37.31656,-121.95912,,,,,A,NO PEDESTRIANS INVOLVED,6/7/2024 5:28:00 PM,A,VC 22350,False,1.0,I-280 N/B,,,6/19/2024 1:47:47 PM,A,S,1360.0,SAN TOMAS EXPY,F,,D,6/19/2024 1:47:52 PM,6/19/2024 1:47:52 PM,False,True,4,,6/7/2024 5:40:00 PM,1740,False,,,True
2418195,9340-2024-02539,1,False,9340,6/7/2024 8:40:00 AM,840,110,1368.0,4313.0,San Jose,43.0,True,True,C,REAR END,,Friday,NotApplicable,False,M,,False,True,False,SANTA CLARA SUPERIOR COURT HALL OF JUSTICE,C,OTHER MOTOR VEHICLE,,0.0,0.0,CLEAR,, NO UNUSUAL CONDITIONS,, ,A,DAYLIGHT,37.303638,-121.816946,,,,,A,NO PEDESTRIANS INVOLVED,6/7/2024 8:40:00 AM,A,VC 22350,False,2.0,US-101 N/B,,,6/19/2024 8:16:30 AM,A,N,130.0,CAPITOL EXPY,F,,D,6/19/2024 8:16:32 AM,6/19/2024 8:16:32 AM,False,True,4,,6/7/2024 9:33:00 AM,0933,False,,,True
2418192,9340-2024-02541,1,False,9340,6/7/2024 2:25:00 PM,1425,281,1368.0,4313.0,San Jose,43.0,True,True,B,SIDE SWIPE,,Friday,NotApplicable,False,M,,False,True,False,SANTA CLARA SUPERIOR COURT HALL OF JUSTICE,C,OTHER MOTOR VEHICLE,,0.0,0.0,CLEAR,, NO UNUSUAL CONDITIONS,, ,A,DAYLIGHT,37.315545,-121.907926,,,,,A,NO PEDESTRIANS INVOLVED,6/7/2024 2:25:00 PM,A,VC 22107,False,1.0,I-280 S/B,,,6/19/2024 8:13:28 AM,A,S,151.0,LINCOLN AVE,F,,D,6/19/2024 8:13:31 AM,6/19/2024 8:13:31 AM,False,True,4,,6/7/2024 2:51:00 PM,1451,False,,,True
2417871,9340-2024-02672,1,False,9340,6/16/2024 7:20:00 PM,1920,087,1368.0,4313.0,San Jose,43.0,True,True,B,SIDE SWIPE,,Sunday,Yes,False,,,False,True,True,SANTA CLARA SUPERIOR COURT HALL OF JUSTICE,C,OTHER MOTOR VEHICLE,,2.0,0.0,CLEAR,, NO UNUSUAL CONDITIONS,, ,A,DAYLIGHT,37.316972,-121.888985,,,,,A,NO PEDESTRIANS INVOLVED,6/16/2024 7:20:00 PM,A,VC 23152(a),True,1.0,SR-87 N/B,,,6/18/2024 9:38:22 PM,A,S,1125.0,WEST VIRGINIA ST,F,,D,6/18/2024 9:38:25 PM,6/18/2024 9:38:25 PM,False,True,4,,6/16/2024 7:21:00 PM,1921,False,,,True
2417840,9340-2024-02636,1,False,9340,6/13/2024 5:35:00 PM,1735,083,1368.0,4313.0,San Jose,43.0,True,True,B,SIDE SWIPE,,Thursday,NotApplicable,False,,,False,True,False,SANTA CLARA SUPERIOR COURT HALL OF JUSTICE,C,OTHER MOTOR VEHICLE,,0.0,0.0,CLEAR,, NO UNUSUAL CONDITIONS,, ,A,DAYLIGHT,37.25461,-121.845464,,,,,A,NO PEDESTRIANS INVOLVED,6/13/2024 5:35:00 PM,A,VC 21658(A),False,1.0,SR-85 S/B,,,6/18/2024 5:38:07 PM,A,N,2618.0,BLOSSOM HILL RD,F,,D,6/18/2024 5:38:10 PM,6/18/2024 5:38:10 PM,False,True,4,,6/13/2024 5:40:00 PM,1740,False,,,True
2417675,9340-2024-02608,1,False,9340,6/11/2024 8:50:00 AM,850,120,1368.0,4313.0,San Jose,43.0,True,True,E,HIT OBJECT,,Tuesday,NotApplicable,False,M,,False,True,False,SANTA CLARA SUPERIOR COURT HALL OF JUSTICE,I,FIXED OBJECT,GAURD RAIL ,0.0,0.0,CLEAR,, NO UNUSUAL CONDITIONS,, ,A,DAYLIGHT,37.366532,-121.906102,,,,,A,NO PEDESTRIANS INVOLVED,6/11/2024 8:50:00 AM,A,VC 22350,True,1.0,US-101 N/B ,,,6/18/2024 2:08:05 PM,A,S,1183.0,OLD BAYSHORE HWY,F,,D,6/18/2024 2:08:07 PM,6/18/2024 2:08:07 PM,False,True,4,True,6/11/2024 9:00:00 AM,0900,True,E20240180,,False
2417665,9340-2024-02605,1,False,9340,6/11/2024 11:00:00 PM,2300,089,1368.0,4313.0,San Jose,43.0,True,True,E,HIT OBJECT,,Tuesday,NotApplicable,False,,,False,True,True,SANTA CLARA SUPERIOR COURT HALL OF JUSTICE,I,FIXED OBJECT,GUARDRAIL,0.0,0.0,CLEAR,, NO UNUSUAL CONDITIONS,, ,D,DARK-NO STREET LIGHTS,37.401189,-121.910153,,,,,A,NO PEDESTRIANS INVOLVED,6/11/2024 11:00:00 PM,A,VC 22350,False,1.0,I-880 S/B FROM MONTAGUE EXPRESSWAY W/B,,,6/18/2024 2:00:53 PM,A,N,115.0,MONTAGUE EXPRESSWAY W/B,F,,D,6/18/2024 2:00:55 PM,6/18/2024 2:00:55 PM,False,True,4,,6/11/2024 11:07:00 PM,2307,False,,,True
2417655,9340-2024-02588,1,False,9340,6/9/2024 8:40:00 AM,840,110,1368.0,4313.0,San Jose,43.0,True,True,B,SIDE SWIPE,,Sunday,Yes,False,M,,False,True,True,SANTA CLARA SUPERIOR COURT HALL OF JUSTICE,C,OTHER MOTOR VEHICLE,,1.0,0.0,CLEAR,, NO UNUSUAL CONDITIONS,, ,A,DAYLIGHT,37.27145,-121.80321,,,,,A,NO PEDESTRIANS INVOLVED,6/9/2024 8:40:00 AM,A,VC 22109,True,2.0,US-101 N/B,,,6/18/2024 1:56:51 PM,A,S,2034.0,HELLYER AVE,F,,D,6/18/2024 1:56:53 PM,6/18/2024 1:56:53 PM,False,True,4,,6/9/2024 8:50:00 AM,0850,False,,,True
2417617,9340-2024-02602,1,False,9340,6/11/2024 4:26:00 PM,1626,083,1368.0,4313.0,San Jose,43.0,True,True,C,REAR END,,Tuesday,NotApplicable,False,M,,False,True,False,SANTA CLARA SUPERIOR COURT HALL OF JUSTICE,C,OTHER MOTOR VEHICLE,,1.0,0.0,CLEAR,, NO UNUSUAL CONDITIONS,, ,A,DAYLIGHT,37.250637,-121.930328,,,,,A,NO PEDESTRIANS INVOLVED,6/11/2024 4:26:00 PM,A,VC 22350,False,1.0,SR-85 S/B,,,6/18/2024 1:31:46 PM,A,S,251.0,UNION AVE,F,,D,6/18/2024 1:31:48 PM,6/18/2024 1:31:48 PM,False,True,4,,6/11/2024 4:45:00 PM,1645,False,,,True
2417597,9340-2024-02591,1,False,9340,6/10/2024 1:15:00 PM,1315,083,1368.0,4313.0,San Jose,43.0,True,True,C,REAR END,,Monday,NotApplicable,False,,,False,True,False,SANTA CLARA SUPERIOR COURT HALL OF JUSTICE,C,OTHER MOTOR VEHICLE,,0.0,0.0,CLEAR,, NO UNUSUAL CONDITIONS,, ,A,DAYLIGHT,37.252849,-121.884294,,,,,A,NO PEDESTRIANS INVOLVED,6/10/2024 1:15:00 PM,A,VC 22350,False,1.0,SR-85 S/B,,,6/18/2024 1:23:48 PM,A,N,2541.0,ALMADEN EXPY,F,,D,6/18/2024 1:23:51 PM,6/18/2024 1:23:51 PM,False,True,4,,6/10/2024 1:24:00 PM,1324,False,,,True
2417271,9340-2024-02628,1,False,9340,6/13/2024 7:30:00 AM,730,282,1368.0,4313.0,San Jose,43.0,True,True,B,SIDE SWIPE,,Thursday,NotApplicable,False,,,False,True,True,SANTA CLARA SUPERIOR COURT HALL OF JUSTICE,J,OTHER OBJECT,UTILITY TRAILER,0.0,0.0,CLEAR,, NO UNUSUAL CONDITIONS,, ,A,DAYLIGHT,37.316544,-121.960223,,,,,A,NO PEDESTRIANS INVOLVED,6/13/2024 7:30:00 AM,A,VC 21658(A),False,1.0,I-280 N/B,,,6/18/2024 9:53:47 AM,A,S,1056.0,SAN TOMAS EXPWY.,F,,D,6/18/2024 9:53:49 AM,6/18/2024 9:53:49 AM,False,True,4,False,6/13/2024 7:40:00 AM,0740,False,,,True
2417256,9340-2024-02623,1,False,9340,6/12/2024 5:55:00 PM,1755,089,1368.0,4313.0,San Jose,43.0,True,True,B,SIDE SWIPE,,Wednesday,NotApplicable,False,,,False,True,False,SANTA CLARA SUPERIOR COURT HALL OF JUSTICE,C,OTHER MOTOR VEHICLE,,0.0,0.0,CLEAR,, NO UNUSUAL CONDITIONS,, ,A,DAYLIGHT,37.425162,-121.916203,,,,,A,NO PEDESTRIANS INVOLVED,6/12/2024 5:55:00 PM,A,VC 21658(A),False,1.0,I-880 N/B,,,6/18/2024 9:42:01 AM,A,S,148.0,SR-237,F,,D,6/18/2024 9:42:05 AM,6/18/2024 9:42:05 AM,False,True,4,,6/12/2024 6:15:00 PM,1815,False,,,True