Collision Id,	Report Number,	Report Version,	Is Preliminary,	NCIC Code,Crash Date Time,	Crash Time Description,	Beat,City Id,	City Code,	City Name,County Code,	City Is Active,	City Is Incorporated,	Collision Type Code,Collision Type Description,	Collision Type Other Desc,	Day Of Week,	DispatchNotified,	HasPhotographs,	HitRun,	IsAttachmentsMailed,	IsDeleted,	IsHighwayRelated,	IsTowAway,	JudicialDistrict,	MotorVehicleInvolvedWithCode,	MotorVehicleInvolvedWithDesc,MotorVehicleInvolvedWithOtherDesc,	NumberInjured,	NumberKilled,Weather 1, Weather 2, Road Condition 1, Road Condition 2, Special Condition,LightingCode, LightingDescription,Latitude,Longitude,MilepostDirection,MilepostDistance,MilepostMarker,MilepostUnitOfMeasure,	PedestrianActionCode,PedestrianActionDesc,PreparedDate,	Primary Collision Factor Code,Primary Collision Factor Violation,PrimaryCollisionFactorIsCited,	PrimaryCollisionPartyNumber,	PrimaryRoad,	ReportingDistrict,	ReportingDistrictCode,ReviewedDate,	RoadwaySurfaceCode,SecondaryDirection,	SecondaryDistance,	SecondaryRoad,	SecondaryUnitOfMeasure,	SketchDesc,	TrafficControlDeviceCode,CreatedDate,	ModifiedDate,IsCountyRoad,IsFreeway,CHP555Version,	IsAdditonalObjectStruck,NotificationDate,	NotificationTimeDescription,	HasDigitalMediaFiles,	EvidenceNumber,	IsLocationReferToNarrative,	IsAOIOneSameAsLocation
2417247,9340-2024-02622,1,False,9340,6/12/2024 5:45:00 PM,1745,282,1368.0,4313.0,San Jose,43.0,True,True,C,REAR END,,Wednesday,NotApplicable,False,,,False,True,False,SANTA CLARA SUPERIOR COURT HALL OF JUSTICE,C,OTHER MOTOR VEHICLE,,1.0,0.0,CLEAR,, NO UNUSUAL CONDITIONS,, ,A,DAYLIGHT,37.321026,-121.996334,,,,,A,NO PEDESTRIANS INVOLVED,6/12/2024 5:45:00 PM,A,VC 22350,False,1.0,I-280 S/B,,,6/18/2024 9:37:56 AM,A,N,207.0,LAWRENCE EXPRESSWAY,F,,D,6/18/2024 9:38:00 AM,6/18/2024 9:38:00 AM,False,True,4,,6/12/2024 5:50:00 PM,1750,False,,,True
2417073,9340-2024-02529,1,False,9340,6/6/2024 9:05:00 AM,905,240,1368.0,4313.0,San Jose,43.0,True,True,B,SIDE SWIPE,,Thursday,NotApplicable,False,,,False,True,False,SANTA CLARA SUPERIOR COURT HALL OF JUSTICE,C,OTHER MOTOR VEHICLE,,0.0,0.0,CLEAR,, NO UNUSUAL CONDITIONS,, ,A,DAYLIGHT,37.421996,-121.932715,,,,,A,NO PEDESTRIANS INVOLVED,6/6/2024 9:05:00 AM,A,VC 21658(A),False,1.0,SR-237 W/B,,,6/18/2024 7:37:10 AM,A,E,2120.0,ZANKER RD.,F,,D,6/18/2024 7:37:16 AM,6/18/2024 7:37:16 AM,False,True,4,,6/6/2024 9:09:00 AM,0909,False,,,True
2417047,9340-2024-02528,1,False,9340,6/6/2024 8:40:00 AM,840,281,1368.0,4313.0,San Jose,43.0,True,True,B,SIDE SWIPE,,Thursday,Yes,False,,,False,True,False,SANTA CLARA SUPERIOR COURT HALL OF JUSTICE,C,OTHER MOTOR VEHICLE,,1.0,0.0,CLEAR,, NO UNUSUAL CONDITIONS,, ,A,DAYLIGHT,37.338968,-121.853241,,,,,A,NO PEDESTRIANS INVOLVED,6/6/2024 8:40:00 AM,A,VC 21658(A),False,1.0,I-280 N/B,,,6/18/2024 7:17:27 AM,A,N,385.59,US-101,F,,D,6/18/2024 7:17:32 AM,6/18/2024 7:17:32 AM,False,True,4,,6/6/2024 8:55:00 AM,0855,True,EMBEDDED,,True
2416670,9340-2024-02615,1,False,9340,6/12/2024 2:23:00 PM,1423,087,1368.0,4313.0,San Jose,43.0,True,True,B,SIDE SWIPE,,Wednesday,NotApplicable,False,,,False,True,False,SANTA CLARA SUPERIOR COURT HALL OF JUSTICE,C,OTHER MOTOR VEHICLE,,1.0,0.0,CLEAR,, NO UNUSUAL CONDITIONS,, ,A,DAYLIGHT,37.25509,-121.852518,,,,,A,NO PEDESTRIANS INVOLVED,6/12/2024 2:23:00 PM,A,VC 22107,False,,SR-87 S/B TO SR-85 S/B,,,6/17/2024 8:47:36 PM,A,S,1805.0,SANTA TERESA BLVD,F,,D,6/17/2024 8:47:39 PM,6/17/2024 8:47:39 PM,False,True,4,,6/12/2024 2:28:00 PM,1428,False,,,True
2416509,9340-2024-02592,1,False,9340,6/9/2024 12:20:00 PM,1220,110,1368.0,4313.0,San Jose,43.0,True,True,B,SIDE SWIPE,,Sunday,NotApplicable,False,,,False,True,False,SANTA CLARA SUPERIOR COURT HALL OF JUSTICE,C,OTHER MOTOR VEHICLE,,3.0,0.0,CLEAR,, NO UNUSUAL CONDITIONS,, ,A,DAYLIGHT,37.3628,-121.8883,,,,,A,NO PEDESTRIANS INVOLVED,6/9/2024 12:20:00 PM,A,VC 21658(A),False,1.0,US-101 N/B,,,6/17/2024 3:09:06 PM,A,S,950.0,OAKLAND RD,F,,D,6/17/2024 3:09:09 PM,6/17/2024 3:09:09 PM,False,True,4,,6/9/2024 12:30:00 PM,1230,False,,,True
2416390,9340-2024-02638,1,False,9340,6/6/2024 11:15:00 PM,2315,088,1368.0,4313.0,San Jose,43.0,True,True,C,REAR END,,Thursday,Yes,False,,,False,True,False,SANTA CLARA SUPERIOR COURT HALL OF JUSTICE,C,OTHER MOTOR VEHICLE,,0.0,0.0,CLEAR,, NO UNUSUAL CONDITIONS,, ,C,DARK-STREET LIGHTS,37.347293,-121.92026,,,,,A,NO PEDESTRIANS INVOLVED,6/6/2024 11:15:00 PM,A,VC 23152(A),True,1.0,I-880 N/B,,,6/17/2024 1:24:12 PM,A,S,777.0,COLEMAN AVE,F,,D,6/17/2024 1:24:16 PM,6/17/2024 1:24:16 PM,False,True,4,,6/6/2024 11:20:00 PM,2320,False,,,True
2416303,9340-2024-02647,1,False,9340,6/7/2024 3:30:00 AM,330,089,1368.0,4313.0,San Jose,43.0,True,True,C,REAR END,,Friday,NotApplicable,False,M,,False,True,False,SANTA CLARA SUPERIOR COURT HALL OF JUSTICE,C,OTHER MOTOR VEHICLE,,0.0,0.0,CLEAR,, NO UNUSUAL CONDITIONS,, ,C,DARK-STREET LIGHTS,37.374745,-121.902538,,,,,A,NO PEDESTRIANS INVOLVED,6/7/2024 3:30:00 AM,A,VC 22350,False,1.0,I-880 N/B,,,6/17/2024 12:18:01 PM,A,S,2727.0,E BROKAW ROAD,F,,D,6/17/2024 12:18:11 PM,6/17/2024 12:18:11 PM,False,True,4,,6/7/2024 4:09:00 AM,0409,False,,,True
2415720,9340-2024-02586,1,False,9340,6/10/2024 9:45:00 PM,2145,120,1368.0,4313.0,San Jose,43.0,True,True,B,SIDE SWIPE,,Monday,NotApplicable,False,,,False,True,False,SANTA CLARA SUPERIOR COURT HALL OF JUSTICE,C,OTHER MOTOR VEHICLE,,0.0,0.0,CLEAR,, NO UNUSUAL CONDITIONS,, ,D,DARK-NO STREET LIGHTS,37.364144,-121.902407,,,,,A,NO PEDESTRIANS INVOLVED,6/10/2024 9:45:00 PM,A,VC 21658(A),False,1.0,US-101 S/B,,,6/16/2024 8:41:33 PM,A,N,65.0,I-880,F,,D,6/16/2024 8:41:40 PM,6/16/2024 8:41:40 PM,False,True,4,,6/10/2024 9:48:00 PM,2148,False,,,True
2415719,9340-2024-02582,1,False,9340,6/10/2024 7:15:00 PM,1915,089,1368.0,4313.0,San Jose,43.0,True,True,E,HIT OBJECT,,Monday,NotApplicable,False,,,False,True,True,SANTA CLARA SUPERIOR COURT HALL OF JUSTICE,I,FIXED OBJECT,CONCRETE BARRIER,0.0,0.0,CLEAR,, NO UNUSUAL CONDITIONS,, ,A,DAYLIGHT,37.334601,-121.93582,,,,,A,NO PEDESTRIANS INVOLVED,6/10/2024 7:15:00 PM,A,VC 22350,False,1.0,I-880 N/B TO BASCOM AVE N/B,,,6/16/2024 8:40:26 PM,A,N,160.0,BASCOM AVE,F,,A,6/16/2024 8:40:31 PM,6/16/2024 8:40:31 PM,False,True,4,,6/10/2024 7:18:00 PM,1918,False,,,True
2415718,9340-2024-02570,1,False,9340,6/9/2024 4:48:00 PM,1648,681,1368.0,4313.0,San Jose,43.0,True,True,C,REAR END,,Sunday,NotApplicable,False,M,,False,True,False,SANTA CLARA SUPERIOR COURT HALL OF JUSTICE,C,OTHER MOTOR VEHICLE,,0.0,0.0,CLEAR,, NO UNUSUAL CONDITIONS,, ,A,DAYLIGHT,37.346276,-121.842953,,,,,A,NO PEDESTRIANS INVOLVED,6/9/2024 4:48:00 PM,A,VC 22107,False,1.0,I-680 S/B,,,6/16/2024 8:34:01 PM,A,N,1404.0,KING RD,F,,D,6/16/2024 8:34:09 PM,6/16/2024 8:34:09 PM,False,True,4,,6/9/2024 4:52:00 PM,1652,False,,,True
2415717,9340-2024-02585,1,False,9340,6/8/2024 4:35:00 AM,435,110,1368.0,4313.0,San Jose,43.0,True,True,E,HIT OBJECT,,Saturday,NotApplicable,False,,,False,True,False,SANTA CLARA SUPERIOR COURT HALL OF JUSTICE,I,FIXED OBJECT,DIRT MOUND,1.0,0.0,CLEAR,, NO UNUSUAL CONDITIONS,, ,B,DUSK-DAWN,37.342846,-121.855596,,,,,A,NO PEDESTRIANS INVOLVED,6/8/2024 4:35:00 AM,A,VC 22107,False,1.0,US-101 S/B TO I-280 N/B,,,6/16/2024 8:24:11 PM,A,N,1493.0,I-280,F,,D,6/16/2024 8:24:24 PM,6/16/2024 8:24:24 PM,False,True,4,False,6/8/2024 4:43:00 AM,0443,False,,,
2415716,9340-2024-02536,1,False,9340,6/7/2024 7:00:00 AM,700,681,1368.0,4313.0,San Jose,43.0,True,True,H,OTHER,POPPED TIRE,Friday,NotApplicable,False,,,False,True,False,SANTA CLARA SUPERIOR COURT HALL OF JUSTICE,A,NON-COLLISION,,0.0,0.0,CLEAR,, NO UNUSUAL CONDITIONS,, ,A,DAYLIGHT,37.384575,-121.862749,,,,,A,NO PEDESTRIANS INVOLVED,6/7/2024 7:00:00 AM,C,,,,I-680 N/B,,,6/16/2024 8:14:19 PM,A,S,5.0,BERRYESSA RD.,F,,D,6/16/2024 8:14:38 PM,6/16/2024 8:14:38 PM,False,True,4,,6/7/2024 7:03:00 AM,0703,False,,,
2415110,9340-2024-02523,1,False,9340,6/4/2024 6:47:00 PM,1847,282,1368.0,4313.0,San Jose,43.0,True,True,C,REAR END,,Tuesday,NotApplicable,False,M,,False,True,False,SANTA CLARA SUPERIOR COURT HALL OF JUSTICE,C,OTHER MOTOR VEHICLE,,1.0,0.0,CLEAR,, NO UNUSUAL CONDITIONS,, ,A,DAYLIGHT,37.317935,-121.980482,,,,,A,NO PEDESTRIANS INVOLVED,6/4/2024 6:47:00 PM,A,VC 22350,False,1.0,I-280 S/B,,,6/14/2024 2:59:04 PM,A,N,1565.0,SARATOGA AVE,F,,D,6/14/2024 2:59:07 PM,6/14/2024 2:59:07 PM,False,True,4,,6/4/2024 6:49:00 PM,1849,False,,,True
2415025,9340-2024-02609,1,False,9340,6/12/2024 7:15:00 AM,715,281,1368.0,4313.0,San Jose,43.0,True,True,B,SIDE SWIPE,,Wednesday,NotApplicable,False,,,False,True,False,SANTA CLARA SUPERIOR COURT HALL OF JUSTICE,D,MOTOR VEHICLE ON OTHER ROADWAY,,0.0,0.0,CLEAR,, NO UNUSUAL CONDITIONS,, ,A,DAYLIGHT,37.336475,-121.85685,,,,,A,NO PEDESTRIANS INVOLVED,6/12/2024 7:15:00 AM,A,VC 21658(A),False,1.0,I-280 S/B,,,6/14/2024 1:42:37 PM,A,S,107.0,MCLAUGHLIN AVE,F,,D,6/14/2024 1:42:40 PM,6/14/2024 1:42:40 PM,False,True,4,,6/12/2024 7:24:00 AM,0724,False,,,True
2414944,9340-2024-02564,1,False,9340,6/9/2024 9:00:00 AM,900,120,1368.0,4313.0,San Jose,43.0,True,True,E,HIT OBJECT,,Sunday,Yes,False,,,False,True,False,SANTA CLARA SUPERIOR COURT HALL OF JUSTICE,I,FIXED OBJECT,DESCENDING EMBANKMENT,1.0,0.0,CLEAR,, NO UNUSUAL CONDITIONS,, ,A,DAYLIGHT,37.369471,-121.909556,,,,,A,NO PEDESTRIANS INVOLVED,6/9/2024 9:00:00 AM,A,VC 22107,False,1.0,US-101 N/B,,,6/14/2024 12:04:02 PM,A,S,2969.0,BROKAW RD,F,,D,6/14/2024 12:04:07 PM,6/14/2024 12:04:07 PM,False,True,4,,6/9/2024 9:05:00 AM,0905,True,EMBEDDED,,False
2414942,9340-2024-02603,1,False,9340,6/11/2024 9:08:00 PM,2108,110,1368.0,4313.0,San Jose,43.0,True,True,B,SIDE SWIPE,,Tuesday,NotApplicable,False,,,False,True,False,SANTA CLARA SUPERIOR COURT HALL OF JUSTICE,C,OTHER MOTOR VEHICLE,,0.0,0.0,CLEAR,, NO UNUSUAL CONDITIONS,, ,C,DARK-STREET LIGHTS,37.342599,-121.855133,,,,,A,NO PEDESTRIANS INVOLVED,6/11/2024 9:08:00 PM,A,VC 22107,False,1.0,US-101 S/B,,,6/14/2024 12:01:13 PM,A,N,1330.0,I-280,F,,D,6/14/2024 12:01:16 PM,6/14/2024 12:01:16 PM,False,True,4,,6/11/2024 9:24:00 PM,2124,True,AREA PHOTO FILE,,True
2414747,9340-2024-02555,1,False,9340,6/8/2024 11:45:00 AM,1145,120,1368.0,4313.0,San Jose,43.0,True,True,B,SIDE SWIPE,,Saturday,NotApplicable,False,,,False,True,False,SANTA CLARA SUPERIOR COURT HALL OF JUSTICE,C,OTHER MOTOR VEHICLE,,0.0,0.0,CLEAR,, NO UNUSUAL CONDITIONS,, ,A,DAYLIGHT,37.36384,-121.90147,,,,,A,NO PEDESTRIANS INVOLVED,6/8/2024 11:45:00 AM,A,VC 21658(A),False,1.0,US-101 S/B,,,6/14/2024 7:22:01 AM,A,S,114.0,I-880,F,,D,6/14/2024 7:22:06 AM,6/14/2024 7:22:06 AM,False,True,4,,6/8/2024 11:50:00 AM,1150,True,EMBEDDED,,True
2414746,9340-2024-02551,1,False,9340,6/7/2024 1:05:00 PM,1305,085,1368.0,4313.0,San Jose,43.0,True,True,C,REAR END,,Friday,NotApplicable,False,,,False,True,False,SANTA CLARA SUPERIOR COURT HALL OF JUSTICE,C,OTHER MOTOR VEHICLE,,0.0,0.0,CLEAR,, NO UNUSUAL CONDITIONS,, ,A,DAYLIGHT,37.25547,-121.87486,,,,,A,NO PEDESTRIANS INVOLVED,6/7/2024 1:05:00 PM,A,VC 22107,False,1.0,SR-85 S/B FROM ALMADEN EXPY S/B,,,6/14/2024 7:17:50 AM,A,S,200.0,ALMADEN EXPY,F,,D,6/14/2024 7:17:52 AM,6/14/2024 7:17:52 AM,False,True,4,,6/7/2024 1:28:00 PM,1328,False,,,True
2414462,9340-2024-02463,1,False,9340,5/31/2024 3:56:00 PM,1556,281,1368.0,4313.0,San Jose,43.0,True,True,B,SIDE SWIPE,,Friday,NotApplicable,False,,,False,True,False,SANTA CLARA SUPERIOR COURT HALL OF JUSTICE,C,OTHER MOTOR VEHICLE,,0.0,0.0,CLEAR,, NO UNUSUAL CONDITIONS,, ,A,DAYLIGHT,37.32188,-121.89941,,,,,A,NO PEDESTRIANS INVOLVED,5/31/2024 3:56:00 PM,A,VC 22350,False,1.0,I-280 N/B,,,6/13/2024 6:43:20 PM,A,N,143.0,BIRD AVE,F,,D,6/13/2024 6:43:32 PM,6/13/2024 6:43:32 PM,False,True,4,,5/31/2024 3:57:00 PM,1557,False,,,True
2414461,9340-2024-02502,1,False,9340,6/3/2024 2:45:00 PM,1445,901,1368.0,4313.0,San Jose,43.0,True,True,B,SIDE SWIPE,,Monday,NotApplicable,False,,,False,False,False,SANTA CLARA SUPERIOR COURT HALL OF JUSTICE,C,OTHER MOTOR VEHICLE,,0.0,0.0,CLEAR,, NO UNUSUAL CONDITIONS,, School Bus Collision,A,DAYLIGHT,37.326888,-121.829191,,,,,A,NO PEDESTRIANS INVOLVED,6/3/2024 2:45:00 PM,A,VC 22454(A),True,1.0,ORLANDO DR,,,6/13/2024 6:31:10 PM,A,N,296.0,WAVERLY AVE,F,,A,6/13/2024 6:31:22 PM,6/13/2024 6:31:22 PM,False,False,4,,6/3/2024 3:15:00 PM,1515,True,AREA PHOTO FILE,,True
2414293,9340-2024-02596,1,False,9340,6/11/2024 2:55:00 PM,1455,110,1368.0,4313.0,San Jose,43.0,True,True,B,SIDE SWIPE,,Tuesday,NotApplicable,False,,,False,True,True,SANTA CLARA SUPERIOR COURT HALL OF JUSTICE,C,OTHER MOTOR VEHICLE,,0.0,0.0,CLEAR,, NO UNUSUAL CONDITIONS,, ,A,DAYLIGHT,37.323729,-121.836488,,,,,A,NO PEDESTRIANS INVOLVED,6/11/2024 2:55:00 PM,A,VC 21658(A),False,1.0,US-101 N/B,,,6/13/2024 3:08:23 PM,A,N,2344.0,TULLY RD,F,,D,6/13/2024 3:08:25 PM,6/13/2024 3:08:25 PM,False,True,4,True,6/11/2024 3:00:00 PM,1500,False,,,True
2414240,9340-2024-02517,1,False,9340,6/4/2024 2:00:00 PM,1400,089,1368.0,4313.0,San Jose,43.0,True,True,B,SIDE SWIPE,,Tuesday,Yes,False,,,False,True,True,SANTA CLARA SUPERIOR COURT HALL OF JUSTICE,C,OTHER MOTOR VEHICLE,,1.0,0.0,CLEAR,, NO UNUSUAL CONDITIONS,, ,A,DAYLIGHT,37.389931,-121.906061,,,,,A,NO PEDESTRIANS INVOLVED,6/4/2024 2:00:00 PM,A,VC 21658(A),False,1.0,I-880 N/B,,,6/13/2024 2:26:56 PM,A,N,2845.0,BROKAW RD,F,,D,6/13/2024 2:26:59 PM,6/13/2024 2:26:59 PM,False,True,4,,6/4/2024 2:05:00 PM,1405,False,,,True
2414236,9340-2024-02505,1,False,9340,6/3/2024 4:45:00 PM,1645,089,1368.0,4313.0,San Jose,43.0,True,True,C,REAR END,,Monday,NotApplicable,False,,,False,True,True,SANTA CLARA SUPERIOR COURT HALL OF JUSTICE,C,OTHER MOTOR VEHICLE,,2.0,0.0,CLEAR,, NO UNUSUAL CONDITIONS,, ,A,DAYLIGHT,37.375339,-121.902929,,,,,A,NO PEDESTRIANS INVOLVED,6/3/2024 4:45:00 PM,A,VC 22350,False,1.0,I-880 S/B,,,6/13/2024 2:24:02 PM,A,S,2545.0,BROKAW RD,F,,D,6/13/2024 2:24:06 PM,6/13/2024 2:24:06 PM,False,True,4,,6/3/2024 4:50:00 PM,1650,False,,,True
2414203,9340-2024-02590,1,False,9340,6/11/2024 7:50:00 AM,750,281,1368.0,4313.0,San Jose,43.0,True,True,C,REAR END,,Tuesday,NotApplicable,False,,,False,True,False,SANTA CLARA SUPERIOR COURT HALL OF JUSTICE,C,OTHER MOTOR VEHICLE,,2.0,0.0,CLEAR,, NO UNUSUAL CONDITIONS,, ,A,DAYLIGHT,37.314855,-121.910562,,,,,A,NO PEDESTRIANS INVOLVED,6/11/2024 7:50:00 AM,A,VC 22350,False,1.0,I-280 N/B,,,6/13/2024 1:54:33 PM,A,S,85.0,RACE ST,F,,D,6/13/2024 1:54:36 PM,6/13/2024 1:54:36 PM,False,True,4,,6/11/2024 8:00:00 AM,0800,False,,,True
2414153,9340-2024-02611,1,False,9340,6/10/2024 3:06:00 PM,1506,681,1368.0,4313.0,San Jose,43.0,True,True,B,SIDE SWIPE,,Monday,NotApplicable,False,M,,False,True,False,SANTA CLARA SUPERIOR COURT HALL OF JUSTICE,C,OTHER MOTOR VEHICLE,,0.0,0.0,CLEAR,, NO UNUSUAL CONDITIONS,, ,A,DAYLIGHT,37.344937,-121.844622,,,,,A,NO PEDESTRIANS INVOLVED,6/10/2024 3:06:00 PM,A,VC 21658(A),False,1.0,I-680 S/B,,,6/13/2024 1:27:54 PM,A,N,653.0,KING RD,F,,D,6/13/2024 1:27:57 PM,6/13/2024 1:27:57 PM,False,True,4,,6/10/2024 3:54:00 PM,1554,False,,,True
2414121,9340-2024-02492,1,False,9340,6/2/2024 7:43:00 PM,1943,172,1368.0,4313.0,San Jose,43.0,True,True,C,REAR END,,Sunday,NotApplicable,False,,,False,True,True,SANTA CLARA SUPERIOR COURT HALL OF JUSTICE,C,OTHER MOTOR VEHICLE,,0.0,0.0,CLEAR,, NO UNUSUAL CONDITIONS,, ,A,DAYLIGHT,37.318749,-121.940587,,,,,A,NO PEDESTRIANS INVOLVED,6/2/2024 7:43:00 PM,A,VC 22350,False,1.0,SR-17 S/B FROM STEVENS CREEK BLVD,,,6/13/2024 1:05:32 PM,A,N,473.0,I-280,F,,D,6/13/2024 1:05:33 PM,6/13/2024 1:05:33 PM,False,True,4,,6/2/2024 7:55:00 PM,1955,False,,,True
2414089,9340-2024-02576,1,False,9340,6/10/2024 3:30:00 PM,1530,089,1368.0,4313.0,San Jose,43.0,True,True,C,REAR END,,Monday,NotApplicable,False,,,False,True,True,SANTA CLARA SUPERIOR COURT HALL OF JUSTICE,C,OTHER MOTOR VEHICLE,,0.0,0.0,CLEAR,, NO UNUSUAL CONDITIONS,, ,A,DAYLIGHT,37.413684,-121.91219,,,,,A,NO PEDESTRIANS INVOLVED,6/10/2024 3:30:00 PM,A,VC 22350,False,1.0,I-880 N/B,,,6/13/2024 12:32:28 PM,A,S,612.0,GREAT MALL PKY,F,,D,6/13/2024 12:32:31 PM,6/13/2024 12:32:31 PM,False,True,4,,6/10/2024 3:35:00 PM,1535,False,,,True
2414059,9340-2024-02575,1,False,9340,6/10/2024 2:10:00 PM,1410,083,1368.0,4313.0,San Jose,43.0,True,True,C,REAR END,,Monday,NotApplicable,False,,,False,True,False,SANTA CLARA SUPERIOR COURT HALL OF JUSTICE,C,OTHER MOTOR VEHICLE,,1.0,0.0,CLEAR,, NO UNUSUAL CONDITIONS,, ,A,DAYLIGHT,37.250365,-121.910822,,,,,A,NO PEDESTRIANS INVOLVED,6/10/2024 2:10:00 PM,A,VC 22350,False,1.0,SR-85 S/B TO CAMDEN AVENUE ,,,6/13/2024 11:56:35 AM,A,N,61.0,CAMDEN AVE,F,,D,6/13/2024 11:56:37 AM,6/13/2024 11:56:37 AM,False,True,4,,6/10/2024 2:11:00 PM,1411,False,,,True
2414006,9340-2024-02423,2,False,9340,5/29/2024 12:00:00 AM,1140,120,1368.0,4313.0,San Jose,43.0,True,True,B,SIDE SWIPE,,Wednesday,Yes,False,F,,False,True,True,SANTA CLARA SUPERIOR COURT HALL OF JUSTICE,C,OTHER MOTOR VEHICLE,,2.0,0.0,CLEAR,, HOLES- DEEPRUT*,, ,D,DARK-NO STREET LIGHTS,37.395611,-122.01304,,,,,A,NO PEDESTRIANS INVOLVED,5/29/2024 12:00:00 AM,A,VC 22107,False,1.0,US-101 S/B ,,,10/22/2024 1:03:18 PM,A,N,8.0,FAIR OAK AVENUE,F,,D,6/13/2024 11:07:23 AM,10/22/2024 1:03:23 PM,False,True,4,,5/29/2024 12:00:00 AM,1145,True,AREA / EMBEDDED,,True
2413915,9340-2024-02509,2,False,9340,6/3/2024 2:40:00 PM,1440,240,1368.0,4313.0,San Jose,43.0,True,True,C,REAR END,,Monday,NotApplicable,False,,,False,True,True,SANTA CLARA SUPERIOR COURT HALL OF JUSTICE,C,OTHER MOTOR VEHICLE,,1.0,0.0,CLEAR,, NO UNUSUAL CONDITIONS,, ,A,DAYLIGHT,37.419273,-121.945525,,,,,A,NO PEDESTRIANS INVOLVED,6/3/2024 2:40:00 PM,A,VC 22350,False,1.0,SR-237 E/B,,,6/26/2024 8:01:03 AM,A,W,1650.0,ZANKER RD,F,,D,6/13/2024 10:05:57 AM,6/26/2024 8:01:08 AM,False,True,4,,6/3/2024 2:45:00 PM,1445,False,,,True
2413894,9340-2024-02499,1,False,9340,6/3/2024 12:55:00 PM,1255,120,1368.0,4313.0,San Jose,43.0,True,True,B,SIDE SWIPE,,Monday,NotApplicable,False,,,False,True,False,SANTA CLARA SUPERIOR COURT HALL OF JUSTICE,C,OTHER MOTOR VEHICLE,,0.0,0.0,CLEAR,, NO UNUSUAL CONDITIONS,, ,A,DAYLIGHT,37.363968,-121.90192,,,,,A,NO PEDESTRIANS INVOLVED,6/3/2024 12:55:00 PM,A,VC 22107,False,1.0,US-101 S/B,,,6/13/2024 9:53:13 AM,A,S,90.0,I-880,F,,D,6/13/2024 9:53:20 AM,6/13/2024 9:53:20 AM,False,True,4,,6/3/2024 1:04:00 PM,1304,False,,,True
2413865,9340-2024-02584,1,False,9340,6/3/2024 1:30:00 AM,130,110,1368.0,4313.0,San Jose,43.0,True,True,E,HIT OBJECT,,Monday,Yes,False,,,False,True,True,SANTA CLARA SUPERIOR COURT HALL OF JUSTICE,I,FIXED OBJECT,METAL GUARDRAIL,1.0,0.0,CLEAR,, NO UNUSUAL CONDITIONS,, ,D,DARK-NO STREET LIGHTS,37.359943,-121.87428,,,,,A,NO PEDESTRIANS INVOLVED,6/3/2024 1:30:00 AM,A,VC 23152(A),True,1.0,US-101 S/B,,,6/13/2024 9:29:03 AM,A,S,1046.0,TAYLOR ST,F,,D,6/13/2024 9:29:06 AM,6/13/2024 9:29:06 AM,False,True,4,,6/3/2024 1:50:00 AM,0150,False,,,
2434283,9340-2024-02827,1,False,9340,6/28/2024 2:35:00 PM,1435,681,1368.0,4313.0,San Jose,43.0,True,True,C,REAR END,,Friday,NotApplicable,False,,,False,True,True,SANTA CLARA SUPERIOR COURT HALL OF JUSTICE,C,OTHER MOTOR VEHICLE,,2.0,0.0,CLEAR,, NO UNUSUAL CONDITIONS,, ,A,DAYLIGHT,37.347116,-121.841956,,,,,A,NO PEDESTRIANS INVOLVED,6/28/2024 2:35:00 PM,A,VC 22350,False,1.0,I-680 SB ,,,7/9/2024 1:31:22 PM,A,N,1845.0,S KING RD,F,,D,7/9/2024 1:31:25 PM,7/9/2024 1:31:25 PM,False,True,4,,6/28/2024 2:45:00 PM,1445,False,,False,True
2434280,9340-2024-02817,1,False,9340,6/27/2024 2:50:00 PM,1450,172,1368.0,4313.0,San Jose,43.0,True,True,C,REAR END,,Thursday,NotApplicable,False,,,False,True,True,SANTA CLARA SUPERIOR COURT HALL OF JUSTICE,C,OTHER MOTOR VEHICLE,,2.0,0.0,CLEAR,, NO UNUSUAL CONDITIONS,, ,A,DAYLIGHT,37.307922,-121.940469,,,,,A,NO PEDESTRIANS INVOLVED,6/27/2024 2:50:00 PM,A,VC 22350,False,1.0,SR-17 N/B,,,7/9/2024 1:29:00 PM,A,N,1000.0,DOWNING AVE PEDESTRIAN OVERCROSS,F,,D,7/9/2024 1:29:03 PM,7/9/2024 1:29:03 PM,False,True,4,,6/27/2024 3:00:00 PM,1500,False,,False,True
2434277,9340-2024-02882,1,False,9340,7/2/2024 2:15:00 PM,1415,120,1368.0,4313.0,San Jose,43.0,True,True,C,REAR END,,Tuesday,NotApplicable,False,,,False,True,False,SANTA CLARA SUPERIOR COURT HALL OF JUSTICE,C,OTHER MOTOR VEHICLE,,0.0,0.0,CLEAR,, NO UNUSUAL CONDITIONS,, ,A,DAYLIGHT,37.375943,-121.938765,,,,,A,NO PEDESTRIANS INVOLVED,7/2/2024 2:15:00 PM,A,VC 22350,False,1.0,US-101 S/B FROM DE LA CRUZ BLVD,,,7/9/2024 1:27:22 PM,A,S,950.0,DE LA CRUZ BLVD,F,,D,7/9/2024 1:27:39 PM,7/9/2024 1:27:39 PM,False,True,4,,7/2/2024 2:25:00 PM,1425,False,,,True