Collision Id,	Report Number,	Report Version,	Is Preliminary,	NCIC Code,Crash Date Time,	Crash Time Description,	Beat,City Id,	City Code,	City Name,County Code,	City Is Active,	City Is Incorporated,	Collision Type Code,Collision Type Description,	Collision Type Other Desc,	Day Of Week,	DispatchNotified,	HasPhotographs,	HitRun,	IsAttachmentsMailed,	IsDeleted,	IsHighwayRelated,	IsTowAway,	JudicialDistrict,	MotorVehicleInvolvedWithCode,	MotorVehicleInvolvedWithDesc,MotorVehicleInvolvedWithOtherDesc,	NumberInjured,	NumberKilled,Weather 1, Weather 2, Road Condition 1, Road Condition 2, Special Condition,LightingCode, LightingDescription,Latitude,Longitude,MilepostDirection,MilepostDistance,MilepostMarker,MilepostUnitOfMeasure,	PedestrianActionCode,PedestrianActionDesc,PreparedDate,	Primary Collision Factor Code,Primary Collision Factor Violation,PrimaryCollisionFactorIsCited,	PrimaryCollisionPartyNumber,	PrimaryRoad,	ReportingDistrict,	ReportingDistrictCode,ReviewedDate,	RoadwaySurfaceCode,SecondaryDirection,	SecondaryDistance,	SecondaryRoad,	SecondaryUnitOfMeasure,	SketchDesc,	TrafficControlDeviceCode,CreatedDate,	ModifiedDate,IsCountyRoad,IsFreeway,CHP555Version,	IsAdditonalObjectStruck,NotificationDate,	NotificationTimeDescription,	HasDigitalMediaFiles,	EvidenceNumber,	IsLocationReferToNarrative,	IsAOIOneSameAsLocation
2453581,24-0258,2,False,4317,3/12/2024 1:19:00 PM,1319,,1809.0,4317.0,San Jose State Univ,43.0,True,True,H,OTHER,,Tuesday,,,,,False,False,False,,E,PARKED MOTOR VEHICLE,,0.0,0.0,CLEAR,, NO UNUSUAL CONDITIONS - NO UNUSUAL CONDITIONS,, ,A,DAYLIGHT,37.33351,-121.88025,,,,,A,NO PEDESTRIANS INVOLVED,,A,22106,,1.0,S 7TH ST,,,,A,,,SALLY PORT,,,D,7/22/2024 10:53:29 AM,1/28/2025 11:09:32 AM,,,3,,,,,,,
2453133,2024-240130405,2,False,4313,1/13/2024 1:20:00 PM,1320,W4,1368.0,4313.0,San Jose,43.0,True,True,D,BROADSIDE,,Saturday,,,,,False,False,False,,G,BICYCLE,,1.0,0.0,CLEAR,, NO UNUSUAL CONDITIONS - NO UNUSUAL CONDITIONS,, ,A,DAYLIGHT,,,,,,,A,NO PEDESTRIANS INVOLVED,,A,21453,,1.0,MCKEE RD,FOOTH,,,A,,,CAPITOL EXPWY,,,A,7/22/2024 10:53:08 AM,1/28/2025 11:09:12 AM,,,2,,,,,,,
2453003,2024-240320238,2,False,4313,2/1/2024 9:33:00 AM,933,4,1368.0,4313.0,San Jose,43.0,True,True,A,HEAD-ON,,Thursday,,,F,,False,True,True,,C,OTHER MOTOR VEHICLE,,2.0,0.0,CLOUDY,RAINING, NO UNUSUAL CONDITIONS - NO UNUSUAL CONDITIONS,, ,A,DAYLIGHT,,,,,,,A,NO PEDESTRIANS INVOLVED,,A,21453,,1.0,E SANTA CLARA ST,KING,,,B,W,26.0,HWY 101,F,,A,7/22/2024 10:53:02 AM,1/28/2025 11:09:07 AM,,,2,,,,,,,
2453002,2024-240320658,2,False,4313,2/1/2024 4:50:00 PM,1650,1,1368.0,4313.0,San Jose,43.0,True,True,,,,Thursday,,,,,False,False,True,,C,OTHER MOTOR VEHICLE,,3.0,0.0,RAINING,, NO UNUSUAL CONDITIONS - NO UNUSUAL CONDITIONS,, ,A,DAYLIGHT,,,,,,,A,NO PEDESTRIANS INVOLVED,,A,21457A,,1.0,HOSTETTER RD,WILLI,,,B,,,NORTHBOUND,,,C,7/22/2024 10:53:02 AM,1/28/2025 11:09:07 AM,,,2,,,,,,,
2452949,2024-240190382,2,False,4313,1/19/2024 12:05:00 PM,1205,Y5,1368.0,4313.0,San Jose,43.0,True,True,D,BROADSIDE,,Friday,,,,,False,False,True,,C,OTHER MOTOR VEHICLE,,1.0,0.0,CLEAR,, NO UNUSUAL CONDITIONS - NO UNUSUAL CONDITIONS,, ,A,DAYLIGHT,37.142677,-121.454889,,,,,A,NO PEDESTRIANS INVOLVED,,A,21802A,,1.0,BASKING RIDGE AV,DY,,,A,,,CHELSEA CROSSING,,,D,7/22/2024 10:52:59 AM,1/28/2025 11:09:05 AM,,,2,,,,,,,
2452882,2024-240080847,2,False,4313,1/8/2024 9:10:00 PM,2110,P2,1368.0,4313.0,San Jose,43.0,True,True,A,HEAD-ON,,Monday,,,,,False,False,True,,I,FIXED OBJECT,,4.0,0.0,CLEAR,, NO UNUSUAL CONDITIONS - NO UNUSUAL CONDITIONS,, ,C,DARK-STREET LIGHTS,,,,,,,A,NO PEDESTRIANS INVOLVED,,A,23103A,,1.0,QUIMBY RD,PAUL,,,A,,,RUE MIRASSOU,,,,7/22/2024 10:52:56 AM,1/28/2025 11:09:02 AM,,,2,,,,,,,
2452881,2024-240280767,2,False,4313,1/28/2024 9:13:00 PM,2113,C1,1368.0,4313.0,San Jose,43.0,True,True,A,HEAD-ON,,Sunday,,,,,False,True,True,,I,FIXED OBJECT,,0.0,0.0,CLEAR,, NO UNUSUAL CONDITIONS - NO UNUSUAL CONDITIONS,, ,C,DARK-STREET LIGHTS,,,,,,,A,NO PEDESTRIANS INVOLVED,,A,22350,,1.0,JACKSON AVE,,,,A,,,RT 280,,,A,7/22/2024 10:52:56 AM,1/28/2025 11:09:02 AM,,,2,,,,,,,
2452880,2024-240080780,2,False,4313,1/8/2024 7:24:00 PM,1924,C4,1368.0,4313.0,San Jose,43.0,True,True,C,REAR END,,Monday,,,,,False,False,True,,E,PARKED MOTOR VEHICLE,,1.0,0.0,CLEAR,, NO UNUSUAL CONDITIONS - NO UNUSUAL CONDITIONS,, ,C,DARK-STREET LIGHTS,,,,,,,A,NO PEDESTRIANS INVOLVED,,A,22350,,1.0,E CAPITOL EXPWY,CHARL,,,A,S,15.0,POLE #11Q488,F,,,7/22/2024 10:52:56 AM,1/28/2025 11:09:02 AM,,,2,,,,,,,
2452879,2024-240080688,2,False,4313,1/8/2024 5:09:00 PM,1709,3,1368.0,4313.0,San Jose,43.0,True,True,D,BROADSIDE,,Monday,,,,,False,True,True,,C,OTHER MOTOR VEHICLE,,1.0,0.0,CLEAR,, NO UNUSUAL CONDITIONS - NO UNUSUAL CONDITIONS,, ,C,DARK-STREET LIGHTS,,,,,,,A,NO PEDESTRIANS INVOLVED,,A,21453A,,1.0,THE ALAMEDA,FRANK,,,A,,,RT 880,,,A,7/22/2024 10:52:56 AM,1/28/2025 11:09:02 AM,,,2,,,,,,,
2452878,2024-240280578,2,False,4313,1/28/2024 4:21:00 PM,1621,3,1368.0,4313.0,San Jose,43.0,True,True,B,SIDE SWIPE,,Sunday,,,,,False,False,False,,C,OTHER MOTOR VEHICLE,,1.0,0.0,CLEAR,, NO UNUSUAL CONDITIONS - NO UNUSUAL CONDITIONS,, ,A,DAYLIGHT,,,,,,,A,NO PEDESTRIANS INVOLVED,,A,22107,,1.0,S 4TH ST ,EDWAR,,,A,,,E SANTA CLARA ST,,,A,7/22/2024 10:52:56 AM,1/28/2025 11:09:02 AM,,,2,,,,,,,
2452877,2024-240070580,2,False,4313,1/7/2024 6:33:00 PM,1833,T3,1368.0,4313.0,San Jose,43.0,True,True,D,BROADSIDE,,Sunday,,,,,False,False,False,,C,OTHER MOTOR VEHICLE,,1.0,0.0,CLEAR,, NO UNUSUAL CONDITIONS - NO UNUSUAL CONDITIONS,, ,C,DARK-STREET LIGHTS,,,,,,,A,NO PEDESTRIANS INVOLVED,,A,22450,,1.0,PINE AV ,DT,,,A,,,BIRD AV,,,D,7/22/2024 10:52:56 AM,1/28/2025 11:09:01 AM,,,2,,,,,,,
2452876,2024240180545,2,False,4313,1/18/2024 3:14:00 PM,1514,A3,1368.0,4313.0,San Jose,43.0,True,True,E,HIT OBJECT,,Thursday,,,,,False,False,False,,I,FIXED OBJECT,,1.0,0.0,CLEAR,, NO UNUSUAL CONDITIONS - NO UNUSUAL CONDITIONS,, ,A,DAYLIGHT,,,,,,,A,NO PEDESTRIANS INVOLVED,,A,21708,,1.0,CHERRY AV,DA,,,A,N,84.0,ALMADEN EXPWY ,F,,D,7/22/2024 10:52:56 AM,1/28/2025 11:09:01 AM,,,2,,,,,,,
2452875,2024-240190169,3,False,4313,1/19/2024 7:46:00 AM,746,4,1368.0,4313.0,San Jose,43.0,True,True,G,VEHICLE/PEDESTRAIN,,Friday,,,F,,False,False,False,,B,PEDESTRIAN,,1.0,0.0,CLEAR,, NO UNUSUAL CONDITIONS - NO UNUSUAL CONDITIONS,, ,A,DAYLIGHT,,,,,,,B,CROSSING IN CROSS WALK AT INTERSECTION,,A,23103,,1.0,LITTLE ORCHARD ST,LINCO,,,A,,,CURTNER AV,,,A,7/22/2024 10:52:56 AM,7/18/2025 10:10:27 AM,,,2,,,,,,,
2452874,2024-240300380,2,False,4313,1/30/2024 11:15:00 AM,1115,P3,1368.0,4313.0,San Jose,43.0,True,True,B,SIDE SWIPE,,Tuesday,,,,,False,False,False,,C,OTHER MOTOR VEHICLE,,1.0,0.0,CLEAR,, NO UNUSUAL CONDITIONS - NO UNUSUAL CONDITIONS,, ,A,DAYLIGHT,,,,,,,A,NO PEDESTRIANS INVOLVED,,A,22100,,1.0,S KING,PAL,,,A,,,ENESCO AV,,,A,7/22/2024 10:52:56 AM,1/28/2025 11:09:01 AM,,,2,,,,,,,
2452863,2024-240270789,2,False,4313,1/27/2024 10:20:00 PM,2220,W2,1368.0,4313.0,San Jose,43.0,True,True,,,,Saturday,,,,,False,False,True,,C,OTHER MOTOR VEHICLE,,1.0,0.0,CLEAR,, NO UNUSUAL CONDITIONS - NO UNUSUAL CONDITIONS,, ,C,DARK-STREET LIGHTS,,,,,,,A,NO PEDESTRIANS INVOLVED,,A,21453A,,1.0,CAPITOL AV,W,,,A,,,MABURY RD,,,A,7/22/2024 10:52:55 AM,1/28/2025 11:09:01 AM,,,2,,,,,,,
2452862,2024-240280382,2,False,4313,1/28/2024 12:09:00 PM,1209,P4,1368.0,4313.0,San Jose,43.0,True,True,D,BROADSIDE,,Sunday,,,,,False,False,True,,C,OTHER MOTOR VEHICLE,,2.0,0.0,CLEAR,, NO UNUSUAL CONDITIONS - NO UNUSUAL CONDITIONS,, ,A,DAYLIGHT,,,,,,,A,NO PEDESTRIANS INVOLVED,,A,21453A,,1.0,DANIEL MALONEY DR,PAUL,,,A,,,BRIGADOON WY,,,D,7/22/2024 10:52:55 AM,1/28/2025 11:09:01 AM,,,2,,,,,,,
2452861,2024-240270692,2,False,4313,1/27/2024 8:27:00 PM,2027,X2,1368.0,4313.0,San Jose,43.0,True,True,D,BROADSIDE,,Saturday,,,,,False,False,True,,C,OTHER MOTOR VEHICLE,,1.0,0.0,CLOUDY,, NO UNUSUAL CONDITIONS - NO UNUSUAL CONDITIONS,, ,C,DARK-STREET LIGHTS,,,,,,,A,NO PEDESTRIANS INVOLVED,,A,21453A,,1.0,SENTER RD,XRAY,,,A,,,CAPITOL EXPWY,,,A,7/22/2024 10:52:55 AM,1/28/2025 11:09:01 AM,,,2,,,,,,,
2452860,2024-240200770,2,False,4313,1/20/2024 10:00:00 PM,2200,Y3,1368.0,4313.0,San Jose,43.0,True,True,C,REAR END,,Saturday,,,,,False,True,True,,C,OTHER MOTOR VEHICLE,,1.0,0.0,CLOUDY,RAINING, NO UNUSUAL CONDITIONS - NO UNUSUAL CONDITIONS,, ,C,DARK-STREET LIGHTS,37.143715,-121.481394,,,,,A,NO PEDESTRIANS INVOLVED,,A,,,1.0,COTTLE RD,YELLO,,,B,,,RT 85,,,A,7/22/2024 10:52:55 AM,1/28/2025 11:09:01 AM,,,2,,,,,,,
2452859,2024-240150578,2,False,4313,1/15/2024 3:40:00 PM,1540,T4,1368.0,4313.0,San Jose,43.0,True,True,B,SIDE SWIPE,,Monday,,,,,False,False,False,,C,OTHER MOTOR VEHICLE,,1.0,0.0,CLEAR,, NO UNUSUAL CONDITIONS - NO UNUSUAL CONDITIONS,, ,A,DAYLIGHT,,,,,,,A,NO PEDESTRIANS INVOLVED,,A,21804A,,1.0,DOVELA WY,TOM,,,A,N,130.0,HILLSDALE AV,F,,D,7/22/2024 10:52:55 AM,1/28/2025 11:09:01 AM,,,2,,,,,,,
2452858,2024-240280754,2,False,4313,1/28/2024 8:43:00 PM,2043,1,1368.0,4313.0,San Jose,43.0,True,True,G,VEHICLE/PEDESTRAIN,,Sunday,,,,,False,False,False,,B,PEDESTRIAN,,2.0,0.0,CLEAR,, NO UNUSUAL CONDITIONS - NO UNUSUAL CONDITIONS,, ,C,DARK-STREET LIGHTS,,,,,,,D,CROSSING - NOT IN CROSSWALK,,A,21950A,,1.0,HOSTETTER RD,WILLI,,,A,,,JAPAUL LN,,,,7/22/2024 10:52:55 AM,1/28/2025 11:09:01 AM,,,2,,,,,,,
2452857,2024-240030196,2,False,4313,1/3/2024 8:50:00 AM,850,R4,1368.0,4313.0,San Jose,43.0,True,True,C,REAR END,,Wednesday,,,,,False,False,True,,C,OTHER MOTOR VEHICLE,,3.0,0.0,CLEAR,, ,, ,A,DAYLIGHT,37.215286,-121.533032,,,,,A,NO PEDESTRIANS INVOLVED,,A,21460,,1.0,COMMERCIAL ST,DR,,,A,,,OAKLAND RD,,,,7/22/2024 10:52:55 AM,1/28/2025 11:09:01 AM,,,2,,,,,,,
2452856,2024-240130607,2,False,4313,1/13/2024 6:01:00 PM,1801,W2,1368.0,4313.0,San Jose,43.0,True,True,C,REAR END,,Saturday,,,,,False,False,False,,E,PARKED MOTOR VEHICLE,,1.0,0.0,CLOUDY,, NO UNUSUAL CONDITIONS - NO UNUSUAL CONDITIONS,, ,C,DARK-STREET LIGHTS,,,,,,,A,NO PEDESTRIANS INVOLVED,,A,22107,,1.0,BERRYESSA RD,WILLI,,,B,E,244.0,MORRILL AV,F,,D,7/22/2024 10:52:55 AM,1/28/2025 11:09:01 AM,,,2,,,,,,,
2452855,2024-240270775,2,False,4313,1/27/2024 10:02:00 PM,2202,1,1368.0,4313.0,San Jose,43.0,True,True,H,OTHER,,Saturday,,,,,False,False,True,,G,BICYCLE,,1.0,0.0,CLEAR,, NO UNUSUAL CONDITIONS - NO UNUSUAL CONDITIONS,, ,C,DARK-STREET LIGHTS,,,,,,,A,NO PEDESTRIANS INVOLVED,,A,21453A,,1.0,E ALMA AV,LINCO,,,A,,,MONTEREY RD,,,A,7/22/2024 10:52:55 AM,1/28/2025 11:09:01 AM,,,2,,,,,,,
2452854,2024-240010625,2,False,4313,1/1/2024 4:12:00 PM,1612,S6,1368.0,4313.0,San Jose,43.0,True,True,C,REAR END,,Monday,,,F,,False,False,False,,C,OTHER MOTOR VEHICLE,,1.0,0.0,CLEAR,, NO UNUSUAL CONDITIONS - NO UNUSUAL CONDITIONS,, ,A,DAYLIGHT,,,,,,,A,NO PEDESTRIANS INVOLVED,,A,22350,,1.0,MONTEREY RD,SAM,,,A,,,ALMA AV,,,A,7/22/2024 10:52:55 AM,1/28/2025 11:09:01 AM,,,2,,,,,,,
2452853,2024-240280145,2,False,4313,1/28/2024 3:00:00 AM,300,F3,1368.0,4313.0,San Jose,43.0,True,True,D,BROADSIDE,,Sunday,,,F,,False,False,True,,C,OTHER MOTOR VEHICLE,,1.0,0.0,CLEAR,, NO UNUSUAL CONDITIONS - NO UNUSUAL CONDITIONS,, ,C,DARK-STREET LIGHTS,,,,,,,A,NO PEDESTRIANS INVOLVED,,A,21801A,,1.0,MAGLEE AV,FRANK,,,A,,,DANA AV,,,A,7/22/2024 10:52:55 AM,1/28/2025 11:09:01 AM,,,2,,,,,,,
2452852,2024-240060420,2,False,4313,1/6/2024 2:02:00 PM,1402,X1,1368.0,4313.0,San Jose,43.0,True,True,D,BROADSIDE,,Saturday,,,,,False,False,True,,C,OTHER MOTOR VEHICLE,,3.0,0.0,RAINING,, NO UNUSUAL CONDITIONS - NO UNUSUAL CONDITIONS,, ,A,DAYLIGHT,37.16369,-121.503099,,,,,A,NO PEDESTRIANS INVOLVED,,A,21801A,,1.0,SNELL AV,XRAY,,,B,,,W CAPITOL EXPWY,,,A,7/22/2024 10:52:55 AM,1/28/2025 11:09:00 AM,,,2,,,,,,,
2452851,2024-240070403,2,False,4313,1/7/2024 1:52:00 PM,1352,Y4,1368.0,4313.0,San Jose,43.0,True,True,B,SIDE SWIPE,,Sunday,,,,,False,False,True,,C,OTHER MOTOR VEHICLE,,1.0,0.0,CLEAR,, NO UNUSUAL CONDITIONS - NO UNUSUAL CONDITIONS,, ,A,DAYLIGHT,37.134725,-121.462729,,,,,A,NO PEDESTRIANS INVOLVED,,A,22350A,,1.0,BERNAL RD,DY,,,A,,,VIA DEL ORO,,,A,7/22/2024 10:52:55 AM,1/28/2025 11:09:00 AM,,,2,,,,,,,
2452850,2024-240110767,2,False,4313,1/11/2024 7:39:00 PM,1939,X2,1368.0,4313.0,San Jose,43.0,True,True,B,SIDE SWIPE,,Thursday,,,F,,False,False,True,,C,OTHER MOTOR VEHICLE,,1.0,0.0,CLEAR,, NO UNUSUAL CONDITIONS - NO UNUSUAL CONDITIONS,, ,B,DUSK-DAWN,,,,,,,A,NO PEDESTRIANS INVOLVED,,A,21755A,,1.0,CAPITAL EXPWY,XRAY,,,A,,,SENTER RD,,,D,7/22/2024 10:52:55 AM,1/28/2025 11:09:00 AM,,,2,,,,,,,
2452849,2024-240160150,2,False,4313,1/16/2024 7:40:00 AM,740,F5,1368.0,4313.0,San Jose,43.0,True,True,G,VEHICLE/PEDESTRAIN,,Tuesday,,,,,False,False,False,,B,PEDESTRIAN,,1.0,0.0,CLEAR,, NO UNUSUAL CONDITIONS - NO UNUSUAL CONDITIONS,, ,A,DAYLIGHT,37.192452,-121.544965,,,,,B,CROSSING IN CROSS WALK AT INTERSECTION,,A,22106,,1.0,W SAN CARLOS ST,WESTE,,,A,,,MERIDIAN AV,,,A,7/22/2024 10:52:54 AM,1/28/2025 11:09:01 AM,,,2,,,,,,,
2452749,2024-240270792,2,False,4313,1/27/2024 10:22:00 PM,2222,K4,1368.0,4313.0,San Jose,43.0,True,True,H,OTHER,,Saturday,,,M,,False,False,True,,D,MOTOR VEHICLE ON OTHER ROADWAY,,0.0,0.0,CLEAR,, NO UNUSUAL CONDITIONS - NO UNUSUAL CONDITIONS,, ,C,DARK-STREET LIGHTS,37.204264,-121.521781,,,,,A,NO PEDESTRIANS INVOLVED,,A,23152,,1.0,E SANTA CLARA ST,CENTR,,,A,,,S 20TH ST,,,,7/22/2024 10:52:49 AM,1/28/2025 11:08:56 AM,,,2,,,,,,,
2452546,2024-240090150,3,False,4313,1/9/2024 8:10:00 AM,810,M3,1368.0,4313.0,San Jose,43.0,True,True,D,BROADSIDE,,Tuesday,,,,,False,False,True,,C,OTHER MOTOR VEHICLE,,2.0,0.0,CLOUDY,, NO UNUSUAL CONDITIONS - NO UNUSUAL CONDITIONS,, ,A,DAYLIGHT,,,,,,,A,NO PEDESTRIANS INVOLVED,,A,21801,,1.0,MCKEE RD,FOOTH,,,A,,,MCDONALD AV,,,D,7/22/2024 10:52:40 AM,7/18/2025 10:10:26 AM,,,2,,,,,,,
2450088,2024-240090449,2,False,4313,1/9/2024 2:09:00 PM,1409,Y4,1368.0,4313.0,San Jose,43.0,True,True,F,OVERTURNED,,Tuesday,,,,,False,False,True,,C,OTHER MOTOR VEHICLE,,2.0,0.0,CLOUDY,, ,, ,A,DAYLIGHT,37.14119,-121.495017,,,,,A,NO PEDESTRIANS INVOLVED,,A,21209,,1.0,SNELL AV,YELLO,,,B,,,CHOCTAW DR,,,A,7/22/2024 10:50:51 AM,1/28/2025 11:06:59 AM,,,2,,,,,,,
2449972,9340-2024-03031,1,False,9340,7/12/2024 9:40:00 PM,2140,089,1368.0,4313.0,San Jose,43.0,True,True,C,REAR END,,Friday,NotApplicable,False,,,False,True,False,SANTA CLARA SUPERIOR COURT HALL OF JUSTICE,C,OTHER MOTOR VEHICLE,,1.0,0.0,CLEAR,, NO UNUSUAL CONDITIONS,, ,C,DARK-STREET LIGHTS,37.367191,-121.901337,,,,,A,NO PEDESTRIANS INVOLVED,7/12/2024 9:40:00 PM,A,VC 22350,False,1.0,I-880 S/B,,,7/22/2024 10:50:32 AM,A,S,15.0,OLD BAYSHORE HWY,F,,D,7/22/2024 10:50:47 AM,7/22/2024 10:50:47 AM,False,True,4,,7/12/2024 9:45:00 PM,2145,False,,,True
2449408,2024-240130079,2,False,4313,1/13/2024 1:58:00 AM,158,K2,1368.0,4313.0,San Jose,43.0,True,True,B,SIDE SWIPE,,Saturday,,,,,False,False,True,,C,OTHER MOTOR VEHICLE,,1.0,0.0,CLEAR,, NO UNUSUAL CONDITIONS - NO UNUSUAL CONDITIONS,, ,C,DARK-STREET LIGHTS,,,,,,,A,NO PEDESTRIANS INVOLVED,,A,22350,,1.0,8TH ST,CENTR,,,,,,SAN SALVADOR ST,,,D,7/22/2024 10:50:22 AM,1/28/2025 11:06:27 AM,,,2,,,,,,,
2449192,2024-240030625,2,False,4313,1/3/2024 4:17:00 PM,1617,Y3,1368.0,4313.0,San Jose,43.0,True,True,A,HEAD-ON,,Wednesday,,,,,False,False,True,,C,OTHER MOTOR VEHICLE,,1.0,0.0,CLOUDY,, NO UNUSUAL CONDITIONS - NO UNUSUAL CONDITIONS,, ,B,DUSK-DAWN,,,,,,,A,NO PEDESTRIANS INVOLVED,,A,21801,,1.0,SANTA TERESA BL,DY,,,B,,,GREAT OAKS BL,,,A,7/22/2024 10:50:13 AM,1/28/2025 11:06:17 AM,,,2,,,,,,,
2449190,2024-240110909,2,False,4313,1/11/2024 11:31:00 PM,2331,2,1368.0,4313.0,San Jose,43.0,True,True,A,HEAD-ON,,Thursday,,,,,False,False,True,,E,PARKED MOTOR VEHICLE,,1.0,0.0,CLEAR,, NO UNUSUAL CONDITIONS - NO UNUSUAL CONDITIONS,, ,C,DARK-STREET LIGHTS,,,,,,,A,NO PEDESTRIANS INVOLVED,,A,23152A,,1.0,MARTEN AV,PAUL,,,A,,,MARTEN AV 3170,,,D,7/22/2024 10:50:13 AM,1/28/2025 11:06:17 AM,,,2,,,,,,,
2449189,2024-240100598,2,False,4313,1/10/2024 5:09:00 PM,1709,W2,1368.0,4313.0,San Jose,43.0,True,True,E,HIT OBJECT,,Wednesday,,,,,False,False,False,,I,FIXED OBJECT,,1.0,0.0,RAINING,, NO UNUSUAL CONDITIONS - NO UNUSUAL CONDITIONS,, ,C,DARK-STREET LIGHTS,,,,,,,A,NO PEDESTRIANS INVOLVED,,A,21755A,,1.0,LENARK CT,DW,,,B,,,BERRYESSA RD,,,A,7/22/2024 10:50:12 AM,1/28/2025 11:06:17 AM,,,2,,,,,,,
2449188,2024-24010022,2,False,4313,1/10/2024 1:00:00 AM,100,X5,1368.0,4313.0,San Jose,43.0,True,True,B,SIDE SWIPE,,Wednesday,,,,,False,False,True,,E,PARKED MOTOR VEHICLE,,1.0,0.0,CLEAR,, NO UNUSUAL CONDITIONS - NO UNUSUAL CONDITIONS,, ,C,DARK-STREET LIGHTS,37.168,-121.4837,,,,,A,NO PEDESTRIANS INVOLVED,,A,21658,,1.0,BRANHAM LN E,DX,,,A,,,BRANHAM LN E 422,,,D,7/22/2024 10:50:12 AM,1/28/2025 11:06:17 AM,,,2,,,,,,,
2449187,2024-240050616,2,False,4313,1/5/2024 4:53:00 PM,1653,S5,1368.0,4313.0,San Jose,43.0,True,True,D,BROADSIDE,,Friday,,,,,False,False,False,,D,MOTOR VEHICLE ON OTHER ROADWAY,,2.0,0.0,CLEAR,, NO UNUSUAL CONDITIONS - NO UNUSUAL CONDITIONS,, ,A,DAYLIGHT,,,,,,,A,NO PEDESTRIANS INVOLVED,,A,21801A,,1.0,GOODYEAR ST,WESTE,,,A,,,SHERMAN ST,,,A,7/22/2024 10:50:12 AM,1/28/2025 11:06:17 AM,,,2,,,,,,,
2449186,2024-240110705,2,False,4313,1/11/2024 6:30:00 PM,1830,3,1368.0,4313.0,San Jose,43.0,True,True,A,HEAD-ON,,Thursday,,,,,False,False,False,,C,OTHER MOTOR VEHICLE,,2.0,0.0,CLEAR,, NO UNUSUAL CONDITIONS - NO UNUSUAL CONDITIONS,, ,C,DARK-STREET LIGHTS,,,,,,,A,NO PEDESTRIANS INVOLVED,,A,21801,,1.0,MCLAUGHLIN AV,LINCO,,,A,,,TAPER LN,,,A,7/22/2024 10:50:12 AM,1/28/2025 11:06:17 AM,,,2,,,,,,,
2449184,2024-240130145,2,False,4313,1/13/2024 3:55:00 AM,355,C4,1368.0,4313.0,San Jose,43.0,True,True,A,HEAD-ON,,Saturday,,,,,False,False,True,,I,FIXED OBJECT,,1.0,0.0,CLEAR,, NO UNUSUAL CONDITIONS - NO UNUSUAL CONDITIONS,, ,C,DARK-STREET LIGHTS,,,,,,,A,NO PEDESTRIANS INVOLVED,,A,22350,,1.0,STORY RD,FOOTH,,,A,,,LEEWARD DR,,,A,7/22/2024 10:50:12 AM,1/28/2025 11:06:17 AM,,,2,,,,,,,
2449179,2024-240120332,2,False,4313,1/12/2024 11:58:00 AM,1158,S1,1368.0,4313.0,San Jose,43.0,True,True,A,HEAD-ON,,Friday,,,,,False,False,True,,C,OTHER MOTOR VEHICLE,,1.0,0.0,CLEAR,, NO UNUSUAL CONDITIONS - NO UNUSUAL CONDITIONS,, ,A,DAYLIGHT,,,,,,,A,NO PEDESTRIANS INVOLVED,,A,22450A,,1.0,FRUITDALE AV,DS,,,A,,,DEL MAR AV,,,D,7/22/2024 10:50:12 AM,1/28/2025 11:06:17 AM,,,2,,,,,,,
2449175,2024-240130241,2,False,4313,1/13/2024 8:18:00 AM,818,Y5,1368.0,4313.0,San Jose,43.0,True,True,B,SIDE SWIPE,,Saturday,,,,,False,False,True,,E,PARKED MOTOR VEHICLE,,1.0,0.0,CLEAR,, NO UNUSUAL CONDITIONS - NO UNUSUAL CONDITIONS,, ,A,DAYLIGHT,,,,,,,A,NO PEDESTRIANS INVOLVED,,A,22350A,,1.0,SILVER CREEK VALLEY RD,DY,,,A,,,HELLYER AV,,,D,7/22/2024 10:50:12 AM,1/28/2025 11:06:17 AM,,,2,,,,,,,
2449171,2024-240130456,2,False,4313,1/13/2024 8:18:00 AM,818,Y4,1368.0,4313.0,San Jose,43.0,True,True,E,HIT OBJECT,,Saturday,,,,,False,False,True,,I,FIXED OBJECT,,1.0,0.0,CLOUDY,, NO UNUSUAL CONDITIONS - NO UNUSUAL CONDITIONS,, ,A,DAYLIGHT,,,,,,,A,NO PEDESTRIANS INVOLVED,,A,22107,,1.0,BERNAL RD,YELLO,,,A,E,275.0,VIA DEL ORO,F,,D,7/22/2024 10:50:12 AM,1/28/2025 11:06:16 AM,,,2,,,,,,,
2449167,2024-240040904,2,False,4313,1/4/2024 11:21:00 PM,2321,6,1368.0,4313.0,San Jose,43.0,True,True,A,HEAD-ON,,Thursday,,,,,False,False,True,,I,FIXED OBJECT,,1.0,0.0,CLEAR,, NO UNUSUAL CONDITIONS - NO UNUSUAL CONDITIONS,, ,C,DARK-STREET LIGHTS,,,,,,,A,NO PEDESTRIANS INVOLVED,,A,22350,,1.0,SILVER CREEK VALLEY RD,PAUL,,,A,N,27.0,BEL AIRE HILLS DR,F,,D,7/22/2024 10:50:12 AM,1/28/2025 11:06:16 AM,,,2,,,,,,,
2449151,2024-240060190,2,False,4313,1/6/2024 7:47:00 AM,747,E4,1368.0,4313.0,San Jose,43.0,True,True,D,BROADSIDE,,Saturday,,,F,,False,False,True,,C,OTHER MOTOR VEHICLE,,1.0,0.0,CLEAR,, NO UNUSUAL CONDITIONS - NO UNUSUAL CONDITIONS,, ,A,DAYLIGHT,,,,,,,A,NO PEDESTRIANS INVOLVED,,A,23153A,,1.0,W REED ST,CENTR,,,A,,,ALMADEN AV,,,A,7/22/2024 10:50:11 AM,1/28/2025 11:06:15 AM,,,2,,,,,,,
2449148,2024-240050799,2,False,4313,1/5/2024 7:32:00 PM,1932,V4,1368.0,4313.0,San Jose,43.0,True,True,C,REAR END,,Friday,,,,,False,False,True,,C,OTHER MOTOR VEHICLE,,1.0,0.0,CLEAR,, NO UNUSUAL CONDITIONS - NO UNUSUAL CONDITIONS,, ,C,DARK-STREET LIGHTS,,,,,,,A,NO PEDESTRIANS INVOLVED,,A,22350,,1.0,E SANTA CLARA ST,VICTO,,,A,,,N 11TH ST,,,A,7/22/2024 10:50:11 AM,1/28/2025 11:06:15 AM,,,2,,,,,,,
2449144,2024-240070545,2,False,4313,1/7/2024 5:47:00 PM,1747,2,1368.0,4313.0,San Jose,43.0,True,True,A,HEAD-ON,,Sunday,,,,,False,False,False,,B,PEDESTRIAN,,2.0,0.0,CLEAR,, NO UNUSUAL CONDITIONS - NO UNUSUAL CONDITIONS,, ,C,DARK-STREET LIGHTS,37.2198,-121.535523,,,,,B,CROSSING IN CROSS WALK AT INTERSECTION,,A,22107,,1.0,4TH ST,VICTO,,,A,,,MISSION ST,,,A,7/22/2024 10:50:10 AM,1/28/2025 11:06:15 AM,,,2,,,,,,,