Collision Id,	Report Number,	Report Version,	Is Preliminary,	NCIC Code,Crash Date Time,	Crash Time Description,	Beat,City Id,	City Code,	City Name,County Code,	City Is Active,	City Is Incorporated,	Collision Type Code,Collision Type Description,	Collision Type Other Desc,	Day Of Week,	DispatchNotified,	HasPhotographs,	HitRun,	IsAttachmentsMailed,	IsDeleted,	IsHighwayRelated,	IsTowAway,	JudicialDistrict,	MotorVehicleInvolvedWithCode,	MotorVehicleInvolvedWithDesc,MotorVehicleInvolvedWithOtherDesc,	NumberInjured,	NumberKilled,Weather 1, Weather 2, Road Condition 1, Road Condition 2, Special Condition,LightingCode, LightingDescription,Latitude,Longitude,MilepostDirection,MilepostDistance,MilepostMarker,MilepostUnitOfMeasure,	PedestrianActionCode,PedestrianActionDesc,PreparedDate,	Primary Collision Factor Code,Primary Collision Factor Violation,PrimaryCollisionFactorIsCited,	PrimaryCollisionPartyNumber,	PrimaryRoad,	ReportingDistrict,	ReportingDistrictCode,ReviewedDate,	RoadwaySurfaceCode,SecondaryDirection,	SecondaryDistance,	SecondaryRoad,	SecondaryUnitOfMeasure,	SketchDesc,	TrafficControlDeviceCode,CreatedDate,	ModifiedDate,IsCountyRoad,IsFreeway,CHP555Version,	IsAdditonalObjectStruck,NotificationDate,	NotificationTimeDescription,	HasDigitalMediaFiles,	EvidenceNumber,	IsLocationReferToNarrative,	IsAOIOneSameAsLocation
2456160,2024-240030186,2,False,4313,1/3/2024 8:47:00 AM,847,R1,1368.0,4313.0,San Jose,43.0,True,True,A,HEAD-ON,,Wednesday,,,,,False,False,True,,C,OTHER MOTOR VEHICLE,,1.0,0.0,CLEAR,, ,, ,A,DAYLIGHT,,,,,,,A,NO PEDESTRIANS INVOLVED,,A,22107,,1.0,E TAYLOR ST,MARY,,,A,,,MABURY RD,,,A,7/22/2024 10:55:38 AM,1/28/2025 11:11:35 AM,,,2,,,,,,,
2456002,2024-2403705,2,False,4313,2/6/2024 3:15:00 PM,1515,C4,1368.0,4313.0,San Jose,43.0,True,True,B,SIDE SWIPE,,Tuesday,,,M,,False,False,False,,C,OTHER MOTOR VEHICLE,,0.0,0.0,CLOUDY,, NO UNUSUAL CONDITIONS - NO UNUSUAL CONDITIONS,, ,A,DAYLIGHT,,,,,,,A,NO PEDESTRIANS INVOLVED,,A,22350,,1.0,E CAPITOL EXPWY,FOOTH,,,A,S,990.0,STORY RD,F,,A,7/22/2024 10:55:30 AM,1/28/2025 11:11:27 AM,,,2,,,,,,,
2456001,2024-240380160,2,False,4313,2/7/2024 7:54:00 AM,754,N3,1368.0,4313.0,San Jose,43.0,True,True,B,SIDE SWIPE,,Wednesday,,,,,False,False,False,,C,OTHER MOTOR VEHICLE,,0.0,0.0,CLOUDY,, NO UNUSUAL CONDITIONS - NO UNUSUAL CONDITIONS,, ,A,DAYLIGHT,,,,,,,A,NO PEDESTRIANS INVOLVED,,A,23152,,1.0,SARATOGA AV,NORA,,,B,,,MOORPARK AV,,,A,7/22/2024 10:55:30 AM,1/28/2025 11:11:27 AM,,,2,,,,,,,
2456000,2024-240440821,2,False,4313,2/13/2024 6:22:00 PM,1822,3,1368.0,4313.0,San Jose,43.0,True,True,E,HIT OBJECT,,Tuesday,,,M,,False,False,False,,,,,0.0,0.0,CLEAR,, NO UNUSUAL CONDITIONS - NO UNUSUAL CONDITIONS,, ,C,DARK-STREET LIGHTS,,,,,,,A,NO PEDESTRIANS INVOLVED,,A,21663,,1.0,ALMADEN EXPWY,TOM,,,A,,,BRANHAM LN,,,D,7/22/2024 10:55:30 AM,1/28/2025 11:11:27 AM,,,2,,,,,,,
2455998,2024-240350098,2,False,4313,2/4/2024 2:20:00 AM,220,E3,1368.0,4313.0,San Jose,43.0,True,True,A,HEAD-ON,,Sunday,,,M,,False,False,True,,I,FIXED OBJECT,,0.0,0.0,RAINING,, NO UNUSUAL CONDITIONS - NO UNUSUAL CONDITIONS,, ,C,DARK-STREET LIGHTS,,,,,,,A,NO PEDESTRIANS INVOLVED,,A,23152,,1.0,S MARKET ST,DE,,,B,,,SAN CARLOS ST,,,A,7/22/2024 10:55:30 AM,1/28/2025 11:11:27 AM,,,2,,,,,,,
2455982,2024-240490669,2,False,4313,2/18/2024 7:52:00 PM,1952,V3,1368.0,4313.0,San Jose,43.0,True,True,A,HEAD-ON,,Sunday,,,F,,False,False,True,,C,OTHER MOTOR VEHICLE,,1.0,0.0,CLOUDY,RAINING, NO UNUSUAL CONDITIONS - NO UNUSUAL CONDITIONS,, ,C,DARK-STREET LIGHTS,,,,,,,A,NO PEDESTRIANS INVOLVED,,A,22350A,,1.0,WASHINGTON ST,VICTO,,,B,,,N 13TH ST,,,A,7/22/2024 10:55:29 AM,1/28/2025 11:11:26 AM,,,2,,,,,,,
2455980,2024-240490407,2,False,4313,2/18/2024 1:00:00 PM,1300,X1,1368.0,4313.0,San Jose,43.0,True,True,B,SIDE SWIPE,,Sunday,,,F,,False,True,True,,C,OTHER MOTOR VEHICLE,,1.0,0.0,CLEAR,, NO UNUSUAL CONDITIONS - NO UNUSUAL CONDITIONS,, ,A,DAYLIGHT,,,,,,,A,NO PEDESTRIANS INVOLVED,,A,22107,,1.0,MONTEREY HWY,XRAY,,,B,,,SKYWAY,,,D,7/22/2024 10:55:29 AM,1/28/2025 11:11:26 AM,,,2,,,,,,,
2455979,2024-240410359,2,False,4313,2/10/2024 10:38:00 AM,1038,Y3,1368.0,4313.0,San Jose,43.0,True,True,G,VEHICLE/PEDESTRAIN,,Saturday,,,,,False,False,False,,B,PEDESTRIAN,,1.0,0.0,CLEAR,, NO UNUSUAL CONDITIONS - NO UNUSUAL CONDITIONS,, ,A,DAYLIGHT,,,,,,,B,CROSSING IN CROSS WALK AT INTERSECTION,,A,21950A,,1.0,POUGHKEEPSIE RD,YELLO,,,A,,,COTTLE RD,,,A,7/22/2024 10:55:29 AM,1/28/2025 11:11:26 AM,,,2,,,,,,,
2455978,2024-24090110,2,False,4313,2/18/2024 2:55:00 AM,255,E3,1368.0,4313.0,San Jose,43.0,True,True,D,BROADSIDE,,Sunday,,,,,False,False,False,,C,OTHER MOTOR VEHICLE,,1.0,0.0,CLEAR,, NO UNUSUAL CONDITIONS - NO UNUSUAL CONDITIONS,, ,C,DARK-STREET LIGHTS,,,,,,,A,NO PEDESTRIANS INVOLVED,,A,21453A,,1.0,E SAN FERNANDO ST,DE,,,A,,,S 2ND ST,,,A,7/22/2024 10:55:29 AM,1/28/2025 11:11:26 AM,,,2,,,,,,,
2455977,2024-240410481,2,False,4313,2/10/2024 1:24:00 PM,1324,L1,1368.0,4313.0,San Jose,43.0,True,True,B,SIDE SWIPE,,Saturday,,,,,False,False,False,,C,OTHER MOTOR VEHICLE,,3.0,0.0,CLEAR,, NO UNUSUAL CONDITIONS - NO UNUSUAL CONDITIONS,, ,A,DAYLIGHT,37.192174,-121.52191,,,,,A,NO PEDESTRIANS INVOLVED,,A,21804A,,1.0,KEYES ST,LINCO,,,A,,,S 7TH ST,,,D,7/22/2024 10:55:29 AM,1/28/2025 11:11:26 AM,,,2,,,,,,,
2455976,2024-240400594,2,False,4313,2/9/2024 4:39:00 PM,1639,A4,1368.0,4313.0,San Jose,43.0,True,True,D,BROADSIDE,,Friday,,,,,False,False,False,,G,BICYCLE,,1.0,0.0,CLEAR,, NO UNUSUAL CONDITIONS - NO UNUSUAL CONDITIONS,, ,A,DAYLIGHT,37.145675,-121.52819,,,,,A,NO PEDESTRIANS INVOLVED,,A,22107,,1.0,BLOSSOM HILL RD,ADAM,,,A,E,132.0,LIGHT POLE 18N179,F,,D,7/22/2024 10:55:29 AM,1/28/2025 11:11:26 AM,,,2,,,,,,,
2455975,2024-240420112,2,False,4313,2/11/2024 2:45:00 AM,245,E2,1368.0,4313.0,San Jose,43.0,True,True,C,REAR END,,Sunday,,,,,False,False,True,,C,OTHER MOTOR VEHICLE,,1.0,0.0,CLEAR,, NO UNUSUAL CONDITIONS - NO UNUSUAL CONDITIONS,, ,C,DARK-STREET LIGHTS,,,,,,,A,NO PEDESTRIANS INVOLVED,,A,22350,,1.0,N 1ST ST,CENTR,,,A,,,JULIAN ST,,,A,7/22/2024 10:55:29 AM,1/28/2025 11:11:26 AM,,,2,,,,,,,
2455974,2024-240400768,2,False,4313,2/9/2024 7:35:00 PM,1935,2,1368.0,4313.0,San Jose,43.0,True,True,C,REAR END,,Friday,,,F,,False,False,True,,C,OTHER MOTOR VEHICLE,,2.0,0.0,CLOUDY,, NO UNUSUAL CONDITIONS - NO UNUSUAL CONDITIONS,, ,C,DARK-STREET LIGHTS,,,,,,,A,NO PEDESTRIANS INVOLVED,,A,22350,,1.0,N CAPITOL AV,ROBER,,,A,S,300.0,VIA CINCO DE MAYO,F,,D,7/22/2024 10:55:29 AM,1/28/2025 11:11:26 AM,,,2,,,,,,,
2455973,2024-240400698,2,False,4313,2/9/2024 6:19:00 PM,1819,N3,1368.0,4313.0,San Jose,43.0,True,True,C,REAR END,,Friday,,,,,False,False,True,,C,OTHER MOTOR VEHICLE,,3.0,0.0,CLEAR,, NO UNUSUAL CONDITIONS - NO UNUSUAL CONDITIONS,, ,C,DARK-STREET LIGHTS,,,,,,,A,NO PEDESTRIANS INVOLVED,,A,22350,,1.0,SAN TOMAS EXPWY,WESTE,,,,,,MOORPARK AV,,,,7/22/2024 10:55:29 AM,1/28/2025 11:11:26 AM,,,2,,,,,,,
2455972,2024-240130400,2,False,4313,1/13/2024 1:07:00 PM,1307,K4,1368.0,4313.0,San Jose,43.0,True,True,D,BROADSIDE,,Saturday,,,,,False,False,True,,C,OTHER MOTOR VEHICLE,,1.0,0.0,CLOUDY,, NO UNUSUAL CONDITIONS - NO UNUSUAL CONDITIONS,, ,A,DAYLIGHT,,,,,,,A,NO PEDESTRIANS INVOLVED,,A,22801A,,1.0,E SANTA CLARA ST,CENTR,,,A,E,20.0,S 21ST ST,F,,A,7/22/2024 10:55:29 AM,1/28/2025 11:11:26 AM,,,2,,,,,,,
2455971,2024-240400793,2,False,4313,2/9/2024 7:57:00 PM,1957,2,1368.0,4313.0,San Jose,43.0,True,True,C,REAR END,,Friday,,,,,False,False,False,,C,OTHER MOTOR VEHICLE,,1.0,0.0,CLEAR,, NO UNUSUAL CONDITIONS - NO UNUSUAL CONDITIONS,, ,C,DARK-STREET LIGHTS,,,,,,,A,NO PEDESTRIANS INVOLVED,,A,21703,,1.0,MONTEREY RD,XRAY,,,A,,,CAPITOL EXPWY,,,A,7/22/2024 10:55:29 AM,1/28/2025 11:11:26 AM,,,2,,,,,,,
2455970,2024-240190106,2,False,4313,1/19/2024 4:52:00 AM,452,Y2,1368.0,4313.0,San Jose,43.0,True,True,E,HIT OBJECT,,Friday,,,,,False,False,True,,I,FIXED OBJECT,,1.0,0.0,CLEAR,, NO UNUSUAL CONDITIONS - NO UNUSUAL CONDITIONS,, ,C,DARK-STREET LIGHTS,,,,,,,A,NO PEDESTRIANS INVOLVED,,A,21658A,,1.0,SANTA TERESA BL,DY,,,A,,,SNELL AV,,,A,7/22/2024 10:55:29 AM,1/28/2025 11:11:26 AM,,,2,,,,,,,
2455969,2024-240040124,2,False,4313,1/4/2024 6:28:00 AM,628,P1,1368.0,4313.0,San Jose,43.0,True,True,D,BROADSIDE,,Thursday,,,,,False,True,False,,E,PARKED MOTOR VEHICLE,,2.0,0.0,CLEAR,, NO UNUSUAL CONDITIONS - NO UNUSUAL CONDITIONS,, ,A,DAYLIGHT,,,,,,,A,NO PEDESTRIANS INVOLVED,,A,21453A,,1.0,TULLY RD,DISTR,,,A,,,RT 101,,,A,7/22/2024 10:55:29 AM,1/28/2025 11:11:26 AM,,,2,,,,,,,
2455968,2024-240230211,2,False,4313,1/23/2024 8:34:00 AM,834,S1,1368.0,4313.0,San Jose,43.0,True,True,A,HEAD-ON,,Tuesday,,,,,False,False,False,,C,OTHER MOTOR VEHICLE,,2.0,0.0,CLEAR,, NO UNUSUAL CONDITIONS - NO UNUSUAL CONDITIONS,, ,A,DAYLIGHT,37.183846,-121.55276,,,,,A,NO PEDESTRIANS INVOLVED,,A,22350A,,1.0,FRUITDALE AV,DS,,,B,,,DI FIORE DR,,,A,7/22/2024 10:55:29 AM,1/28/2025 11:11:26 AM,,,2,,,,,,,
2455967,2024-240250247,2,False,4313,1/25/2024 9:59:00 AM,959,1,1368.0,4313.0,San Jose,43.0,True,True,D,BROADSIDE,,Thursday,,,,,False,False,False,,C,OTHER MOTOR VEHICLE,,1.0,0.0,CLEAR,, NO UNUSUAL CONDITIONS - NO UNUSUAL CONDITIONS,, ,A,DAYLIGHT,,,,,,,A,NO PEDESTRIANS INVOLVED,,A,21804,,1.0,MCKEE RD,MARY,,,A,,,N KING RD,,,A,7/22/2024 10:55:28 AM,1/28/2025 11:11:25 AM,,,2,,,,,,,
2455966,2024-240100146,2,False,4313,1/10/2024 7:43:00 AM,743,V2,1368.0,4313.0,San Jose,43.0,True,True,D,BROADSIDE,,Wednesday,,,,,False,False,False,,C,OTHER MOTOR VEHICLE,,3.0,0.0,CLOUDY,, NO UNUSUAL CONDITIONS - NO UNUSUAL CONDITIONS,, ,A,DAYLIGHT,,,,,,,A,NO PEDESTRIANS INVOLVED,,A,21804A,,1.0,N 7TH ST,VICTO,,,A,N,150.0,E TAYLOR ST,F,,,7/22/2024 10:55:28 AM,1/28/2025 11:11:25 AM,,,2,,,,,,,
2455964,2024*-240290714,2,False,4313,1/29/2024 6:41:00 PM,1841,2,1368.0,4313.0,San Jose,43.0,True,True,B,SIDE SWIPE,,Monday,,,,,False,False,False,,G,BICYCLE,,1.0,0.0,CLEAR,, NO UNUSUAL CONDITIONS - NO UNUSUAL CONDITIONS,, ,C,DARK-STREET LIGHTS,,,,,,,A,NO PEDESTRIANS INVOLVED,,A,22107,,1.0,CAMDEN AV,TOM,,,A,,,BERCAW LN,,,A,7/22/2024 10:55:28 AM,1/28/2025 11:11:25 AM,,,2,,,,,,,
2455963,2024-240170627,2,False,4313,1/17/2024 4:50:00 PM,1650,K3,1368.0,4313.0,San Jose,43.0,True,True,,,,Wednesday,,,,,False,False,False,,B,PEDESTRIAN,,1.0,0.0,CLEAR,, NO UNUSUAL CONDITIONS - NO UNUSUAL CONDITIONS,, ,A,DAYLIGHT,,,,,,,B,CROSSING IN CROSS WALK AT INTERSECTION,,A,21950A,,1.0,12TH ST,KING,,,A,,,SAN FERNANDO ST,,,A,7/22/2024 10:55:28 AM,1/28/2025 11:11:25 AM,,,2,,,,,,,
2455962,2024-240300483,2,False,4313,1/30/2024 12:52:00 PM,1252,S1,1368.0,4313.0,San Jose,43.0,True,True,D,BROADSIDE,,Tuesday,,,,,False,False,False,,C,OTHER MOTOR VEHICLE,,1.0,0.0,CLEAR,, NO UNUSUAL CONDITIONS - NO UNUSUAL CONDITIONS,, ,A,DAYLIGHT,,,,,,,A,NO PEDESTRIANS INVOLVED,,A,21453,,1.0,MOORPARK AV,DS,,,A,,,THORNTON WY,,,A,7/22/2024 10:55:28 AM,1/28/2025 11:11:25 AM,,,2,,,,,,,
2455961,2024-240170850,2,False,4313,1/17/2024 8:51:00 PM,2051,F3,1368.0,4313.0,San Jose,43.0,True,True,A,HEAD-ON,,Wednesday,,,,,False,False,True,,C,OTHER MOTOR VEHICLE,,1.0,0.0,CLEAR,, NO UNUSUAL CONDITIONS - NO UNUSUAL CONDITIONS,, ,C,DARK-STREET LIGHTS,37.201661,-121.55177,,,,,A,NO PEDESTRIANS INVOLVED,,A,22107,,1.0,W TAYLOR ST,FRANK,,,A,,,MYRTLE ST,,,D,7/22/2024 10:55:28 AM,1/28/2025 11:11:25 AM,,,2,,,,,,,
2455960,2024-240230578,2,False,4313,1/23/2024 3:06:00 PM,1506,P3,1368.0,4313.0,San Jose,43.0,True,True,G,VEHICLE/PEDESTRAIN,,Tuesday,,,F,,False,False,False,,B,PEDESTRIAN,,1.0,0.0,,, NO UNUSUAL CONDITIONS - NO UNUSUAL CONDITIONS,, ,A,DAYLIGHT,,,,,,,D,CROSSING - NOT IN CROSSWALK,,A,22350,,1.0,E CAPITOL EXPWY,PAUL,,,A,,,ABORN SQ,,,A,7/22/2024 10:55:28 AM,1/28/2025 11:11:25 AM,,,2,,,,,,,
2455959,2024-240220870,2,False,4313,1/22/2024 9:20:00 PM,2120,V1,1368.0,4313.0,San Jose,43.0,True,True,A,HEAD-ON,,Monday,,,F,,False,False,False,,,,,1.0,0.0,CLEAR,, NO UNUSUAL CONDITIONS - NO UNUSUAL CONDITIONS,, ,A,DAYLIGHT,37.203576,-121.544311,,,,,A,NO PEDESTRIANS INVOLVED,,A,22350,,1.0,COLEMAN AV,CENTR,,,A,,,ASBURY ST,,,A,7/22/2024 10:55:28 AM,1/28/2025 11:11:25 AM,,,2,,,,,,,
2455958,2024-240310251,2,False,4313,1/30/2024 10:03:00 PM,2203,V1,1368.0,4313.0,San Jose,43.0,True,True,D,BROADSIDE,,Tuesday,,,,,False,False,False,,G,BICYCLE,,1.0,0.0,CLOUDY,, NO UNUSUAL CONDITIONS - NO UNUSUAL CONDITIONS,, ,C,DARK-STREET LIGHTS,,,,,,,A,NO PEDESTRIANS INVOLVED,,A,22450,,1.0,CHESTNUT ST,CENTR,,,A,,,UNIVERSITY AV,,,D,7/22/2024 10:55:28 AM,1/28/2025 11:11:25 AM,,,2,,,,,,,
2455957,2024-240190628,2,False,4313,1/19/2024 5:02:00 PM,1702,F3,1368.0,4313.0,San Jose,43.0,True,True,C,REAR END,,Friday,,,F,,False,False,True,,C,OTHER MOTOR VEHICLE,,1.0,0.0,RAINING,, NO UNUSUAL CONDITIONS - NO UNUSUAL CONDITIONS,, ,C,DARK-STREET LIGHTS,,,,,,,A,NO PEDESTRIANS INVOLVED,,A,22350,,1.0,W TAYLOR ST,FRANK,,,B,,,MYRTLE ST,,,D,7/22/2024 10:55:28 AM,1/28/2025 11:11:25 AM,,,2,,,,,,,
2455956,2024-240290724,2,False,4313,1/29/2024 6:51:00 PM,1851,Y4,1368.0,4313.0,San Jose,43.0,True,True,C,REAR END,,Monday,,,F,,False,False,False,,C,OTHER MOTOR VEHICLE,,2.0,0.0,CLEAR,, NO UNUSUAL CONDITIONS - NO UNUSUAL CONDITIONS,, ,C,DARK-STREET LIGHTS,,,,,,,A,NO PEDESTRIANS INVOLVED,,A,22350,,1.0,SANTA TERESA BL,DY,,,A,,,DUNN AV,,,A,7/22/2024 10:55:28 AM,1/28/2025 11:11:25 AM,,,2,,,,,,,
2455955,2024-240110156,2,False,4313,1/11/2024 8:00:00 AM,800,R4,1368.0,4313.0,San Jose,43.0,True,True,B,SIDE SWIPE,,Thursday,,,F,,False,False,False,,B,PEDESTRIAN,,1.0,0.0,CLEAR,, OTHER* - OTHER*,, ,A,DAYLIGHT,37.22618,-121.524939,,,,,E,IN ROAD - INCLUDES SHOULDER,,A,22350,,1.0,MERCADO WY,DR,,,A,,,BERRYESSA RD,,,D,7/22/2024 10:55:28 AM,1/28/2025 11:11:25 AM,,,2,,,,,,,
2455937,2024240130725,2,False,4313,1/13/2024 8:23:00 PM,2023,X1,1368.0,4313.0,San Jose,43.0,True,True,C,REAR END,,Saturday,,,M,,False,False,False,,E,PARKED MOTOR VEHICLE,,0.0,0.0,RAINING,, NO UNUSUAL CONDITIONS - NO UNUSUAL CONDITIONS,, ,C,DARK-STREET LIGHTS,,,,,,,A,NO PEDESTRIANS INVOLVED,,A,23152,,1.0,THE WOOD DR,XRAY,,,B,,,THE WOODS DR 4200,,,D,7/22/2024 10:55:27 AM,1/28/2025 11:11:24 AM,,,2,,,,,,,
2455933,2024-240411003,2,False,4313,2/10/2024 10:41:00 PM,2241,2,1368.0,4313.0,San Jose,43.0,True,True,G,VEHICLE/PEDESTRAIN,,Saturday,,,,,False,False,True,,B,PEDESTRIAN,,1.0,0.0,CLEAR,, NO UNUSUAL CONDITIONS - NO UNUSUAL CONDITIONS,, ,C,DARK-STREET LIGHTS,,,,,,,E,IN ROAD - INCLUDES SHOULDER,,A,21954A,,1.0,SENTER RD,XRAY,,,A,N,39.0,LIGHT POLE #121123703,F,,A,7/22/2024 10:55:27 AM,1/28/2025 11:11:24 AM,,,2,,,,,,,
2455932,2024-240360791,2,False,4313,2/5/2024 7:10:00 PM,1910,P5,1368.0,4313.0,San Jose,43.0,True,True,C,REAR END,,Monday,,,,,False,False,True,,C,OTHER MOTOR VEHICLE,,2.0,0.0,CLOUDY,, NO UNUSUAL CONDITIONS - NO UNUSUAL CONDITIONS,, ,C,DARK-STREET LIGHTS,,,,,,,A,NO PEDESTRIANS INVOLVED,,A,22350,,1.0,YERBA BUENA RD,FOOTH,,,B,W,300.0,YERBA BUENA AV,F,,D,7/22/2024 10:55:27 AM,1/28/2025 11:11:24 AM,,,2,,,,,,,
2455931,2024-240400731,2,False,4313,2/9/2024 7:01:00 PM,1901,A4,1368.0,4313.0,San Jose,43.0,True,True,A,HEAD-ON,,Friday,,,,,False,False,True,,C,OTHER MOTOR VEHICLE,,2.0,0.0,CLEAR,RAINING, NO UNUSUAL CONDITIONS - NO UNUSUAL CONDITIONS,, ,,,37.15006,-121.524475,,,,,A,NO PEDESTRIANS INVOLVED,,A,22107,,1.0,GALLUP DR,ADAM,,,A,,,BLOSSOM HILL RD,,,D,7/22/2024 10:55:27 AM,1/28/2025 11:11:24 AM,,,2,,,,,,,
2455930,24-036-9701,2,False,4313,2/2/2024 8:15:00 AM,815,,1368.0,4313.0,San Jose,43.0,True,True,C,REAR END,,Friday,,,,,False,True,False,,,,,2.0,0.0,CLOUDY,RAINING, NO UNUSUAL CONDITIONS - NO UNUSUAL CONDITIONS,, ,B,DUSK-DAWN,,,,,,,,,,A,,,1.0,TAYLOR ST,,,,B,,,RT 87,,,,7/22/2024 10:55:26 AM,1/28/2025 11:11:24 AM,,,3,,,,,,,
2455929,2024-240420700,2,False,4313,2/11/2024 8:44:00 PM,2044,R4,1368.0,4313.0,San Jose,43.0,True,True,E,HIT OBJECT,,Sunday,,,,,False,False,True,,I,FIXED OBJECT,,1.0,0.0,CLEAR,, NO UNUSUAL CONDITIONS - NO UNUSUAL CONDITIONS,, ,C,DARK-STREET LIGHTS,,,,,,,A,NO PEDESTRIANS INVOLVED,,A,21658,,1.0,MABURY RD,SJPD,,,A,,,MABURY RD 975,,,D,7/22/2024 10:55:26 AM,1/28/2025 11:11:24 AM,,,2,,,,,,,
2455928,2024-240410771,2,False,4313,2/10/2024 6:26:00 PM,1826,X4,1368.0,4313.0,San Jose,43.0,True,True,D,BROADSIDE,,Saturday,,,F,,False,False,False,,G,BICYCLE,,1.0,0.0,CLEAR,, NO UNUSUAL CONDITIONS - NO UNUSUAL CONDITIONS,, ,C,DARK-STREET LIGHTS,,,,,,,,,,A,21208A,,2.0,BLOSSOM HILL RD,XRAY,,,A,,,CALPINE DR,,,D,7/22/2024 10:55:26 AM,1/28/2025 11:11:24 AM,,,2,,,,,,,
2455927,2024-240520265,2,False,4313,2/21/2024 9:48:00 AM,948,M5,1368.0,4313.0,San Jose,43.0,True,True,G,VEHICLE/PEDESTRAIN,,Wednesday,,,,,False,False,False,,B,PEDESTRIAN,,1.0,0.0,CLEAR,, NO UNUSUAL CONDITIONS - NO UNUSUAL CONDITIONS,, ,A,DAYLIGHT,,,,,,,E,IN ROAD - INCLUDES SHOULDER,,A,21954B,,1.0,MONTE VERANO CT,FOOTH,,,B,,,MONTE VERANO CT 172,,,D,7/22/2024 10:55:26 AM,1/28/2025 11:11:24 AM,,,2,,,,,,,
2455926,2024-240510703,2,False,4313,2/20/2024 5:41:00 PM,1741,E4,1368.0,4313.0,San Jose,43.0,True,True,G,VEHICLE/PEDESTRAIN,,Tuesday,,,,,False,False,False,,B,PEDESTRIAN,,1.0,0.0,CLEAR,, NO UNUSUAL CONDITIONS - NO UNUSUAL CONDITIONS,, ,A,DAYLIGHT,,,,,,,E,IN ROAD - INCLUDES SHOULDER,,A,22106,,1.0,S 4TH ST,DISTR,,,A,S,32.0,LIGHTPOLE #12M542,F,,D,7/22/2024 10:55:26 AM,1/28/2025 11:11:24 AM,,,2,,,,,,,
2455925,2024-240530051,2,False,4313,2/22/2024 1:51:00 AM,151,E3,1368.0,4313.0,San Jose,43.0,True,True,C,REAR END,,Thursday,,,,,False,False,True,,E,PARKED MOTOR VEHICLE,,1.0,0.0,CLEAR,, NO UNUSUAL CONDITIONS - NO UNUSUAL CONDITIONS,, ,C,DARK-STREET LIGHTS,,,,,,,A,NO PEDESTRIANS INVOLVED,,A,23153A,,1.0,N 3RD ST,DE,,,A,,,E SANTA CLARA ST,,,D,7/22/2024 10:55:26 AM,1/28/2025 11:11:23 AM,,,2,,,,,,,
2455924,2024-240480351,2,False,4313,2/17/2024 11:56:00 AM,1156,X3,1368.0,4313.0,San Jose,43.0,True,True,D,BROADSIDE,,Saturday,,,,,False,False,True,,C,OTHER MOTOR VEHICLE,,3.0,0.0,RAINING,, NO UNUSUAL CONDITIONS - NO UNUSUAL CONDITIONS,, ,A,DAYLIGHT,,,,,,,A,NO PEDESTRIANS INVOLVED,,A,22350,,1.0,SENTER,XRAY,,,B,,,E CAPITOL EXPWY,,,A,7/22/2024 10:55:26 AM,1/28/2025 11:11:23 AM,,,2,,,,,,,
2455923,2024-240371013,2,False,4313,2/6/2024 11:21:00 PM,2321,L6,1368.0,4313.0,San Jose,43.0,True,True,B,SIDE SWIPE,,Tuesday,,,,,False,False,True,,C,OTHER MOTOR VEHICLE,,3.0,0.0,CLOUDY,, NO UNUSUAL CONDITIONS - NO UNUSUAL CONDITIONS,, ,C,DARK-STREET LIGHTS,37.18346,-121.495229,,,,,A,NO PEDESTRIANS INVOLVED,,A,21801,,1.0,MCLAUGHLIN AV,LINCO,,,B,,,QUAMME DR,,,D,7/22/2024 10:55:26 AM,1/28/2025 11:11:23 AM,,,2,,,,,,,
2455922,2024-240480417,2,False,4313,2/17/2024 12:19:00 PM,1219,K3,1368.0,4313.0,San Jose,43.0,True,True,C,REAR END,,Saturday,,,F,,False,False,False,,B,PEDESTRIAN,,1.0,0.0,CLEAR,, NO UNUSUAL CONDITIONS - NO UNUSUAL CONDITIONS,, ,A,DAYLIGHT,,,,,,,F,NOT IN ROAD,,A,22106,,1.0,14TH ST,KING,,,A,,,SANTA CLARA ST,,,D,7/22/2024 10:55:26 AM,1/28/2025 11:11:23 AM,,,2,,,,,,,
2455921,2024-240330446,2,False,4313,2/2/2024 3:02:00 PM,1502,V3,1368.0,4313.0,San Jose,43.0,True,True,D,BROADSIDE,,Friday,,,F,,False,False,True,,D,MOTOR VEHICLE ON OTHER ROADWAY,,2.0,0.0,CLOUDY,, NO UNUSUAL CONDITIONS - NO UNUSUAL CONDITIONS,, ,A,DAYLIGHT,,,,,,,A,NO PEDESTRIANS INVOLVED,,A,22350,,1.0,8TH ST,CENTR,,,B,,,JULIAN ST,,,D,7/22/2024 10:55:26 AM,1/28/2025 11:11:23 AM,,,2,,,,,,,
2455920,2024-240500707,2,False,4313,2/19/2024 3:30:00 PM,1530,T4,1368.0,4313.0,San Jose,43.0,True,True,,,,Monday,,,F,,False,False,False,,B,PEDESTRIAN,,1.0,0.0,CLOUDY,, NO UNUSUAL CONDITIONS - NO UNUSUAL CONDITIONS,, ,A,DAYLIGHT,,,,,,,,,,A,22350,,1.0,KILO AV,TOM,,,B,N,80.0,HILLSDALE AV,F,,D,7/22/2024 10:55:26 AM,1/28/2025 11:11:23 AM,,,2,,,,,,,
2455919,2024-240440932,2,False,4313,2/13/2024 8:41:00 PM,2041,P5,1368.0,4313.0,San Jose,43.0,True,True,C,REAR END,,Tuesday,,,F,,False,False,False,,C,OTHER MOTOR VEHICLE,,1.0,0.0,CLEAR,, NO UNUSUAL CONDITIONS - NO UNUSUAL CONDITIONS,, ,C,DARK-STREET LIGHTS,37.192876,-121.46046,,,,,A,NO PEDESTRIANS INVOLVED,,A,21703,,1.0,GURDWARA AV,FOOTH,,,A,W,24.0,CHABOYA RD,F,,D,7/22/2024 10:55:26 AM,1/28/2025 11:11:23 AM,,,2,,,,,,,
2455918,2024-240420385,2,False,4313,2/11/2024 12:42:00 PM,1242,R3,1368.0,4313.0,San Jose,43.0,True,True,D,BROADSIDE,,Sunday,,,,,False,False,True,,C,OTHER MOTOR VEHICLE,,1.0,0.0,CLEAR,, NO UNUSUAL CONDITIONS - NO UNUSUAL CONDITIONS,, ,A,DAYLIGHT,37.223844,-121.544745,,,,,A,NO PEDESTRIANS INVOLVED,,A,21453A,,1.0,ZANKER RD,CENTR,,,A,N,13.0,E BROKAW RD,F,,A,7/22/2024 10:55:26 AM,1/28/2025 11:11:23 AM,,,2,,,,,,,