Collision Id,	Report Number,	Report Version,	Is Preliminary,	NCIC Code,Crash Date Time,	Crash Time Description,	Beat,City Id,	City Code,	City Name,County Code,	City Is Active,	City Is Incorporated,	Collision Type Code,Collision Type Description,	Collision Type Other Desc,	Day Of Week,	DispatchNotified,	HasPhotographs,	HitRun,	IsAttachmentsMailed,	IsDeleted,	IsHighwayRelated,	IsTowAway,	JudicialDistrict,	MotorVehicleInvolvedWithCode,	MotorVehicleInvolvedWithDesc,MotorVehicleInvolvedWithOtherDesc,	NumberInjured,	NumberKilled,Weather 1, Weather 2, Road Condition 1, Road Condition 2, Special Condition,LightingCode, LightingDescription,Latitude,Longitude,MilepostDirection,MilepostDistance,MilepostMarker,MilepostUnitOfMeasure,	PedestrianActionCode,PedestrianActionDesc,PreparedDate,	Primary Collision Factor Code,Primary Collision Factor Violation,PrimaryCollisionFactorIsCited,	PrimaryCollisionPartyNumber,	PrimaryRoad,	ReportingDistrict,	ReportingDistrictCode,ReviewedDate,	RoadwaySurfaceCode,SecondaryDirection,	SecondaryDistance,	SecondaryRoad,	SecondaryUnitOfMeasure,	SketchDesc,	TrafficControlDeviceCode,CreatedDate,	ModifiedDate,IsCountyRoad,IsFreeway,CHP555Version,	IsAdditonalObjectStruck,NotificationDate,	NotificationTimeDescription,	HasDigitalMediaFiles,	EvidenceNumber,	IsLocationReferToNarrative,	IsAOIOneSameAsLocation
2472842,2024-240730625,2,False,4313,3/13/2024 4:31:00 PM,1631,2,1368.0,4313.0,San Jose,43.0,True,True,C,REAR END,,Wednesday,,,,,False,False,True,,C,OTHER MOTOR VEHICLE,,2.0,0.0,CLEAR,, NO UNUSUAL CONDITIONS - NO UNUSUAL CONDITIONS,, ,A,DAYLIGHT,,,,,,,A,NO PEDESTRIANS INVOLVED,,A,21703,,1.0,MURPHY AV,ROBER,,,A,E,55.0,RINGWOOD AV,F,,A,7/22/2024 11:43:20 AM,1/28/2025 11:24:36 AM,,,2,,,,,,,
2472841,2024-240720766,2,False,4313,3/12/2024 6:10:00 PM,1810,A2,1368.0,4313.0,San Jose,43.0,True,True,A,HEAD-ON,,Tuesday,,,,,False,False,True,,J,OTHER OBJECT,,1.0,0.0,CLEAR,, NO UNUSUAL CONDITIONS - NO UNUSUAL CONDITIONS,, ,A,DAYLIGHT,,,,,,,A,NO PEDESTRIANS INVOLVED,,A,22350,,1.0,BLOSSOM HILL RD,ADAM,,,A,,,GALLUP DR,,,,7/22/2024 11:43:20 AM,1/28/2025 11:24:36 AM,,,2,,,,,,,
2472839,2024-240690932,2,False,4313,3/9/2024 9:41:00 PM,2141,Y4,1368.0,4313.0,San Jose,43.0,True,True,A,HEAD-ON,,Saturday,,,,,False,False,False,,A,NON-COLLISION,,1.0,0.0,CLEAR,, NO UNUSUAL CONDITIONS - NO UNUSUAL CONDITIONS,, ,C,DARK-STREET LIGHTS,,,,,,,D,CROSSING - NOT IN CROSSWALK,,A,21954,,2.0,SAN IGNACIO AV,YELLO,,,A,,,SAN IGNACIO AVE 6111,,,,7/22/2024 11:43:19 AM,1/28/2025 11:24:36 AM,,,2,,,,,,,
2472838,2024-240720506,2,False,4313,3/12/2024 1:48:00 PM,1348,Y2,1368.0,4313.0,San Jose,43.0,True,True,B,SIDE SWIPE,,Tuesday,,,,,False,False,True,,D,MOTOR VEHICLE ON OTHER ROADWAY,,2.0,0.0,CLEAR,CLOUDY, NO UNUSUAL CONDITIONS - NO UNUSUAL CONDITIONS,, ,A,DAYLIGHT,37.142606,-121.502303,,,,,A,NO PEDESTRIANS INVOLVED,,A,21801A,,1.0,SHAWNEE LN,YELLO,,,A,,,BLOSSOM AV,,,A,7/22/2024 11:43:19 AM,1/28/2025 11:24:36 AM,,,2,,,,,,,
2472837,2024-240740170,2,False,4313,3/14/2024 7:31:00 AM,731,L3,1368.0,4313.0,San Jose,43.0,True,True,C,REAR END,,Thursday,,,,,False,False,True,,C,OTHER MOTOR VEHICLE,,1.0,0.0,CLEAR,, NO UNUSUAL CONDITIONS - NO UNUSUAL CONDITIONS,, ,A,DAYLIGHT,,,,,,,A,NO PEDESTRIANS INVOLVED,,A,21703,,1.0,LUCRETIA AV,LINCO,,,A,,,SUMMERSIDE DR,,,A,7/22/2024 11:43:19 AM,1/28/2025 11:24:36 AM,,,2,,,,,,,
2472836,2024-240670591,2,False,4313,3/7/2024 2:29:00 PM,1429,T3,1368.0,4313.0,San Jose,43.0,True,True,A,HEAD-ON,,Thursday,,,,,False,False,True,,C,OTHER MOTOR VEHICLE,,2.0,0.0,CLEAR,, NO UNUSUAL CONDITIONS - NO UNUSUAL CONDITIONS,, ,A,DAYLIGHT,,,,,,,A,NO PEDESTRIANS INVOLVED,,A,21804,,1.0,CURTNER AV,DT,,,A,,,957 CURTNER AV,,,,7/22/2024 11:43:19 AM,1/28/2025 11:24:36 AM,,,2,,,,,,,
2472835,2024-240720478,2,False,4313,3/12/2024 1:26:00 PM,1326,W4,1368.0,4313.0,San Jose,43.0,True,True,D,BROADSIDE,,Tuesday,,,,,False,False,True,,C,OTHER MOTOR VEHICLE,,3.0,0.0,CLEAR,, NO UNUSUAL CONDITIONS - NO UNUSUAL CONDITIONS,, ,A,DAYLIGHT,,,,,,,A,NO PEDESTRIANS INVOLVED,,A,21453,,1.0,ALUM ROCK AV,WILLI,,,A,,,WHITE RD,,,A,7/22/2024 11:43:19 AM,1/28/2025 11:24:36 AM,,,2,,,,,,,
2472834,2024-240720372,2,False,4313,3/12/2024 11:40:00 AM,1140,C6,1368.0,4313.0,San Jose,43.0,True,True,C,REAR END,,Tuesday,,,,,False,False,True,,C,OTHER MOTOR VEHICLE,,1.0,0.0,CLOUDY,RAINING, NO UNUSUAL CONDITIONS - NO UNUSUAL CONDITIONS,, ,A,DAYLIGHT,,,,,,,A,NO PEDESTRIANS INVOLVED,,A,21703,,1.0,CLAYTON RD,DC,,,B,,,STORY LN,,,D,7/22/2024 11:43:19 AM,1/28/2025 11:24:36 AM,,,2,,,,,,,
2472833,2024-240730259,2,False,4313,3/13/2024 9:40:00 AM,940,L4,1368.0,4313.0,San Jose,43.0,True,True,C,REAR END,,Wednesday,,,,,False,False,True,,C,OTHER MOTOR VEHICLE,,1.0,0.0,CLEAR,, NO UNUSUAL CONDITIONS - NO UNUSUAL CONDITIONS,, ,A,DAYLIGHT,,,,,,,A,NO PEDESTRIANS INVOLVED,,A,21703,,1.0,UMBARGER RD,WESTE,,,A,,,AIELLO DR,,,D,7/22/2024 11:43:19 AM,1/28/2025 11:24:36 AM,,,2,,,,,,,
2472832,2024-240720684,2,False,4313,3/12/2024 5:28:00 PM,1728,4,1368.0,4313.0,San Jose,43.0,True,True,B,SIDE SWIPE,,Tuesday,,,,,False,False,False,,,,,1.0,0.0,CLEAR,, NO UNUSUAL CONDITIONS - NO UNUSUAL CONDITIONS,, ,A,DAYLIGHT,37.18372,-121.581162,,,,,A,NO PEDESTRIANS INVOLVED,,A,22107,,1.0,PAYNE AV,NORA,,,A,,,TOPAZ AV,,,A,7/22/2024 11:43:19 AM,1/28/2025 11:24:36 AM,,,2,,,,,,,
2472831,2024-240870741,2,False,4313,3/27/2024 6:46:00 PM,1846,Y5,1368.0,4313.0,San Jose,43.0,True,True,G,VEHICLE/PEDESTRAIN,,Wednesday,,,F,,False,False,False,,B,PEDESTRIAN,,1.0,0.0,CLOUDY,, NO UNUSUAL CONDITIONS - NO UNUSUAL CONDITIONS,, ,B,DUSK-DAWN,37.151536,-121.474212,,,,,E,IN ROAD - INCLUDES SHOULDER,,A,22350,,1.0,JANUARY DR,DY,,,B,,,SUMMER DR,,,A,7/22/2024 11:43:19 AM,1/28/2025 11:24:35 AM,,,2,,,,,,,
2472830,2024-240630772,2,False,4313,3/3/2024 10:14:00 PM,2214,Y3,1368.0,4313.0,San Jose,43.0,True,True,A,HEAD-ON,,Sunday,,,,,False,False,False,,C,OTHER MOTOR VEHICLE,,1.0,0.0,CLOUDY,, NO UNUSUAL CONDITIONS - NO UNUSUAL CONDITIONS,, ,C,DARK-STREET LIGHTS,37.151246,-121.48629,,,,,A,NO PEDESTRIANS INVOLVED,,A,23152A,,1.0,COTTLE RD,SOUTH,,,B,,,BLOSSOM HILL,,,A,7/22/2024 11:43:19 AM,1/28/2025 11:24:35 AM,,,2,,,,,,,
2472829,2024-240760595,2,False,4313,3/16/2024 4:42:00 PM,1642,X4,1368.0,4313.0,San Jose,43.0,True,True,C,REAR END,,Saturday,,,,,False,False,False,,C,OTHER MOTOR VEHICLE,,1.0,0.0,CLEAR,, NO UNUSUAL CONDITIONS - NO UNUSUAL CONDITIONS,, ,A,DAYLIGHT,,,,,,,A,NO PEDESTRIANS INVOLVED,,A,21703,,1.0,CHYNOWETH AV,XRAY,,,A,,,SIGRID WY,,,A,7/22/2024 11:43:19 AM,1/28/2025 11:24:36 AM,,,2,,,,,,,
2472828,2024-240730710,2,False,4313,3/13/2024 5:51:00 PM,1751,V1,1368.0,4313.0,San Jose,43.0,True,True,C,REAR END,,Wednesday,,,,,False,False,True,,C,OTHER MOTOR VEHICLE,,1.0,0.0,CLEAR,, NO UNUSUAL CONDITIONS - NO UNUSUAL CONDITIONS,, ,A,DAYLIGHT,,,,,,,A,NO PEDESTRIANS INVOLVED,,A,22350,,1.0,HEDDING ST,CENTR,,,A,,,STOCKTON AV,,,A,7/22/2024 11:43:19 AM,1/28/2025 11:24:35 AM,,,2,,,,,,,
2472827,2024-240640151,2,False,4313,3/4/2024 7:41:00 AM,741,T5,1368.0,4313.0,San Jose,43.0,True,True,C,REAR END,,Monday,,,,,False,False,True,,C,OTHER MOTOR VEHICLE,,2.0,0.0,CLEAR,, NO UNUSUAL CONDITIONS - NO UNUSUAL CONDITIONS,, ,A,DAYLIGHT,,,,,,,A,NO PEDESTRIANS INVOLVED,,A,22350,,1.0,ALMADEN EXPWY,DT,,,B,,,FOXWORTHY AV,,,D,7/22/2024 11:43:19 AM,1/28/2025 11:24:35 AM,,,2,,,,,,,
2472826,2024-240660916,2,False,4313,3/6/2024 9:11:00 PM,2111,Y4,1368.0,4313.0,San Jose,43.0,True,True,B,SIDE SWIPE,,Wednesday,,,,,False,False,True,,E,PARKED MOTOR VEHICLE,,1.0,0.0,CLEAR,, NO UNUSUAL CONDITIONS - NO UNUSUAL CONDITIONS,, ,B,DUSK-DAWN,37.133978,-121.472749,,,,,A,NO PEDESTRIANS INVOLVED,,A,23152,,1.0,SAN IGNACIO AV,DY,,,A,S,30.0,PRAGUE DR,F,,D,7/22/2024 11:43:19 AM,1/28/2025 11:24:35 AM,,,2,,,,,,,
2472825,2024-240660254,2,False,4313,3/6/2024 8:52:00 AM,852,K6,1368.0,4313.0,San Jose,43.0,True,True,C,REAR END,,Wednesday,,,,,False,False,False,,D,MOTOR VEHICLE ON OTHER ROADWAY,,1.0,0.0,CLOUDY,, NO UNUSUAL CONDITIONS - NO UNUSUAL CONDITIONS,, ,A,DAYLIGHT,,,,,,,A,NO PEDESTRIANS INVOLVED,,A,22350,,1.0,7TH ST,KING,,,B,E,18.0,REED ST,F,,A,7/22/2024 11:43:18 AM,1/28/2025 11:24:35 AM,,,2,,,,,,,
2472824,2024-240820623,3,False,4313,3/22/2024 3:45:00 PM,1545,K6,1368.0,4313.0,San Jose,43.0,True,True,B,SIDE SWIPE,,Friday,,,F,,False,False,False,,B,PEDESTRIAN,,1.0,0.0,CLOUDY,, NO UNUSUAL CONDITIONS - NO UNUSUAL CONDITIONS,, ,A,DAYLIGHT,,,,,,,B,CROSSING IN CROSS WALK AT INTERSECTION,,A,21950A,,1.0,SAN SALVADOR ST,CENTR,,,A,,,5TH ST,,,D,7/22/2024 11:43:18 AM,7/18/2025 10:11:26 AM,,,2,,,,,,,
2472822,2024-240750756,2,False,4313,3/15/2024 7:45:00 PM,1945,V1,1368.0,4313.0,San Jose,43.0,True,True,C,REAR END,,Friday,,,,,False,False,False,,C,OTHER MOTOR VEHICLE,,1.0,0.0,CLEAR,, NO UNUSUAL CONDITIONS - NO UNUSUAL CONDITIONS,, ,B,DUSK-DAWN,,,,,,,A,NO PEDESTRIANS INVOLVED,,A,22350,,1.0,COLEMAN AV,VICTO,,,A,,,MCKENDRIE ST,,,A,7/22/2024 11:43:18 AM,1/28/2025 11:24:35 AM,,,2,,,,,,,
2472821,2024-240780461,2,False,4313,3/18/2024 12:55:00 PM,1255,X1,1368.0,4313.0,San Jose,43.0,True,True,F,OVERTURNED,,Monday,,,,,False,False,True,,E,PARKED MOTOR VEHICLE,,1.0,0.0,CLEAR,, NO UNUSUAL CONDITIONS - NO UNUSUAL CONDITIONS,, ,A,DAYLIGHT,,,,,,,A,NO PEDESTRIANS INVOLVED,,A,22107,,1.0,HYDE PARK DR,XRAY,,,A,W,165.0,NEW COMPTON DR,F,,D,7/22/2024 11:43:18 AM,1/28/2025 11:24:35 AM,,,2,,,,,,,
2471773,24-0446,2,False,4317,5/2/2024 2:18:00 AM,218,,1809.0,4317.0,San Jose State Univ,43.0,True,True,E,HIT OBJECT,,Thursday,,,,,False,False,True,,I,FIXED OBJECT,,0.0,0.0,CLEAR,, NO UNUSUAL CONDITIONS - NO UNUSUAL CONDITIONS,, ,C,DARK-STREET LIGHTS,37.33362,-121.87936,,,,,A,NO PEDESTRIANS INVOLVED,,A,22350,,1.0,LOADING DOCK OF 385 S 8TH ST,,,,A,,,S 7TH ST,,,D,7/22/2024 11:42:01 AM,1/28/2025 11:23:49 AM,,,3,,,,,,,
2471762,24-0398,2,False,4317,4/18/2024 8:34:00 PM,2034,,1809.0,4317.0,San Jose State Univ,43.0,True,True,E,HIT OBJECT,,Thursday,,,M,,False,False,False,,I,FIXED OBJECT,,1.0,0.0,CLEAR,, NO UNUSUAL CONDITIONS - NO UNUSUAL CONDITIONS,, ,C,DARK-STREET LIGHTS,37.33405,-121.8803,,,,,,,,A,22350,,1.0,PKLT 1 SAN JOSE STATE UNIVERSITY,,,,A,,,7TH ST PLAZA,,,D,7/22/2024 11:42:00 AM,1/28/2025 11:23:48 AM,,,3,,,,,,,
2471260,2024-240770858,2,False,4313,3/17/2024 10:36:00 PM,2236,E3,1368.0,4313.0,San Jose,43.0,True,True,B,SIDE SWIPE,,Sunday,,,F,,False,True,False,,B,PEDESTRIAN,,2.0,0.0,CLEAR,, NO UNUSUAL CONDITIONS - NO UNUSUAL CONDITIONS,, ,C,DARK-STREET LIGHTS,,,,,,,A,NO PEDESTRIANS INVOLVED,,A,22107,,1.0,RT 87,EDWAR,,,A,S,64.0,W SANTA CLARA ST,F,,A,7/22/2024 11:41:27 AM,1/28/2025 11:23:26 AM,,,2,,,,,,,
2471247,2024-2411600060,2,False,4313,4/25/2024 2:21:00 AM,221,Y3,1368.0,4313.0,San Jose,43.0,True,True,E,HIT OBJECT,,Thursday,,,,,False,False,True,,I,FIXED OBJECT,,1.0,0.0,CLOUDY,, NO UNUSUAL CONDITIONS - NO UNUSUAL CONDITIONS,, ,C,DARK-STREET LIGHTS,37.15463,-121.483289,,,,,A,NO PEDESTRIANS INVOLVED,,A,22350A,,1.0,BLOSSOM HILL RD,YELLO,,,A,W,345.0,BESWICK DR,F,,A,7/22/2024 11:41:26 AM,1/28/2025 11:23:25 AM,,,2,,,,,,,
2471244,2024-241130330,2,False,4313,4/22/2024 10:04:00 AM,1004,F4,1368.0,4313.0,San Jose,43.0,True,True,D,BROADSIDE,,Monday,,,,,False,False,True,,C,OTHER MOTOR VEHICLE,,2.0,0.0,CLEAR,, ,, ,A,DAYLIGHT,37.193359,-121.544185,,,,,A,NO PEDESTRIANS INVOLVED,,A,21453A,,1.0,PARK AV,DF,,,A,,,RACE ST,,,A,7/22/2024 11:41:26 AM,1/28/2025 11:23:25 AM,,,2,,,,,,,
2471243,2024-241300632,2,False,4313,5/9/2024 5:27:00 PM,1727,C3,1368.0,4313.0,San Jose,43.0,True,True,D,BROADSIDE,,Thursday,,,F,,False,False,True,,C,OTHER MOTOR VEHICLE,,1.0,0.0,CLEAR,, NO UNUSUAL CONDITIONS - NO UNUSUAL CONDITIONS,, ,A,DAYLIGHT,37.192049,-121.493337,,,,,A,NO PEDESTRIANS INVOLVED,,A,22100,,1.0,TULLY RD,FOOTH,,,A,,,S KING RD,,,,7/22/2024 11:41:26 AM,1/28/2025 11:23:25 AM,,,2,,,,,,,
2471242,2024-241260732,2,False,4313,5/5/2024 7:35:00 PM,1935,X3,1368.0,4313.0,San Jose,43.0,True,True,A,HEAD-ON,,Sunday,,,,,False,False,False,,I,FIXED OBJECT,,1.0,0.0,CLEAR,, NO UNUSUAL CONDITIONS - NO UNUSUAL CONDITIONS,, ,A,DAYLIGHT,,,,,,,A,NO PEDESTRIANS INVOLVED,,A,22350,,1.0,BROOK CT,SOUTH,,,A,,,BRODIE DR,,,A,7/22/2024 11:41:25 AM,1/28/2025 11:23:25 AM,,,2,,,,,,,
2471225,2024-240850929,2,False,4313,3/25/2024 9:00:00 PM,2100,1,1368.0,4313.0,San Jose,43.0,True,True,D,BROADSIDE,,Monday,,,,,False,False,False,,C,OTHER MOTOR VEHICLE,,2.0,0.0,CLEAR,, NO UNUSUAL CONDITIONS - NO UNUSUAL CONDITIONS,, ,C,DARK-STREET LIGHTS,37.183849,-121.55283,,,,,A,NO PEDESTRIANS INVOLVED,,A,22107,,1.0,SOUTHEWEST EX,SAM,,,A,,,FRUITDALE AV,,,A,7/22/2024 11:41:24 AM,1/28/2025 11:23:23 AM,,,2,,,,,,,
2471224,2024-241030393,2,False,4313,4/12/2024 2:04:00 PM,1404,S4,1368.0,4313.0,San Jose,43.0,True,True,A,HEAD-ON,,Friday,,,,,False,False,True,,E,PARKED MOTOR VEHICLE,,1.0,0.0,CLEAR,, NO UNUSUAL CONDITIONS - NO UNUSUAL CONDITIONS,, ,A,DAYLIGHT,37.172359,-121.544876,,,,,A,NO PEDESTRIANS INVOLVED,,A,22350,,1.0,MERIDIAN AV,SAM,,,A,,,GATON DR,,,D,7/22/2024 11:41:24 AM,1/28/2025 11:23:23 AM,,,2,,,,,,,
2470396,2024-240750866,2,False,4313,3/15/2024 9:40:00 PM,2140,V2,1368.0,4313.0,San Jose,43.0,True,True,D,BROADSIDE,,Friday,,,,,False,False,False,,,,,2.0,0.0,CLEAR,, NO UNUSUAL CONDITIONS - NO UNUSUAL CONDITIONS,, ,C,DARK-STREET LIGHTS,37.214135,-121.524934,,,,,A,NO PEDESTRIANS INVOLVED,,A,22103,,1.0,BAYSHORE,,,,A,,,E MISSION ST,,,D,7/22/2024 11:40:29 AM,1/28/2025 11:22:39 AM,,,2,,,,,,,
2470395,2024-240660211,2,False,4313,3/5/2024 7:45:00 AM,745,T5,1368.0,4313.0,San Jose,43.0,True,True,D,BROADSIDE,,Tuesday,,,,,False,False,True,,C,OTHER MOTOR VEHICLE,,1.0,0.0,RAINING,, NO UNUSUAL CONDITIONS - NO UNUSUAL CONDITIONS,, ,A,DAYLIGHT,37.164406,-121.52627,,,,,A,NO PEDESTRIANS INVOLVED,,A,21801A,,1.0,HILLSDALE AV,SOUTH,,,A,,,DOW DR,,,A,7/22/2024 11:40:29 AM,1/28/2025 11:22:39 AM,,,2,,,,,,,
2470393,2024-240270300,2,False,4313,1/27/2024 11:11:00 AM,1111,Y3,1368.0,4313.0,San Jose,43.0,True,True,D,BROADSIDE,,Saturday,,,,,False,True,True,,,,,2.0,0.0,CLEAR,, NO UNUSUAL CONDITIONS - NO UNUSUAL CONDITIONS,, ,A,DAYLIGHT,37.143995,-121.481431,,,,,A,NO PEDESTRIANS INVOLVED,,A,21453A,,1.0,COTTLE RD,YELLO,,,A,,,RT 85,,,A,7/22/2024 11:40:29 AM,1/28/2025 11:22:39 AM,,,2,,,,,,,
2470185,2024-241010245,2,False,4313,4/10/2024 8:56:00 AM,856,X4,1368.0,4313.0,San Jose,43.0,True,True,C,REAR END,,Wednesday,,,,,False,False,False,,C,OTHER MOTOR VEHICLE,,1.0,0.0,CLEAR,, CONSTRUCTION-REPAIR ZONE - CONSTRUCTION-REPAIR ZONE,, ,A,DAYLIGHT,,,,,,,A,NO PEDESTRIANS INVOLVED,,A,22350,,1.0,MONTEREY RD,XRAY,,,A,N,62.0,CHYNOWETH AV,F,,D,7/22/2024 11:40:14 AM,1/28/2025 11:22:26 AM,,,2,,,,,,,
2470030,2024-24470618,2,False,4313,2/16/2024 4:41:00 PM,1641,S2,1368.0,4313.0,San Jose,43.0,True,True,D,BROADSIDE,,Friday,,,,,False,False,True,,C,OTHER MOTOR VEHICLE,,1.0,0.0,CLEAR,, NO UNUSUAL CONDITIONS - NO UNUSUAL CONDITIONS,, ,A,DAYLIGHT,,,,,,,A,NO PEDESTRIANS INVOLVED,,A,21453,,1.0,LEIGH AV,WESTE,,,A,,,SOUTHWEST EXPWY,,,A,7/22/2024 11:40:04 AM,1/28/2025 11:22:18 AM,,,2,,,,,,,
2470025,2024-240420840,2,False,4313,2/11/2024 11:20:00 PM,2320,L6,1368.0,4313.0,San Jose,43.0,True,True,C,REAR END,,Sunday,,,,,False,True,True,,C,OTHER MOTOR VEHICLE,,3.0,0.0,CLEAR,, ,, ,C,DARK-STREET LIGHTS,,,,,,,A,NO PEDESTRIANS INVOLVED,,A,22350,,1.0,CAPITOL EXPWY,DL,,,A,,,RT 101,,,A,7/22/2024 11:40:04 AM,1/28/2025 11:22:18 AM,,,2,,,,,,,
2470009,2024-240160884,2,False,4313,1/16/2024 11:26:00 PM,2326,C2,1368.0,4313.0,San Jose,43.0,True,True,E,HIT OBJECT,,Tuesday,,,,,False,False,False,,J,OTHER OBJECT,,2.0,0.0,RAINING,, NO UNUSUAL CONDITIONS - NO UNUSUAL CONDITIONS,, ,C,DARK-STREET LIGHTS,,,,,,,F,NOT IN ROAD,,A,21658,,1.0,KING RD,DC,,,B,,,MARSH ST,,,,7/22/2024 11:40:03 AM,1/28/2025 11:22:18 AM,,,2,,,,,,,
2470008,2024-240230753,2,False,4313,3/23/2024 6:28:00 PM,1828,T1,1368.0,4313.0,San Jose,43.0,True,True,B,SIDE SWIPE,,Saturday,,,,,False,False,True,,C,OTHER MOTOR VEHICLE,,1.0,0.0,CLEAR,, NO UNUSUAL CONDITIONS - NO UNUSUAL CONDITIONS,, ,C,DARK-STREET LIGHTS,37.155999,-121.562552,,,,,A,NO PEDESTRIANS INVOLVED,,A,23153,,1.0,BASCOM AV,SOUTH,,,A,S,59.0,BASCOM AV 3100,F,,A,7/22/2024 11:40:03 AM,1/28/2025 11:22:18 AM,,,2,,,,,,,
2470005,2024-240200043,2,False,4313,1/20/2024 1:14:00 AM,114,4,1368.0,4313.0,San Jose,43.0,True,True,A,HEAD-ON,,Saturday,,,F,,False,False,True,,C,OTHER MOTOR VEHICLE,,2.0,0.0,RAINING,, NO UNUSUAL CONDITIONS - NO UNUSUAL CONDITIONS,, ,C,DARK-STREET LIGHTS,37.20169,-121.49036,,,,,A,NO PEDESTRIANS INVOLVED,,A,23153A,,1.0,E CAPITOL EXPWY,CHARL,,,B,,,CUNNINGHAM AV,,,D,7/22/2024 11:40:03 AM,1/28/2025 11:22:18 AM,,,2,,,,,,,
2469350,2024-240760305,2,False,4313,3/16/2024 10:00:00 AM,1000,V4,1368.0,4313.0,San Jose,43.0,True,True,A,HEAD-ON,,Saturday,,,,,False,False,False,,B,PEDESTRIAN,,1.0,0.0,CLEAR,, NO UNUSUAL CONDITIONS - NO UNUSUAL CONDITIONS,, ,A,DAYLIGHT,,,,,,,D,CROSSING - NOT IN CROSSWALK,,A,22359,,1.0,E SANTA CLARA ST,VICTO,,,A,,,E SANTA CLARA ST- 777,,,D,7/22/2024 11:39:19 AM,1/28/2025 11:21:45 AM,,,2,,,,,,,
2469349,2024240860361,2,False,4313,3/26/2024 11:52:00 AM,1152,N3,1368.0,4313.0,San Jose,43.0,True,True,B,SIDE SWIPE,,Tuesday,,,,,False,False,True,,C,OTHER MOTOR VEHICLE,,1.0,0.0,CLEAR,, NO UNUSUAL CONDITIONS - NO UNUSUAL CONDITIONS,, ,A,DAYLIGHT,,,,,,,A,NO PEDESTRIANS INVOLVED,,D,,,,SAN TOMAS EXPWY,DN,,,A,,,WILLIAMS RD ,,,A,7/22/2024 11:39:19 AM,1/28/2025 11:21:45 AM,,,2,,,,,,,
2469348,2024240810116,2,False,4313,3/21/2024 5:32:00 AM,532,5,1368.0,4313.0,San Jose,43.0,True,True,D,BROADSIDE,,Thursday,,,,,False,False,True,,C,OTHER MOTOR VEHICLE,,1.0,0.0,CLEAR,, NO UNUSUAL CONDITIONS - NO UNUSUAL CONDITIONS,, ,C,DARK-STREET LIGHTS,37.191958,-121.53467,,,,,A,NO PEDESTRIANS INVOLVED,,A,21453A,,1.0,ALMADEN AV,SAM,,,A,,,W VIRGINIA ST,,,A,7/22/2024 11:39:19 AM,1/28/2025 11:21:45 AM,,,2,,,,,,,
2468562,2024-240900080,2,False,4313,3/30/2024 2:18:00 AM,218,2,1368.0,4313.0,San Jose,43.0,True,True,B,SIDE SWIPE,,Saturday,,,F,,False,False,False,,C,OTHER MOTOR VEHICLE,,1.0,0.0,RAINING,, NO UNUSUAL CONDITIONS - NO UNUSUAL CONDITIONS,, ,C,DARK-STREET LIGHTS,,,,,,,A,NO PEDESTRIANS INVOLVED,,A,22107,,1.0,MCLAUGHLIN AV,LINCO,,,B,,,OWSLEY AV,,,D,7/22/2024 11:38:26 AM,1/28/2025 11:21:11 AM,,,2,,,,,,,
2465173,2024-240240104,2,False,4313,1/24/2024 4:55:00 AM,455,X4,1368.0,4313.0,San Jose,43.0,True,True,A,HEAD-ON,,Wednesday,,,,,False,False,False,,I,FIXED OBJECT,,1.0,0.0,CLOUDY,RAINING, NO UNUSUAL CONDITIONS - NO UNUSUAL CONDITIONS,, ,C,DARK-STREET LIGHTS,37.151737,-121.48766,,,,,A,NO PEDESTRIANS INVOLVED,,A,22350,,1.0,ENDICOTT BL,XRAY,,,B,,,COTTLE RD,,,D,7/22/2024 11:34:39 AM,1/28/2025 11:18:33 AM,,,2,,,,,,,
2465171,2024-240240269,2,False,4313,1/24/2024 10:23:00 AM,1023,Y3,1368.0,4313.0,San Jose,43.0,True,True,C,REAR END,,Wednesday,,,,,False,False,True,,C,OTHER MOTOR VEHICLE,,2.0,0.0,CLOUDY,, NO UNUSUAL CONDITIONS - NO UNUSUAL CONDITIONS,, ,A,DAYLIGHT,,,,,,,A,NO PEDESTRIANS INVOLVED,,A,21800,,1.0,CALERO AV,DY,,,B,,,LEAN AV,,,A,7/22/2024 11:34:39 AM,1/28/2025 11:18:33 AM,,,2,,,,,,,
2465170,2024-240300146,2,False,4313,1/30/2024 6:47:00 AM,647,3,1368.0,4313.0,San Jose,43.0,True,True,A,HEAD-ON,,Tuesday,,,,,False,False,False,,C,OTHER MOTOR VEHICLE,,2.0,0.0,CLEAR,, NO UNUSUAL CONDITIONS - NO UNUSUAL CONDITIONS,, ,A,DAYLIGHT,,,,,,,A,NO PEDESTRIANS INVOLVED,,A,21453,,1.0,E BROKAW RD,ROBER,,,A,E,24.0,ZANKER RD,F,,A,7/22/2024 11:34:39 AM,1/28/2025 11:18:33 AM,,,2,,,,,,,
2465169,2024-240120100,2,False,4313,1/12/2024 5:28:00 AM,528,W4,1368.0,4313.0,San Jose,43.0,True,True,G,VEHICLE/PEDESTRAIN,,Friday,,,,,False,False,False,,B,PEDESTRIAN,,1.0,0.0,CLEAR,, NO UNUSUAL CONDITIONS - NO UNUSUAL CONDITIONS,, ,C,DARK-STREET LIGHTS,,,,,,,B,CROSSING IN CROSS WALK AT INTERSECTION,,A,21456B,,1.0,N CAPITOL AV,FOOTH,,,A,,,MCKEE RD,,,A,7/22/2024 11:34:39 AM,1/28/2025 11:18:33 AM,,,2,,,,,,,
2465168,2024-240280615,2,False,4313,1/28/2024 5:35:00 PM,1735,M1,1368.0,4313.0,San Jose,43.0,True,True,C,REAR END,,Sunday,,,,,False,False,False,,E,PARKED MOTOR VEHICLE,,1.0,0.0,CLEAR,, NO UNUSUAL CONDITIONS - NO UNUSUAL CONDITIONS,, ,A,DAYLIGHT,,,,,,,A,NO PEDESTRIANS INVOLVED,,A,23123A,,1.0,N JACKSON AV,DISTR,,,A,,,PACHECO DR,,,D,7/22/2024 11:34:39 AM,1/28/2025 11:18:33 AM,,,2,,,,,,,
2465167,2024-2401103034,2,False,4313,1/10/2024 10:00:00 AM,1000,V1,1368.0,4313.0,San Jose,43.0,True,True,D,BROADSIDE,,Wednesday,,,,,False,False,False,,B,PEDESTRIAN,,1.0,0.0,,, ,, ,A,DAYLIGHT,,,,,,,B,CROSSING IN CROSS WALK AT INTERSECTION,,A,21950A,,1.0,N 1ST ST,DV,,,,,,E TAYLOR ST,,,,7/22/2024 11:34:39 AM,1/28/2025 11:18:33 AM,,,2,,,,,,,