Collision Id,	Report Number,	Report Version,	Is Preliminary,	NCIC Code,Crash Date Time,	Crash Time Description,	Beat,City Id,	City Code,	City Name,County Code,	City Is Active,	City Is Incorporated,	Collision Type Code,Collision Type Description,	Collision Type Other Desc,	Day Of Week,	DispatchNotified,	HasPhotographs,	HitRun,	IsAttachmentsMailed,	IsDeleted,	IsHighwayRelated,	IsTowAway,	JudicialDistrict,	MotorVehicleInvolvedWithCode,	MotorVehicleInvolvedWithDesc,MotorVehicleInvolvedWithOtherDesc,	NumberInjured,	NumberKilled,Weather 1, Weather 2, Road Condition 1, Road Condition 2, Special Condition,LightingCode, LightingDescription,Latitude,Longitude,MilepostDirection,MilepostDistance,MilepostMarker,MilepostUnitOfMeasure,	PedestrianActionCode,PedestrianActionDesc,PreparedDate,	Primary Collision Factor Code,Primary Collision Factor Violation,PrimaryCollisionFactorIsCited,	PrimaryCollisionPartyNumber,	PrimaryRoad,	ReportingDistrict,	ReportingDistrictCode,ReviewedDate,	RoadwaySurfaceCode,SecondaryDirection,	SecondaryDistance,	SecondaryRoad,	SecondaryUnitOfMeasure,	SketchDesc,	TrafficControlDeviceCode,CreatedDate,	ModifiedDate,IsCountyRoad,IsFreeway,CHP555Version,	IsAdditonalObjectStruck,NotificationDate,	NotificationTimeDescription,	HasDigitalMediaFiles,	EvidenceNumber,	IsLocationReferToNarrative,	IsAOIOneSameAsLocation
2726235,2024-241420508,3,False,4313,5/21/2024 3:08:00 PM,1508,C3,1368.0,4313.0,San Jose,43.0,True,True,C,REAR END,,Tuesday,,,,,False,False,False,,C,OTHER MOTOR VEHICLE,,1.0,0.0,CLEAR,, NO UNUSUAL CONDITIONS - NO UNUSUAL CONDITIONS,, ,A,DAYLIGHT,,,,,,,A,NO PEDESTRIANS INVOLVED,,A,22350,,1.0,OCALA AV,DC,,,A,,,HOPKINS DR,,,A,7/26/2024 8:47:54 AM,7/18/2025 10:11:38 AM,,,2,,,,,,,
2726233,2024-240360581,2,False,4313,2/5/2024 3:30:00 PM,1530,N4,1368.0,4313.0,San Jose,43.0,True,True,C,REAR END,,Monday,,,,,False,False,True,,C,OTHER MOTOR VEHICLE,,3.0,0.0,CLEAR,, NO UNUSUAL CONDITIONS - NO UNUSUAL CONDITIONS,, ,A,DAYLIGHT,,,,,,,A,NO PEDESTRIANS INVOLVED,,A,22350A,,1.0,WILLIAMS RD,NORA,,,A,,,ORCHID DR,,,A,7/26/2024 8:47:54 AM,1/28/2025 11:25:02 AM,,,2,,,,,,,
2726209,2024-240990437,2,False,4313,4/8/2024 1:21:00 PM,1321,Y5,1368.0,4313.0,San Jose,43.0,True,True,E,HIT OBJECT,,Monday,,,,,False,False,True,,,,,2.0,0.0,CLEAR,, NO UNUSUAL CONDITIONS - NO UNUSUAL CONDITIONS,, ,A,DAYLIGHT,,,,,,,A,NO PEDESTRIANS INVOLVED,,A,22350,,1.0,MONTEREY RD,YELLO,,,A,,,METCALF RD,,,D,7/26/2024 8:47:52 AM,1/28/2025 11:16:35 AM,,,2,,,,,,,
2726197,2024-241440362,3,False,4313,5/23/2024 10:40:00 AM,1040,V3,1368.0,4313.0,San Jose,43.0,True,True,D,BROADSIDE,,Thursday,,,,,False,False,True,,C,OTHER MOTOR VEHICLE,,2.0,0.0,CLEAR,, NO UNUSUAL CONDITIONS - NO UNUSUAL CONDITIONS,, ,A,DAYLIGHT,37.204984,-121.53932,,,,,A,NO PEDESTRIANS INVOLVED,,A,21800A,,1.0,N 10TH ST,CENTR,,,A,,,WASHINGTON ST,,,A,7/26/2024 8:47:52 AM,7/18/2025 10:11:38 AM,,,2,,,,,,,
2726164,2024-240200649,2,False,4313,1/20/2024 7:14:00 PM,1914,3,1368.0,4313.0,San Jose,43.0,True,True,B,SIDE SWIPE,,Saturday,,,,,False,False,True,,C,OTHER MOTOR VEHICLE,,3.0,0.0,CLEAR,, NO UNUSUAL CONDITIONS - NO UNUSUAL CONDITIONS,, ,C,DARK-STREET LIGHTS,37.201197,-121.532239,,,,,A,NO PEDESTRIANS INVOLVED,,A,21453A,,1.0,E SANTA CLARA ST,E,,,A,E,1.0,N 2ND ST,F,,A,7/26/2024 8:47:49 AM,1/28/2025 11:04:17 AM,,,2,,,,,,,
2726151,2024-240120470,2,False,4313,1/12/2024 2:46:00 PM,1446,6,1368.0,4313.0,San Jose,43.0,True,True,D,BROADSIDE,,Friday,,,,,False,False,True,,C,OTHER MOTOR VEHICLE,,1.0,0.0,CLEAR,, NO UNUSUAL CONDITIONS - NO UNUSUAL CONDITIONS,, ,A,DAYLIGHT,,,,,,,A,NO PEDESTRIANS INVOLVED,,A,21460,,1.0,CLAYTON RD,CHARL,,,A,,,SQUERI DR,,,A,7/26/2024 8:47:48 AM,1/28/2025 11:04:18 AM,,,2,,,,,,,
2725966,2024-240410520,2,False,4313,2/10/2024 2:09:00 PM,1409,N3,1368.0,4313.0,San Jose,43.0,True,True,,,,Saturday,,,,,False,False,True,,B,PEDESTRIAN,,0.0,1.0,CLEAR,, NO UNUSUAL CONDITIONS - NO UNUSUAL CONDITIONS,, ,A,DAYLIGHT,,,,,,,,,,A,22106,,,835 SARATOGA AV,NORA,,,A,S,2.0,TANBARK ST,F,,D,7/26/2024 8:47:34 AM,1/28/2025 11:02:59 AM,,,2,,,,,,,
2725931,2024-2412202,3,False,4313,5/1/2024 9:41:00 AM,941,4,1368.0,4313.0,San Jose,43.0,True,True,D,BROADSIDE,,Wednesday,,,,,False,False,True,,C,OTHER MOTOR VEHICLE,,1.0,0.0,CLEAR,, NO UNUSUAL CONDITIONS - NO UNUSUAL CONDITIONS,, ,A,DAYLIGHT,,,,,,,A,NO PEDESTRIANS INVOLVED,,A,21804,,1.0,UMBARGER RD,LONCO,,,A,,,PACER LN,,,D,7/26/2024 8:47:31 AM,7/18/2025 10:12:10 AM,,,2,,,,,,,
2725921,2024-241450075,3,False,4313,5/24/2024 2:28:00 AM,228,R1,1368.0,4313.0,San Jose,43.0,True,True,,,,Friday,,,,,False,False,True,,I,FIXED OBJECT,,1.0,0.0,CLEAR,, NO UNUSUAL CONDITIONS - NO UNUSUAL CONDITIONS,, ,E,DARK-STREET LIGHTS NOT FUNCTIONING*,,,,,,,A,NO PEDESTRIANS INVOLVED,,A,23152A,,1.0,N FIRST ST,ROBER,,,A,W,216.0,TASMAN DR,F,,A,7/26/2024 8:47:31 AM,7/18/2025 10:11:38 AM,,,2,,,,,,,
2725757,2024-240360988,2,False,4313,2/5/2024 11:07:00 PM,2307,5,1368.0,4313.0,San Jose,43.0,True,True,D,BROADSIDE,,Monday,,,,,False,False,False,,G,BICYCLE,,1.0,0.0,CLEAR,CLOUDY, NO UNUSUAL CONDITIONS - NO UNUSUAL CONDITIONS,, ,C,DARK-STREET LIGHTS,,,,,,,D,CROSSING - NOT IN CROSSWALK,,A,21954A,,1.0,TRINIDAD DR,ADAM,,,B,,,CAMDEN AV,,,A,7/26/2024 8:47:19 AM,1/28/2025 11:11:23 AM,,,2,,,,,,,
2602321,9340-2024-03131,1,False,9340,7/19/2024 6:25:00 PM,1825,087,1368.0,4313.0,San Jose,43.0,True,True,C,REAR END,,Friday,NotApplicable,False,,,False,True,True,SANTA CLARA SUPERIOR COURT HALL OF JUSTICE,C,OTHER MOTOR VEHICLE,,0.0,0.0,CLEAR,, NO UNUSUAL CONDITIONS,, ,A,DAYLIGHT,37.304071,-121.878846,,,,,A,NO PEDESTRIANS INVOLVED,7/19/2024 6:25:00 PM,A,VC 22350,False,1.0,SR-87 S/B,,,7/25/2024 2:26:47 PM,A,N,79.0,ALMADEN RD,F,,D,7/25/2024 2:27:04 PM,7/25/2024 2:27:04 PM,False,True,4,,7/19/2024 6:30:00 PM,1830,True,EMBEDDED,,True
2602313,9340-2024-03118,1,False,9340,7/18/2024 4:50:00 PM,1650,110,1368.0,4313.0,San Jose,43.0,True,True,D,BROADSIDE,,Thursday,NotApplicable,False,,,False,True,False,SANTA CLARA SUPERIOR COURT HALL OF JUSTICE,G,BICYCLE,,1.0,0.0,CLEAR,, NO UNUSUAL CONDITIONS,, ,A,DAYLIGHT,37.350478,-121.861006,,,,,A,NO PEDESTRIANS INVOLVED,7/18/2024 4:50:00 PM,A,VC 21804(A),False,2.0,US-101 NB FROM ALUM ROCK AVENUE,,,7/25/2024 2:18:17 PM,A,N,12.0,ALUM ROCK AVENUE,F,,A,7/25/2024 2:18:26 PM,7/25/2024 2:18:26 PM,False,True,4,,7/18/2024 5:15:00 PM,1715,False,,,True
2602285,9340-2024-02924,1,False,9340,7/4/2024 10:00:00 PM,2200,087,1368.0,4313.0,San Jose,43.0,True,True,B,SIDE SWIPE,,Thursday,NotApplicable,False,M,,False,True,True,SANTA CLARA SUPERIOR COURT HALL OF JUSTICE,C,OTHER MOTOR VEHICLE,,0.0,0.0,CLEAR,, NO UNUSUAL CONDITIONS,, ,D,DARK-NO STREET LIGHTS,37.313578,-121.886108,,,,,A,NO PEDESTRIANS INVOLVED,7/4/2024 10:00:00 PM,A,VC 22107,False,1.0,SR-87 N/B,,,7/25/2024 2:01:36 PM,A,N,1480.0,ALMA AVE,F,,D,7/25/2024 2:01:40 PM,7/25/2024 2:01:40 PM,False,True,4,,7/4/2024 10:10:00 PM,2210,False,,,True
2602256,9340-2024-02896,1,False,9340,7/3/2024 8:25:00 AM,825,089,1368.0,4313.0,San Jose,43.0,True,True,B,SIDE SWIPE,,Wednesday,Yes,False,,,False,True,True,SANTA CLARA SUPERIOR COURT HALL OF JUSTICE,C,OTHER MOTOR VEHICLE,,1.0,0.0,CLEAR,, NO UNUSUAL CONDITIONS,, ,A,DAYLIGHT,37.393279,-121.907145,,,,,A,NO PEDESTRIANS INVOLVED,7/3/2024 8:25:00 AM,A,VC 21658(A),False,1.0,I-880 S/B,,,7/25/2024 1:36:46 PM,A,S,3000.0,MONTAGUE EXPY,F,,D,7/25/2024 1:36:51 PM,7/25/2024 1:36:51 PM,False,True,4,,7/3/2024 8:30:00 AM,0830,True,EMBEDDED,,True
2602238,9340-2024-02674,1,False,9340,6/17/2024 7:30:00 AM,730,089,1368.0,4313.0,San Jose,43.0,True,True,C,REAR END,,Monday,NotApplicable,False,,,False,True,False,SANTA CLARA SUPERIOR COURT HALL OF JUSTICE,C,OTHER MOTOR VEHICLE,,0.0,0.0,CLEAR,, NO UNUSUAL CONDITIONS,, ,A,DAYLIGHT,37.368746,-121.90179,,,,,A,NO PEDESTRIANS INVOLVED,6/17/2024 7:30:00 AM,A,VC 22350,False,1.0,I-880 S/B FROM OLD BAY SHORE HWY,,,7/25/2024 1:25:10 PM,A,N,415.0,OLD BAYSHORE HWY,F,,A,7/25/2024 1:25:17 PM,7/25/2024 1:25:17 PM,False,True,4,,6/17/2024 7:39:00 AM,0739,True,EMBEDDED,,True
2602223,9340-2024-02679,1,False,9340,5/31/2024 3:20:00 PM,1520,908,1368.0,4313.0,San Jose,43.0,True,True,C,REAR END,,Friday,NotApplicable,False,,,False,True,False,SANTA CLARA SUPERIOR COURT HALL OF JUSTICE,C,OTHER MOTOR VEHICLE,,0.0,0.0,CLEAR,, NO UNUSUAL CONDITIONS,, ,A,DAYLIGHT,37.342279,-121.901172,,,,,A,NO PEDESTRIANS INVOLVED,5/31/2024 3:20:00 PM,A,VC 22350,False,1.0,SR-87 S/B ,,,7/25/2024 1:09:57 PM,A,N,150.0,COLEMAN AVE.,F,,D,7/25/2024 1:09:59 PM,7/25/2024 1:09:59 PM,False,True,4,,5/31/2024 4:42:00 PM,1642,False,,,True
2602142,9340-2024-03124,1,False,9340,7/19/2024 8:30:00 AM,830,110,1368.0,4313.0,San Jose,43.0,True,True,B,SIDE SWIPE,,Friday,NotApplicable,False,,,False,True,False,SANTA CLARA SUPERIOR COURT HALL OF JUSTICE,C,OTHER MOTOR VEHICLE,,0.0,0.0,CLEAR,, NO UNUSUAL CONDITIONS,, ,A,DAYLIGHT,37.26941,-121.802939,,,,,A,NO PEDESTRIANS INVOLVED,7/19/2024 8:30:00 AM,A,VC 21658(A),False,1.0,US-101 S/B,,,7/25/2024 12:14:12 PM,A,S,2892.0,COYOTE RD,F,,D,7/25/2024 12:14:24 PM,7/25/2024 12:14:24 PM,False,True,4,,7/19/2024 8:35:00 AM,0835,True,EMBEDDED,,True
2602133,9340-2024-03116,1,False,9340,7/18/2024 3:00:00 PM,1500,087,1368.0,4313.0,San Jose,43.0,True,True,C,REAR END,,Thursday,NotApplicable,False,,,False,True,False,SANTA CLARA SUPERIOR COURT HALL OF JUSTICE,C,OTHER MOTOR VEHICLE,,0.0,0.0,CLEAR,, NO UNUSUAL CONDITIONS,, ,A,DAYLIGHT,37.31706,-121.889,,,,,A,NO PEDESTRIANS INVOLVED,7/18/2024 3:00:00 PM,A,VC 22350,False,1.0,SR-87 N/B,,,7/25/2024 12:03:55 PM,A,N,650.0,WILLOW ST,F,,D,7/25/2024 12:04:04 PM,7/25/2024 12:04:04 PM,False,True,4,,7/18/2024 3:05:00 PM,1505,False,,,True
2602116,9340-2024-02282,1,False,9340,5/19/2024 2:50:00 AM,250,088,1368.0,4313.0,San Jose,43.0,True,True,E,HIT OBJECT,,Sunday,NotApplicable,False,M,,False,True,True,SANTA CLARA SUPERIOR COURT HALL OF JUSTICE,I,FIXED OBJECT,TREE,0.0,0.0,CLEAR,, NO UNUSUAL CONDITIONS,, ,D,DARK-NO STREET LIGHTS,37.343996,-121.92516,,,,,A,NO PEDESTRIANS INVOLVED,5/19/2024 2:50:00 AM,A,VC 22107,False,1.0,I-880 S/B TO THE ALAMEDA,,,7/25/2024 11:43:47 AM,A,N,485.0,THE ALAMEDA,F,,D,7/25/2024 11:43:49 AM,7/25/2024 11:43:49 AM,False,True,4,,5/19/2024 3:00:00 AM,0300,False,,False,False
2602105,9340-2024-03130,1,False,9340,7/19/2024 6:00:00 PM,1800,282,1368.0,4313.0,San Jose,43.0,True,True,C,REAR END,,Friday,Yes,False,,,False,True,True,SANTA CLARA SUPERIOR COURT HALL OF JUSTICE,C,OTHER MOTOR VEHICLE,,1.0,0.0,CLEAR,, NO UNUSUAL CONDITIONS,, ,A,DAYLIGHT,37.3166,-121.961,,,,,A,NO PEDESTRIANS INVOLVED,7/19/2024 6:00:00 PM,A,VC 22350,False,1.0,I-280 N/B ,,,7/25/2024 11:39:59 AM,A,S,805.0,SAN TOMAS EXPY,F,,D,7/25/2024 11:40:01 AM,7/25/2024 11:40:01 AM,False,True,4,,7/19/2024 6:05:00 PM,1805,False,,,True
2602097,9340-2024-03123,1,False,9340,7/19/2024 12:25:00 PM,1225,087,1368.0,4313.0,San Jose,43.0,True,True,C,REAR END,,Friday,NotApplicable,False,,,False,True,False,SANTA CLARA SUPERIOR COURT HALL OF JUSTICE,C,OTHER MOTOR VEHICLE,,2.0,0.0,CLEAR,, NO UNUSUAL CONDITIONS,, ,A,DAYLIGHT,37.340721,-121.900083,,,,,A,NO PEDESTRIANS INVOLVED,7/19/2024 12:25:00 PM,A,VC 22350,False,1.0,SR-87 S/B,,,7/25/2024 11:36:43 AM,A,N,1450.0,JULIAN ST,F,,D,7/25/2024 11:36:46 AM,7/25/2024 11:36:46 AM,False,True,4,,7/19/2024 12:30:00 PM,1230,False,,,True
4080823,9340-2024-03390,1,False,9340,8/6/2024 9:25:00 AM,925,120,1368.0,4313.0,San Jose,43.0,True,True,B,SIDE SWIPE,,Tuesday,NotApplicable,False,,,False,True,False,SANTA CLARA SUPERIOR COURT HALL OF JUSTICE,C,OTHER MOTOR VEHICLE,,0.0,0.0,CLEAR,, NO UNUSUAL CONDITIONS,, ,A,DAYLIGHT,37.363505,-121.894849,,,,,A,NO PEDESTRIANS INVOLVED,8/6/2024 9:25:00 AM,A,VC 21658(A),False,1.0,US-101 N/B,,,8/12/2024 12:27:09 PM,A,N,913.0,OAKLAND RD,F,,D,8/12/2024 12:27:12 PM,8/12/2024 12:27:12 PM,False,True,4,,8/6/2024 9:30:00 AM,0930,False,,,True
4080817,9340-2024-03302,1,False,9340,7/31/2024 7:00:00 AM,700,087,1368.0,4313.0,San Jose,43.0,True,True,C,REAR END,,Wednesday,NotApplicable,False,,,False,True,False,SANTA CLARA SUPERIOR COURT HALL OF JUSTICE,C,OTHER MOTOR VEHICLE,,0.0,0.0,CLEAR,, NO UNUSUAL CONDITIONS,, ,A,DAYLIGHT,37.291381,-121.871502,,,,,A,NO PEDESTRIANS INVOLVED,7/31/2024 7:00:00 AM,A,VC 22350,True,1.0,SR-87 N/B,,,8/12/2024 12:18:48 PM,A,S,95.0,MILL POND DR,F,,D,8/12/2024 12:18:50 PM,8/12/2024 12:18:50 PM,False,True,4,False,7/31/2024 7:10:00 AM,0710,False,,,True
4078234,9340-2024-03384,1,False,9340,8/6/2024 8:15:00 AM,815,120,1368.0,4313.0,San Jose,43.0,True,True,C,REAR END,,Tuesday,NotApplicable,False,M,,False,True,False,SANTA CLARA SUPERIOR COURT HALL OF JUSTICE,C,OTHER MOTOR VEHICLE,,0.0,0.0,CLEAR,, NO UNUSUAL CONDITIONS,, ,A,DAYLIGHT,37.363159,-121.892473,,,,,A,NO PEDESTRIANS INVOLVED,8/6/2024 8:15:00 AM,A,VC 22350,False,1.0,US-101 N/B,,,8/12/2024 12:06:50 PM,A,N,226.0,OAKLAND RD,F,,D,8/12/2024 12:06:53 PM,8/12/2024 12:06:53 PM,False,True,4,,8/6/2024 8:17:00 AM,0817,False,,,True
4021064,9340-2024-03376,1,False,9340,8/5/2024 4:30:00 PM,1630,281,1368.0,4313.0,San Jose,43.0,True,True,C,REAR END,,Monday,NotApplicable,False,,,False,True,False,SANTA CLARA SUPERIOR COURT HALL OF JUSTICE,C,OTHER MOTOR VEHICLE,,0.0,0.0,CLEAR,, NO UNUSUAL CONDITIONS,, ,A,DAYLIGHT,37.31676,-121.92331,,,,,A,NO PEDESTRIANS INVOLVED,8/5/2024 4:30:00 PM,A,VC 22350,False,1.0,I-280 S/B,,,8/12/2024 9:08:55 AM,A,S,120.0,LEIGH AVE,F,,D,8/12/2024 9:09:00 AM,8/12/2024 9:09:00 AM,False,True,4,,8/5/2024 4:40:00 PM,1640,False,,,True
4021055,2024-241560891,2,False,4313,6/4/2024 9:19:00 PM,2119,W3,1368.0,4313.0,San Jose,43.0,True,True,A,HEAD-ON,,Tuesday,,,,,False,False,False,,C,OTHER MOTOR VEHICLE,,1.0,0.0,CLEAR,, NO UNUSUAL CONDITIONS - NO UNUSUAL CONDITIONS,, ,C,DARK-STREET LIGHTS,,,,,,,A,NO PEDESTRIANS INVOLVED,,A,23152,,1.0,N WHITE RD,DW,,,A,N,53.0,KENTRIDGE DR,F,,A,8/12/2024 9:05:53 AM,1/28/2025 11:36:47 AM,,,2,,,,,,,
4021046,2024-241320372,2,False,4313,5/11/2024 11:23:00 AM,1123,2,1368.0,4313.0,San Jose,43.0,True,True,B,SIDE SWIPE,,Saturday,,,,,False,False,True,,C,OTHER MOTOR VEHICLE,,2.0,0.0,CLEAR,, NO UNUSUAL CONDITIONS - NO UNUSUAL CONDITIONS,, ,A,DAYLIGHT,37.142,-121.512,,,,,A,NO PEDESTRIANS INVOLVED,,A,22107,,1.0,SANTA TERESA BL,YELLO,,,A,W,52.0,ALLEN AV,F,,A,8/12/2024 9:00:53 AM,1/28/2025 11:37:14 AM,,,2,,,,,,,
4021045,2024-241320699,2,False,4313,5/11/2024 7:05:00 PM,1905,Y2,1368.0,4313.0,San Jose,43.0,True,True,C,REAR END,,Saturday,,,,,False,False,True,,C,OTHER MOTOR VEHICLE,,3.0,0.0,CLEAR,, NO UNUSUAL CONDITIONS - NO UNUSUAL CONDITIONS,, ,A,DAYLIGHT,,,,,,,A,NO PEDESTRIANS INVOLVED,,A,22350,,1.0,BLOSSOM HILL RD,SOUTH,,,A,,,INDIAN AV,,,D,8/12/2024 9:00:53 AM,1/28/2025 11:37:14 AM,,,2,,,,,,,
4021032,2024-241340609,2,False,4313,5/13/2024 4:10:00 PM,1610,K6,1368.0,4313.0,San Jose,43.0,True,True,D,BROADSIDE,,Monday,,,,,False,False,False,,C,OTHER MOTOR VEHICLE,,1.0,0.0,CLEAR,, NO UNUSUAL CONDITIONS - NO UNUSUAL CONDITIONS,, ,A,DAYLIGHT,37.194,-121.521,,,,,A,NO PEDESTRIANS INVOLVED,,A,21804A,,1.0,10TH ST,CENTR,,,A,,,RT 280,,,A,8/12/2024 8:55:52 AM,1/28/2025 11:37:13 AM,,,2,,,,,,,
4021027,2024-241260669,2,False,4313,5/5/2024 6:33:00 PM,1833,M2,1368.0,4313.0,San Jose,43.0,True,True,A,HEAD-ON,,Sunday,,,,,False,False,False,,E,PARKED MOTOR VEHICLE,,1.0,0.0,CLEAR,, NO UNUSUAL CONDITIONS - NO UNUSUAL CONDITIONS,, ,A,DAYLIGHT,,,,,,,A,NO PEDESTRIANS INVOLVED,,A,22107,,1.0,33RD ST,FOOTH,,,A,,,ALUM ROCK AV,,,D,8/12/2024 8:55:52 AM,1/28/2025 11:37:13 AM,,,2,,,,,,,
4021011,2024-241500596,2,False,4313,5/29/2024 3:08:00 PM,1508,P1,1368.0,4313.0,San Jose,43.0,True,True,,,,Wednesday,,,,,False,False,True,,C,OTHER MOTOR VEHICLE,,1.0,0.0,CLEAR,, ,, ,A,DAYLIGHT,,,,,,,A,NO PEDESTRIANS INVOLVED,,A,22350,,,QUIMBY RD,DP,,,A,,,CAPITOL EXPWY,,,A,8/12/2024 8:50:52 AM,1/28/2025 11:39:14 AM,,,2,,,,,,,
4020775,2024-241800623,2,False,4313,6/28/2024 5:38:00 PM,1738,E1,1368.0,4313.0,San Jose,43.0,True,True,H,OTHER,,Friday,,,,,False,False,False,,G,BICYCLE,,1.0,0.0,CLEAR,, NO UNUSUAL CONDITIONS - NO UNUSUAL CONDITIONS,, ,A,DAYLIGHT,,,,,,,A,NO PEDESTRIANS INVOLVED,,A,21453A,,1.0,COLEMAN AV,DISTR,,,A,,,AUTUMN PY,,,A,8/12/2024 7:25:50 AM,1/28/2025 11:36:46 AM,,,2,,,,,,,
4020754,24202708,2,False,4313,5/12/2024 5:11:00 AM,511,723,1368.0,4313.0,San Jose,43.0,True,True,B,SIDE SWIPE,,Sunday,,,,,False,False,False,,E,PARKED MOTOR VEHICLE,,2.0,0.0,CLEAR,CLOUDY, NO UNUSUAL CONDITIONS - NO UNUSUAL CONDITIONS,, ,B,DUSK-DAWN,,,,,,,,,,A,22107,,1.0,IRIS AVE,,,,A,E,298.0,ORA VISTA RD,F,,D,8/12/2024 7:15:50 AM,1/28/2025 11:36:27 AM,,,2,,,,,,,
4020750,2024-241430764,2,False,4313,5/22/2024 8:04:00 PM,2004,X1,1368.0,4313.0,San Jose,43.0,True,True,B,SIDE SWIPE,,Wednesday,,,,,False,False,True,,,,,1.0,0.0,CLEAR,, NO UNUSUAL CONDITIONS - NO UNUSUAL CONDITIONS,, ,A,DAYLIGHT,37.16265,-121.501904,,,,,A,NO PEDESTRIANS INVOLVED,,A,22107,,1.0,SNELL AV,DISTR,,,A,,,TRUCKEE LN,,,D,8/12/2024 7:15:50 AM,1/28/2025 11:36:39 AM,,,2,,,,,,,
4020739,24202803,2,False,4313,5/17/2024 1:25:00 PM,1325,712,1368.0,4313.0,San Jose,43.0,True,True,D,BROADSIDE,,Friday,,,,,False,False,False,,D,MOTOR VEHICLE ON OTHER ROADWAY,,2.0,0.0,CLEAR,, ,, ,A,DAYLIGHT,,,,,,,,,,A,38314,,1.0,BEYER  BLVD,,,,A,,,BEYER BLVD,,,A,8/12/2024 7:05:50 AM,1/28/2025 11:30:57 AM,,,2,,,,,,,
4020732,2024-241420414,2,False,4313,5/21/2024 1:20:00 PM,1320,2,1368.0,4313.0,San Jose,43.0,True,True,D,BROADSIDE,,Tuesday,,,,,False,False,True,,C,OTHER MOTOR VEHICLE,,5.0,0.0,CLEAR,, NO UNUSUAL CONDITIONS - NO UNUSUAL CONDITIONS,, ,A,DAYLIGHT,,,,,,,A,NO PEDESTRIANS INVOLVED,,A,21804,,1.0,BLOSSOM HILL RD,YELLO,,,A,,,SNELL AV,,,D,8/12/2024 7:00:50 AM,1/28/2025 11:36:43 AM,,,2,,,,,,,
4020707,24-0644,2,False,4313,6/27/2024 9:44:00 AM,944,,1368.0,4313.0,San Jose,43.0,True,True,A,HEAD-ON,,Thursday,,,,,False,False,False,,I,FIXED OBJECT,,0.0,0.0,CLEAR,, NO UNUSUAL CONDITIONS - NO UNUSUAL CONDITIONS,, ,A,DAYLIGHT,37.33258,-121.88211,,,,,,,,A,22107,,1.0,E SAN SALVADOR ST,,,,A,,,S 5TH ST,,,D,8/12/2024 6:50:49 AM,1/28/2025 11:33:04 AM,,,3,,,,,,,
4020697,9340-2024-03350,1,False,9340,8/3/2024 10:08:00 PM,2208,110,1368.0,4313.0,San Jose,43.0,True,True,C,REAR END,,Saturday,NotApplicable,False,M,,False,True,False,SANTA CLARA SUPERIOR COURT HALL OF JUSTICE,C,OTHER MOTOR VEHICLE,,0.0,0.0,CLEAR,, NO UNUSUAL CONDITIONS,, ,C,DARK-STREET LIGHTS,37.299623,-121.81361,,,,,A,NO PEDESTRIANS INVOLVED,8/3/2024 10:08:00 PM,A,VC 22350,False,1.0,US-101 S/B,,,8/12/2024 6:44:08 AM,A,S,1508.0,CAPITOL EXPY,F,,D,8/12/2024 6:44:12 AM,8/12/2024 6:44:12 AM,False,True,4,,8/3/2024 10:15:00 PM,2215,False,,,True
4020680,2024-240130058,2,False,4313,1/13/2024 12:00:00 AM,2500,F3,1368.0,4313.0,San Jose,43.0,True,True,B,SIDE SWIPE,,Saturday,,,,,False,True,True,,J,OTHER OBJECT,,1.0,0.0,CLEAR,, NO UNUSUAL CONDITIONS - NO UNUSUAL CONDITIONS,, ,D,DARK-NO STREET LIGHTS,,,,,,,A,NO PEDESTRIANS INVOLVED,,A,22350A,,1.0,RT 280,FRANK,,,A,,,STEVENS CREEK BL,,,D,8/12/2024 6:30:49 AM,1/28/2025 11:39:16 AM,,,2,,,,,,,
4020651,9340-2024-03357,1,False,9340,8/3/2024 3:15:00 PM,1515,281,1368.0,4313.0,San Jose,43.0,True,True,C,REAR END,,Saturday,NotApplicable,False,M,,False,True,False,SANTA CLARA SUPERIOR COURT HALL OF JUSTICE,C,OTHER MOTOR VEHICLE,,0.0,0.0,CLEAR,, NO UNUSUAL CONDITIONS,, ,A,DAYLIGHT,37.31893,-121.901841,,,,,A,NO PEDESTRIANS INVOLVED,8/3/2024 3:15:00 PM,A,VC 22350,False,1.0,I-280 S/B,,,8/12/2024 6:15:43 AM,A,N,1535.0,BIRD AVE,F,,D,8/12/2024 6:15:46 AM,8/12/2024 6:15:46 AM,False,True,4,,8/3/2024 8:50:00 PM,2050,False,,,True
4020076,9340-2024-03317,1,False,9340,7/31/2024 9:49:00 PM,2149,281,1368.0,4313.0,San Jose,43.0,True,True,C,REAR END,,Wednesday,Yes,False,,,False,True,True,SANTA CLARA SUPERIOR COURT HALL OF JUSTICE,C,OTHER MOTOR VEHICLE,,3.0,0.0,CLEAR,, NO UNUSUAL CONDITIONS,, ,D,DARK-NO STREET LIGHTS,37.314899,-121.909173,,,,,A,NO PEDESTRIANS INVOLVED,7/31/2024 9:49:00 PM,A,VC 22350,False,1.0,I-280 S/B,,,8/10/2024 8:51:59 PM,A,S,500.0,RACE ST,F,,D,8/10/2024 8:52:12 PM,8/10/2024 8:52:12 PM,False,True,4,True,7/31/2024 10:00:00 PM,2200,False,,,True
4020068,9340-2024-03359,1,False,9340,8/4/2024 3:05:00 PM,1505,110,1368.0,4313.0,San Jose,43.0,True,True,C,REAR END,,Sunday,NotApplicable,False,,,False,True,True,SANTA CLARA SUPERIOR COURT HALL OF JUSTICE,C,OTHER MOTOR VEHICLE,,0.0,0.0,CLEAR,, NO UNUSUAL CONDITIONS,, ,A,DAYLIGHT,37.362755,-121.887386,,,,,A,NO PEDESTRIANS INVOLVED,8/4/2024 3:05:00 PM,A,VC 22350,True,1.0,US-101 N/B,,,8/10/2024 5:07:08 PM,A,S,1160.0,OAKLAND RD,F,,D,8/10/2024 5:07:44 PM,8/10/2024 5:07:44 PM,False,True,4,,8/4/2024 3:10:00 PM,1510,False,,,True