Collision Id,	Report Number,	Report Version,	Is Preliminary,	NCIC Code,Crash Date Time,	Crash Time Description,	Beat,City Id,	City Code,	City Name,County Code,	City Is Active,	City Is Incorporated,	Collision Type Code,Collision Type Description,	Collision Type Other Desc,	Day Of Week,	DispatchNotified,	HasPhotographs,	HitRun,	IsAttachmentsMailed,	IsDeleted,	IsHighwayRelated,	IsTowAway,	JudicialDistrict,	MotorVehicleInvolvedWithCode,	MotorVehicleInvolvedWithDesc,MotorVehicleInvolvedWithOtherDesc,	NumberInjured,	NumberKilled,Weather 1, Weather 2, Road Condition 1, Road Condition 2, Special Condition,LightingCode, LightingDescription,Latitude,Longitude,MilepostDirection,MilepostDistance,MilepostMarker,MilepostUnitOfMeasure,	PedestrianActionCode,PedestrianActionDesc,PreparedDate,	Primary Collision Factor Code,Primary Collision Factor Violation,PrimaryCollisionFactorIsCited,	PrimaryCollisionPartyNumber,	PrimaryRoad,	ReportingDistrict,	ReportingDistrictCode,ReviewedDate,	RoadwaySurfaceCode,SecondaryDirection,	SecondaryDistance,	SecondaryRoad,	SecondaryUnitOfMeasure,	SketchDesc,	TrafficControlDeviceCode,CreatedDate,	ModifiedDate,IsCountyRoad,IsFreeway,CHP555Version,	IsAdditonalObjectStruck,NotificationDate,	NotificationTimeDescription,	HasDigitalMediaFiles,	EvidenceNumber,	IsLocationReferToNarrative,	IsAOIOneSameAsLocation
4356258,9340-2024-03428,1,False,9340,8/8/2024 3:00:00 PM,1500,281,1368.0,4313.0,San Jose,43.0,True,True,C,REAR END,,Thursday,NotApplicable,False,,,False,True,False,SANTA CLARA SUPERIOR COURT HALL OF JUSTICE,C,OTHER MOTOR VEHICLE,,1.0,0.0,CLEAR,, NO UNUSUAL CONDITIONS,, ,A,DAYLIGHT,37.31847,-121.90236,,,,,A,NO PEDESTRIANS INVOLVED,8/8/2024 3:00:00 PM,A,VC 22350,False,1.0,I-280 S/B,,,8/15/2024 3:39:38 PM,A,N,1738.0,BIRD AVE,F,,D,8/15/2024 3:39:52 PM,8/15/2024 3:39:52 PM,False,True,4,,8/8/2024 3:15:00 PM,1515,False,,,True
4356244,9340-2024-03371,1,False,9340,8/5/2024 3:40:00 PM,1540,281,1368.0,4313.0,San Jose,43.0,True,True,E,HIT OBJECT,,Monday,NotApplicable,False,,,False,True,True,SANTA CLARA SUPERIOR COURT HALL OF JUSTICE,I,FIXED OBJECT,SOUNDWALL,1.0,0.0,CLEAR,, NO UNUSUAL CONDITIONS,, ,A,DAYLIGHT,37.317583,-121.935493,,,,,A,NO PEDESTRIANS INVOLVED,8/5/2024 3:40:00 PM,A,VC 22107,False,1.0,I-280 N/B,,,8/15/2024 3:25:20 PM,A,N,80.0,MACARTHUR AVE,F,,D,8/15/2024 3:25:31 PM,8/15/2024 3:25:31 PM,False,False,4,,8/5/2024 3:50:00 PM,1550,False,,,False
4356234,9340-2024-03426,1,False,9340,8/8/2024 8:31:00 AM,831,083,1368.0,4313.0,San Jose,43.0,True,True,A,HEAD-ON,,Thursday,NotApplicable,False,,,False,True,True,SANTA CLARA SUPERIOR COURT HALL OF JUSTICE,C,OTHER MOTOR VEHICLE,,0.0,0.0,CLEAR,, NO UNUSUAL CONDITIONS,, ,A,DAYLIGHT,37.250742,-121.911205,,,,,A,NO PEDESTRIANS INVOLVED,8/8/2024 8:31:00 AM,A,22350,True,1.0,SR-85 N/B,,,8/15/2024 3:18:44 PM,A,N,66.0,CAMDEN AVENUE,F,,D,8/15/2024 3:19:04 PM,8/15/2024 3:19:04 PM,False,True,4,,8/8/2024 8:34:00 AM,0834,True,EMBEDDED,,True
4356210,2024-241390533,2,False,4313,5/18/2024 2:56:00 PM,1456,L2,1368.0,4313.0,San Jose,43.0,True,True,B,SIDE SWIPE,,Saturday,,,,,False,False,False,,G,BICYCLE,,1.0,0.0,CLEAR,, NO UNUSUAL CONDITIONS - NO UNUSUAL CONDITIONS,, ,A,DAYLIGHT,,,,,,,E,IN ROAD - INCLUDES SHOULDER,,A,21760,,1.0,MCLAUGHLIN AV,LINCO,,,A,,,CRESTON LN,,,D,8/15/2024 3:03:09 PM,1/28/2025 11:39:08 AM,,,2,,,,,,,
4356177,9340-2024-03379,1,False,9340,8/5/2024 6:00:00 PM,1800,088,1368.0,4313.0,San Jose,43.0,True,True,B,SIDE SWIPE,,Monday,NotApplicable,False,M,,False,True,False,SANTA CLARA SUPERIOR COURT HALL OF JUSTICE,C,OTHER MOTOR VEHICLE,,0.0,0.0,CLEAR,, NO UNUSUAL CONDITIONS,, ,A,DAYLIGHT,37.338262,-121.931329,,,,,A,NO PEDESTRIANS INVOLVED,8/5/2024 6:00:00 PM,A,VC 22107,False,2.0,I-880 N/B ,,,8/15/2024 2:41:53 PM,A,S,430.0,PARK AVE,F,,D,8/15/2024 2:41:57 PM,8/15/2024 2:41:57 PM,False,True,4,False,8/5/2024 6:01:00 PM,1801,False,,,True
4356169,9340-2024-03358,2,False,9340,8/4/2024 5:30:00 PM,1730,087,1368.0,4313.0,San Jose,43.0,True,True,B,SIDE SWIPE,,Sunday,NotApplicable,False,,,False,True,False,SANTA CLARA SUPERIOR COURT HALL OF JUSTICE,C,OTHER MOTOR VEHICLE,,0.0,0.0,CLEAR,, NO UNUSUAL CONDITIONS,, ,A,DAYLIGHT,37.274401,-121.863596,,,,,A,NO PEDESTRIANS INVOLVED,8/4/2024 5:30:00 PM,A,VC 22107,False,1.0,SR-87 S/B FROM CAPITOL EXPRESSWAY,,,12/10/2024 2:10:56 PM,A,S,16.0,CAPITOL EXPY,F,,D,8/15/2024 2:37:07 PM,12/10/2024 2:11:00 PM,False,True,4,,8/4/2024 5:35:00 PM,1735,False,,,True
4356162,2024-2415902,2,False,4313,6/7/2024 8:36:00 AM,836,L1,1368.0,4313.0,San Jose,43.0,True,True,H,OTHER,,Friday,,,,,False,False,False,,D,MOTOR VEHICLE ON OTHER ROADWAY,,1.0,0.0,CLEAR,, NO UNUSUAL CONDITIONS - NO UNUSUAL CONDITIONS,, ,A,DAYLIGHT,37.191995,-121.522288,,,,,D,CROSSING - NOT IN CROSSWALK,,A,21800A,,1.0,KEYES ST,LINCO,,,A,W,10.0,S 6TH ST,F,,A,8/15/2024 2:33:08 PM,1/28/2025 11:43:09 AM,,,2,,,,,,,
4356156,2024-241551000,2,False,4313,6/3/2024 10:38:00 PM,2238,F5,1368.0,4313.0,San Jose,43.0,True,True,G,VEHICLE/PEDESTRAIN,,Monday,,,,,False,False,False,,B,PEDESTRIAN,,1.0,0.0,CLEAR,, NO UNUSUAL CONDITIONS - NO UNUSUAL CONDITIONS,, ,C,DARK-STREET LIGHTS,,,,,,,E,IN ROAD - INCLUDES SHOULDER,,A,21070,,1.0,AUZERAIS AV,WESTE,,,A,,,SUNOL ST,,,D,8/15/2024 2:28:09 PM,1/28/2025 11:43:14 AM,,,2,,,,,,,
4356135,9340-2024-03360,1,False,9340,8/4/2024 4:00:00 PM,1600,281,1368.0,4313.0,San Jose,43.0,True,True,E,HIT OBJECT,,Sunday,Yes,False,,,False,True,True,SANTA CLARA SUPERIOR COURT HALL OF JUSTICE,I,FIXED OBJECT,GRASS/DIRT FIELD,1.0,0.0,CLEAR,, NO UNUSUAL CONDITIONS,, ,A,DAYLIGHT,37.31777,-121.938167,,,,,A,NO PEDESTRIANS INVOLVED,8/4/2024 4:00:00 PM,A,VC 23152(F),True,1.0,I-280 N/B TO STEVENS CREEK BLVD,,,8/15/2024 2:17:26 PM,A,S,480.0,SR-17 N/B,F,,A,8/15/2024 2:17:29 PM,8/15/2024 2:17:29 PM,False,True,4,,8/4/2024 4:04:00 PM,1604,False,,,False
4356101,9340-2024-03356,1,False,9340,8/4/2024 1:17:00 PM,1317,172,1368.0,4313.0,San Jose,43.0,True,True,B,SIDE SWIPE,,Sunday,Yes,False,,,False,True,True,SANTA CLARA SUPERIOR COURT HALL OF JUSTICE,C,OTHER MOTOR VEHICLE,,2.0,0.0,CLEAR,, NO UNUSUAL CONDITIONS,, ,A,DAYLIGHT,37.308058,-121.940517,,,,,A,NO PEDESTRIANS INVOLVED,8/4/2024 1:17:00 PM,A,VC 22107,False,1.0,SR-17 N/B,,,8/15/2024 1:59:38 PM,A,S,2906.0,MOORPARK AVE,F,,D,8/15/2024 1:59:46 PM,8/15/2024 1:59:46 PM,False,True,4,True,8/4/2024 1:19:00 PM,1319,True,EMBEDDED,,True
4355843,2024-241110312,2,False,4313,4/20/2024 11:14:00 AM,1114,W3,1368.0,4313.0,San Jose,43.0,True,True,A,HEAD-ON,,Saturday,,,,,False,False,True,,E,PARKED MOTOR VEHICLE,,1.0,0.0,CLEAR,, NO UNUSUAL CONDITIONS - NO UNUSUAL CONDITIONS,, ,A,DAYLIGHT,,,,,,,A,NO PEDESTRIANS INVOLVED,,A,22350,,1.0,NOVAK DR,WILLI,,,A,,,NOVAK DR 675,,,D,8/15/2024 12:08:06 PM,1/28/2025 11:36:40 AM,,,2,,,,,,,
4355759,2024-240790695,2,False,4313,3/19/2024 6:50:00 PM,1850,DL6,1368.0,4313.0,San Jose,43.0,True,True,D,BROADSIDE,,Tuesday,,,,,False,False,True,,C,OTHER MOTOR VEHICLE,,1.0,0.0,CLEAR,, NO UNUSUAL CONDITIONS - NO UNUSUAL CONDITIONS,, ,A,DAYLIGHT,37.181061,-121.492911,,,,,A,NO PEDESTRIANS INVOLVED,,A,22107,,1.0,MCLAUGHLIN AV,WESTE,,,A,,,LOUPE AV,,,D,8/15/2024 11:18:05 AM,1/28/2025 11:24:46 AM,,,2,,,,,,,
4355753,2024-240870374,2,False,4313,3/27/2024 11:36:00 AM,1136,6,1368.0,4313.0,San Jose,43.0,True,True,D,BROADSIDE,,Wednesday,,,,,False,False,True,,C,OTHER MOTOR VEHICLE,,2.0,0.0,CLEAR,, NO UNUSUAL CONDITIONS - NO UNUSUAL CONDITIONS,, ,A,DAYLIGHT,,,,,,,A,NO PEDESTRIANS INVOLVED,,A,22450A,,1.0,S WHITE RD,PAUL,,,A,,,STURLA DR,,,A,8/15/2024 11:18:04 AM,1/28/2025 11:24:46 AM,,,2,,,,,,,
4355694,2024-241210390,2,False,4313,4/30/2024 11:30:00 AM,1130,1,1368.0,4313.0,San Jose,43.0,True,True,B,SIDE SWIPE,,Tuesday,,,,,False,False,False,,I,FIXED OBJECT,,1.0,0.0,CLEAR,, NO UNUSUAL CONDITIONS - NO UNUSUAL CONDITIONS,, ,A,DAYLIGHT,,,,,,,A,NO PEDESTRIANS INVOLVED,,A,22107,,1.0,SOUTHWEST EXPWY,DS,,,A,,,FRUITDALE AV,,,D,8/15/2024 10:58:02 AM,1/28/2025 11:36:40 AM,,,2,,,,,,,
4355507,2024-241130231,2,False,4313,4/22/2024 7:55:00 AM,755,W1,1368.0,4313.0,San Jose,43.0,True,True,G,VEHICLE/PEDESTRAIN,,Monday,,,,,False,False,False,,B,PEDESTRIAN,,1.0,0.0,CLEAR,, NO UNUSUAL CONDITIONS - NO UNUSUAL CONDITIONS,, ,A,DAYLIGHT,37.24812,-121.512128,,,,,B,CROSSING IN CROSS WALK AT INTERSECTION,,A,21950A,,1.0,MATTOS AV,FOOTH,,,A,,,DANBY AV,,,D,8/15/2024 10:03:01 AM,1/28/2025 11:36:40 AM,,,2,,,,,,,
4355499,2024-241130715,2,False,4313,4/22/2024 4:55:00 PM,1655,4,1368.0,4313.0,San Jose,43.0,True,True,C,REAR END,,Monday,,,,,False,False,False,,C,OTHER MOTOR VEHICLE,,1.0,0.0,CLEAR,, NO UNUSUAL CONDITIONS - NO UNUSUAL CONDITIONS,, ,A,DAYLIGHT,,,,,,,A,NO PEDESTRIANS INVOLVED,,A,22350,,1.0,COMMERCIAL ST,ROBER,,,A,,,BERRYESSA RD,,,A,8/15/2024 9:58:01 AM,1/28/2025 11:36:40 AM,,,2,,,,,,,
4355498,2024-241230534,2,False,4313,5/2/2024 2:08:00 PM,1408,L6,1368.0,4313.0,San Jose,43.0,True,True,C,REAR END,,Thursday,,,,,False,False,False,,C,OTHER MOTOR VEHICLE,,2.0,0.0,CLEAR,, NO UNUSUAL CONDITIONS - NO UNUSUAL CONDITIONS,, ,A,DAYLIGHT,,,,,,,A,NO PEDESTRIANS INVOLVED,,A,22350,,1.0,LUCRETIA AV,LINCO,,,,,,LUCRETIA AV 2390,,,A,8/15/2024 9:58:01 AM,1/28/2025 11:25:08 AM,,,2,,,,,,,
4355495,9340-2024-03381,1,False,9340,8/6/2024 1:17:00 AM,117,240,1368.0,4313.0,San Jose,43.0,True,True,E,HIT OBJECT,,Tuesday,Yes,False,,,False,True,True,SANTA CLARA SUPERIOR COURT HALL OF JUSTICE,I,FIXED OBJECT,METAL GUARDRAIL,1.0,0.0,CLEAR,, NO UNUSUAL CONDITIONS,, ,D,DARK-NO STREET LIGHTS,37.419514,-121.942661,,,,,A,NO PEDESTRIANS INVOLVED,8/6/2024 1:17:00 AM,A,VC 22107,False,1.0,SR-237 E/B,,,8/15/2024 9:57:03 AM,A,W,732.0,ZANKER RD,F,,D,8/15/2024 9:57:36 AM,8/15/2024 9:57:36 AM,False,True,4,True,8/6/2024 1:18:00 AM,0118,False,,,False
4355486,9340-2024-03380,1,False,9340,8/5/2024 10:00:00 PM,2200,282,1368.0,4313.0,San Jose,43.0,True,True,B,SIDE SWIPE,,Monday,NotApplicable,False,M,,False,True,False,SANTA CLARA SUPERIOR COURT HALL OF JUSTICE,C,OTHER MOTOR VEHICLE,,0.0,0.0,CLEAR,, NO UNUSUAL CONDITIONS,, ,D,DARK-NO STREET LIGHTS,37.316923,-121.92598,,,,,A,NO PEDESTRIANS INVOLVED,8/5/2024 10:00:00 PM,A,VC 22107,False,1.0,I-280 N/B,,,8/15/2024 9:52:52 AM,A,S,220.0,LELAND AVE,F,,D,8/15/2024 9:53:31 AM,8/15/2024 9:53:31 AM,False,True,4,,8/5/2024 10:05:00 PM,2205,True,EMBEDDED,,True
4355473,2024-241230419,2,False,4313,5/2/2024 12:00:00 PM,1200,P2,1368.0,4313.0,San Jose,43.0,True,True,D,BROADSIDE,,Thursday,,,,,False,False,False,,C,OTHER MOTOR VEHICLE,,1.0,0.0,CLEAR,, NO UNUSUAL CONDITIONS - NO UNUSUAL CONDITIONS,, ,A,DAYLIGHT,,,,,,,A,NO PEDESTRIANS INVOLVED,,A,21453A,,1.0,S WHITE RD,FOOTH,,,A,,,TULLY RD,,,A,8/15/2024 9:53:01 AM,1/28/2025 11:35:29 AM,,,2,,,,,,,
4355466,9340-2024-03377,1,False,9340,8/5/2024 6:45:00 PM,1845,240,1368.0,4313.0,San Jose,43.0,True,True,C,REAR END,,Monday,NotApplicable,False,,,False,True,False,SANTA CLARA SUPERIOR COURT HALL OF JUSTICE,C,OTHER MOTOR VEHICLE,,0.0,0.0,CLEAR,, NO UNUSUAL CONDITIONS,, ,A,DAYLIGHT,37.419311,-121.955695,,,,,A,NO PEDESTRIANS INVOLVED,8/5/2024 6:45:00 PM,A,VC 22350,False,1.0,SR-237 E/B,,,8/15/2024 9:50:26 AM,A,E,950.0,N. FIRST ST,F,,D,8/15/2024 9:50:55 AM,8/15/2024 9:50:55 AM,False,True,4,,8/5/2024 6:49:00 PM,1849,False,,,True
4355464,9340-2024-03407,1,False,9340,8/5/2024 5:59:00 PM,1759,087,1368.0,4313.0,San Jose,43.0,True,True,C,REAR END,,Monday,NotApplicable,False,,,False,True,True,SANTA CLARA SUPERIOR COURT HALL OF JUSTICE,C,OTHER MOTOR VEHICLE,,1.0,0.0,CLEAR,, NO UNUSUAL CONDITIONS,, ,A,DAYLIGHT,37.313435,-121.886594,,,,,A,NO PEDESTRIANS INVOLVED,8/5/2024 5:59:00 PM,A,VC 22350,False,1.0,SR-87 S/B FROM I-280 NB / SB,,,8/15/2024 9:48:11 AM,A,N,1497.0,ALMA AVE,F,,D,8/15/2024 9:48:48 AM,8/15/2024 9:48:48 AM,False,True,4,,8/5/2024 6:00:00 PM,1800,False,,,True
4355418,2024-241080825,4,False,4313,4/17/2024 8:05:00 PM,2005,F2,1368.0,4313.0,San Jose,43.0,True,True,A,HEAD-ON,,Wednesday,,,,,False,True,False,,C,OTHER MOTOR VEHICLE,,1.0,0.0,CLEAR,, NO UNUSUAL CONDITIONS - NO UNUSUAL CONDITIONS,, ,C,DARK-STREET LIGHTS,37.21273,-121.551479,,,,,A,NO PEDESTRIANS INVOLVED,,A,22350,,1.0,AIRPORT BL,DF,,,A,E,10.0,COLEMAN AV,F,,A,8/15/2024 9:33:00 AM,1/28/2025 11:18:02 AM,,,2,,,,,,,
4355405,2024-241230591,2,False,4313,5/2/2024 3:37:00 PM,1537,V2,1368.0,4313.0,San Jose,43.0,True,True,D,BROADSIDE,,Thursday,,,,,False,False,False,,C,OTHER MOTOR VEHICLE,,1.0,0.0,CLEAR,, NO UNUSUAL CONDITIONS - NO UNUSUAL CONDITIONS,, ,A,DAYLIGHT,,,,,,,A,NO PEDESTRIANS INVOLVED,,A,21804,,1.0,E TAYLOR ST,CENTR,,,A,,,N 19TH ST,,,D,8/15/2024 9:28:00 AM,1/28/2025 11:35:29 AM,,,2,,,,,,,
4355383,2024-241530853,2,False,4313,6/1/2024 9:43:00 PM,2143,S5,1368.0,4313.0,San Jose,43.0,True,True,D,BROADSIDE,,Saturday,,,F,,False,False,True,,C,OTHER MOTOR VEHICLE,,2.0,0.0,CLEAR,, ,, ,C,DARK-STREET LIGHTS,37.192705,-121.53146,,,,,A,NO PEDESTRIANS INVOLVED,,A,20001,,1.0,GRANT ST,SAM,,,A,,,VINE ST,,,A,8/15/2024 9:22:59 AM,1/28/2025 11:35:35 AM,,,2,,,,,,,
4355382,2024-241560859,2,False,4313,6/4/2024 8:10:00 PM,2010,X3,1368.0,4313.0,San Jose,43.0,True,True,C,REAR END,,Tuesday,,,F,,False,False,False,,B,PEDESTRIAN,,1.0,0.0,CLEAR,, NO UNUSUAL CONDITIONS - NO UNUSUAL CONDITIONS,, ,B,DUSK-DAWN,,,,,,,E,IN ROAD - INCLUDES SHOULDER,,A,22106,,1.0,HARBOR CT,XRAY,,,A,,,HARBOR CT 3607,,,D,8/15/2024 9:22:59 AM,1/28/2025 11:35:36 AM,,,2,,,,,,,
4355376,9340-2024-03361,1,False,9340,8/4/2024 5:20:00 PM,1720,110,1368.0,4313.0,San Jose,43.0,True,True,C,REAR END,,Sunday,Yes,False,,,False,True,True,SANTA CLARA SUPERIOR COURT HALL OF JUSTICE,C,OTHER MOTOR VEHICLE,,2.0,0.0,CLEAR,, NO UNUSUAL CONDITIONS,, ,A,DAYLIGHT,37.318741,-121.83213,,,,,A,NO PEDESTRIANS INVOLVED,8/4/2024 5:20:00 PM,A,VC 22350,True,1.0,US-101 S/B,,,8/15/2024 9:19:55 AM,A,N,160.0,TULLY RD,F,,D,8/15/2024 9:20:22 AM,8/15/2024 9:20:22 AM,False,True,4,True,8/4/2024 5:25:00 PM,1725,False,,,
4355354,2024-241480582,2,False,4313,5/27/2024 4:45:00 PM,1645,5,1368.0,4313.0,San Jose,43.0,True,True,C,REAR END,,Monday,,,,,False,False,True,,E,PARKED MOTOR VEHICLE,,1.0,0.0,CLEAR,, NO UNUSUAL CONDITIONS - NO UNUSUAL CONDITIONS,, ,A,DAYLIGHT,37.123649,-121.504142,,,,,A,NO PEDESTRIANS INVOLVED,,A,22100B,,1.0,MAIDEN LN,ADAM,,,A,,,VALIENTE,,,A,8/15/2024 9:12:58 AM,1/28/2025 11:39:09 AM,,,2,,,,,,,
4355350,2024-240390253,2,False,4313,2/8/2024 9:40:00 AM,940,P2,1368.0,4313.0,San Jose,43.0,True,True,B,SIDE SWIPE,,Thursday,,,,,False,False,False,,B,PEDESTRIAN,,1.0,0.0,CLEAR,, NO UNUSUAL CONDITIONS - NO UNUSUAL CONDITIONS,, ,A,DAYLIGHT,,,,,,,D,CROSSING - NOT IN CROSSWALK,,A,21954,,1.0,TULLY RD,FOOTH,,,A,,,S WHITE RD,,,A,8/15/2024 9:12:58 AM,1/28/2025 11:21:52 AM,,,2,,,,,,,
4355339,9340-2024-03322,2,False,9340,8/1/2024 1:45:00 PM,1345,282,1368.0,4313.0,San Jose,43.0,True,True,B,SIDE SWIPE,,Thursday,NotApplicable,False,M,,False,True,False,SANTA CLARA SUPERIOR COURT HALL OF JUSTICE,C,OTHER MOTOR VEHICLE,,0.0,0.0,CLEAR,, NO UNUSUAL CONDITIONS,, ,A,DAYLIGHT,37.316554,-121.969534,,,,,A,NO PEDESTRIANS INVOLVED,8/1/2024 1:45:00 PM,A,VC 22107,False,1.0,I-280 N/B TO SARATOGA AVE,,,12/5/2024 2:36:58 PM,A,S,1500.0,SARATOGA AVE,F,,D,8/15/2024 9:08:34 AM,12/5/2024 2:37:03 PM,False,True,4,,8/1/2024 2:40:00 PM,1440,True,240801GG0970,,True
4355338,9340-2024-03354,1,False,9340,8/4/2024 3:15:00 PM,1515,087,1368.0,4313.0,San Jose,43.0,True,True,C,REAR END,,Sunday,NotApplicable,False,,,False,True,True,SANTA CLARA SUPERIOR COURT HALL OF JUSTICE,C,OTHER MOTOR VEHICLE,,0.0,0.0,CLEAR,, NO UNUSUAL CONDITIONS,, ,A,DAYLIGHT,37.308069,-121.88153,,,,,A,NO PEDESTRIANS INVOLVED,8/4/2024 3:15:00 PM,A,VC 22350,False,1.0,SR-87 N/B,,,8/15/2024 9:07:46 AM,A,N,1680.0,ALMADEN RD,F,,D,8/15/2024 9:08:27 AM,8/15/2024 9:08:27 AM,False,True,4,,8/4/2024 3:20:00 PM,1520,False,,,True
4355268,2024-240130669,2,False,4313,1/13/2024 7:08:00 PM,1908,3,1368.0,4313.0,San Jose,43.0,True,True,C,REAR END,,Saturday,,,,,False,False,False,,C,OTHER MOTOR VEHICLE,,1.0,0.0,CLEAR,, NO UNUSUAL CONDITIONS - NO UNUSUAL CONDITIONS,, ,C,DARK-STREET LIGHTS,,,,,,,A,NO PEDESTRIANS INVOLVED,,A,22350,,1.0,SANTA TERESA BL,ADAM,,,A,,,BLOSSOM HILL RD,,,A,8/15/2024 8:42:55 AM,1/28/2025 11:12:46 AM,,,2,,,,,,,
4355098,2024-241380384,2,False,4313,5/17/2024 1:00:00 PM,1300,4,1368.0,4313.0,San Jose,43.0,True,True,C,REAR END,,Friday,,,,,False,False,False,,C,OTHER MOTOR VEHICLE,,3.0,0.0,CLEAR,, NO UNUSUAL CONDITIONS - NO UNUSUAL CONDITIONS,, ,A,DAYLIGHT,37.195449,-121.541718,,,,,A,NO PEDESTRIANS INVOLVED,,A,21703,,1.0,THE ALAMEDA,FRANK,,,A,,,BUSH ST,,,A,8/15/2024 7:32:51 AM,1/28/2025 11:37:14 AM,,,2,,,,,,,
4355055,24-202-9703,2,False,4313,6/26/2024 6:40:00 PM,1840,,1368.0,4313.0,San Jose,43.0,True,True,C,REAR END,,Wednesday,,,,,False,False,False,,C,OTHER MOTOR VEHICLE,,1.0,0.0,CLEAR,, ,, ,A,DAYLIGHT,,,,,,,,,,B,,,1.0,BRANHAM,,,,A,,,SNELL AV,,,,8/15/2024 7:17:50 AM,1/28/2025 11:43:14 AM,,,3,,,,,,,
4355036,2024-241390220,2,False,4313,5/18/2024 6:59:00 AM,659,A5,1368.0,4313.0,San Jose,43.0,True,True,A,HEAD-ON,,Saturday,,,,,False,False,True,,E,PARKED MOTOR VEHICLE,,2.0,0.0,CLEAR,, NO UNUSUAL CONDITIONS - NO UNUSUAL CONDITIONS,, ,A,DAYLIGHT,,,,,,,A,NO PEDESTRIANS INVOLVED,,A,,,1.0,MCABEE RD,SOUTH,,,A,,,MOJAVE DR,,,,8/15/2024 7:07:50 AM,1/28/2025 11:37:14 AM,,,2,,,,,,,
4354990,2024-241450571,2,False,4313,5/24/2024 3:45:00 PM,1545,V2,1368.0,4313.0,San Jose,43.0,True,True,D,BROADSIDE,,Friday,,,,,False,False,True,,C,OTHER MOTOR VEHICLE,,2.0,0.0,CLOUDY,, NO UNUSUAL CONDITIONS - NO UNUSUAL CONDITIONS,, ,A,DAYLIGHT,,,,,,,A,NO PEDESTRIANS INVOLVED,,A,21800A,,,E HEDDING ST,VICTO,,,A,,,N 5TH ST,,,D,8/15/2024 6:52:48 AM,1/28/2025 11:39:09 AM,,,2,,,,,,,
4354475,2024-241570776,2,False,4313,6/5/2024 7:47:00 PM,1947,R4,1368.0,4313.0,San Jose,43.0,True,True,D,BROADSIDE,,Wednesday,,,,,False,False,False,,E,PARKED MOTOR VEHICLE,,2.0,0.0,CLEAR,, NO UNUSUAL CONDITIONS - NO UNUSUAL CONDITIONS,, ,A,DAYLIGHT,,,,,,,A,NO PEDESTRIANS INVOLVED,,A,22107,,1.0,TOWNSEND AV,CENTR,,,A,,,TOWNSEND PARK CIR,,,D,8/14/2024 2:52:46 PM,1/28/2025 11:43:08 AM,,,2,,,,,,,
4354422,9340-2024-03363,1,False,9340,8/4/2024 8:53:00 AM,853,120,1368.0,4313.0,San Jose,43.0,True,True,E,HIT OBJECT,,Sunday,NotApplicable,False,,,False,True,True,SANTA CLARA SUPERIOR COURT HALL OF JUSTICE,I,FIXED OBJECT,METAL GUARDRAIL,1.0,0.0,CLEAR,, HOLES- DEEPRUT*,, ,A,DAYLIGHT,37.363833,-121.898241,,,,,A,NO PEDESTRIANS INVOLVED,8/4/2024 8:53:00 AM,A,VC 22350,False,1.0,US-101 N/B ,,,8/14/2024 2:20:59 PM,A,N,20.0,10TH ST,F,,D,8/14/2024 2:22:32 PM,8/14/2024 2:22:32 PM,False,True,4,,8/4/2024 8:55:00 AM,0855,False,,,True
4354401,2024-241550335,2,False,4313,6/3/2024 10:47:00 AM,1047,M3,1368.0,4313.0,San Jose,43.0,True,True,D,BROADSIDE,,Monday,,,,,False,False,False,,,,,1.0,0.0,CLOUDY,, NO UNUSUAL CONDITIONS - NO UNUSUAL CONDITIONS,, ,A,DAYLIGHT,,,,,,,D,CROSSING - NOT IN CROSSWALK,,A,21950A,,1.0,S KING RD,DM,,,A,,,LAVONNE AV,,,D,8/14/2024 2:12:46 PM,1/28/2025 11:43:14 AM,,,2,,,,,,,
4354381,2024-241550429,2,False,4313,6/3/2024 12:54:00 PM,1254,L4,1368.0,4313.0,San Jose,43.0,True,True,B,SIDE SWIPE,,Monday,,,,,False,False,False,,G,BICYCLE,,1.0,0.0,CLEAR,, NO UNUSUAL CONDITIONS - NO UNUSUAL CONDITIONS,, ,A,DAYLIGHT,37.18129,-121.51404,,,,,F,NOT IN ROAD,,A,21202,,1.0,MONTEREY RD,LINCO,,,A,,,TULLY RD,,,A,8/14/2024 2:02:46 PM,1/28/2025 11:43:14 AM,,,2,,,,,,,
4354358,2024-241290531,2,False,4313,5/8/2024 3:09:00 PM,1509,V2,1368.0,4313.0,San Jose,43.0,True,True,D,BROADSIDE,,Wednesday,,,,,False,False,True,,C,OTHER MOTOR VEHICLE,,2.0,0.0,CLEAR,, NO UNUSUAL CONDITIONS - NO UNUSUAL CONDITIONS,, ,A,DAYLIGHT,,,,,,,A,NO PEDESTRIANS INVOLVED,,A,21802A,,1.0,E HEDDING ST,VICTO,,,A,,,N 6TH ST,,,A,8/14/2024 1:52:46 PM,1/28/2025 11:18:20 AM,,,2,,,,,,,
4354344,2024-241100200,2,False,4313,4/19/2024 9:00:00 AM,900,F5,1368.0,4313.0,San Jose,43.0,True,True,D,BROADSIDE,,Friday,,,,,False,False,True,,C,OTHER MOTOR VEHICLE,,2.0,0.0,CLEAR,, NO UNUSUAL CONDITIONS - NO UNUSUAL CONDITIONS,, ,A,DAYLIGHT,,,,,,,A,NO PEDESTRIANS INVOLVED,,A,21453,,1.0,LEIGH AV,WESTE,,,A,,,W SAN CARLOS ST,,,A,8/14/2024 1:47:46 PM,1/28/2025 11:35:20 AM,,,2,,,,,,,
4354342,2024-241100286,2,False,4313,4/19/2024 11:01:00 AM,1101,V3,1368.0,4313.0,San Jose,43.0,True,True,A,HEAD-ON,,Friday,,,,,False,False,False,,B,PEDESTRIAN,,1.0,0.0,CLEAR,, NO UNUSUAL CONDITIONS - NO UNUSUAL CONDITIONS,, ,A,DAYLIGHT,,,,,,,E,IN ROAD - INCLUDES SHOULDER,,A,22107,,1.0,N 11TH ST,CENTR,,,A,,,WASHINGTON ST,,,D,8/14/2024 1:47:46 PM,1/28/2025 11:35:20 AM,,,2,,,,,,,