Collision Id,	Report Number,	Report Version,	Is Preliminary,	NCIC Code,Crash Date Time,	Crash Time Description,	Beat,City Id,	City Code,	City Name,County Code,	City Is Active,	City Is Incorporated,	Collision Type Code,Collision Type Description,	Collision Type Other Desc,	Day Of Week,	DispatchNotified,	HasPhotographs,	HitRun,	IsAttachmentsMailed,	IsDeleted,	IsHighwayRelated,	IsTowAway,	JudicialDistrict,	MotorVehicleInvolvedWithCode,	MotorVehicleInvolvedWithDesc,MotorVehicleInvolvedWithOtherDesc,	NumberInjured,	NumberKilled,Weather 1, Weather 2, Road Condition 1, Road Condition 2, Special Condition,LightingCode, LightingDescription,Latitude,Longitude,MilepostDirection,MilepostDistance,MilepostMarker,MilepostUnitOfMeasure,	PedestrianActionCode,PedestrianActionDesc,PreparedDate,	Primary Collision Factor Code,Primary Collision Factor Violation,PrimaryCollisionFactorIsCited,	PrimaryCollisionPartyNumber,	PrimaryRoad,	ReportingDistrict,	ReportingDistrictCode,ReviewedDate,	RoadwaySurfaceCode,SecondaryDirection,	SecondaryDistance,	SecondaryRoad,	SecondaryUnitOfMeasure,	SketchDesc,	TrafficControlDeviceCode,CreatedDate,	ModifiedDate,IsCountyRoad,IsFreeway,CHP555Version,	IsAdditonalObjectStruck,NotificationDate,	NotificationTimeDescription,	HasDigitalMediaFiles,	EvidenceNumber,	IsLocationReferToNarrative,	IsAOIOneSameAsLocation
4352949,2024-241810487,2,False,4313,6/29/2024 2:46:00 PM,1446,L4,1368.0,4313.0,San Jose,43.0,True,True,B,SIDE SWIPE,,Saturday,,,,,False,False,False,,C,OTHER MOTOR VEHICLE,,5.0,0.0,CLEAR,, NO UNUSUAL CONDITIONS - NO UNUSUAL CONDITIONS,, ,A,DAYLIGHT,,,,,,,A,NO PEDESTRIANS INVOLVED,,A,21804A,,1.0,LITTLE ORCHARD ST,LINCO,,,A,,,STAUFFER BL,,,D,8/13/2024 4:12:15 PM,1/28/2025 11:36:47 AM,,,2,,,,,,,
4352946,2024-241790440,2,False,4313,6/27/2024 1:37:00 PM,1337,L1,1368.0,4313.0,San Jose,43.0,True,True,B,SIDE SWIPE,,Thursday,,,,,False,False,True,,C,OTHER MOTOR VEHICLE,,2.0,0.0,CLEAR,, NO UNUSUAL CONDITIONS - NO UNUSUAL CONDITIONS,, ,A,DAYLIGHT,,,,,,,A,NO PEDESTRIANS INVOLVED,,A,21453,,1.0,S 3RD ST,LINCO,,,A,,,KEYES ST,,,A,8/13/2024 4:12:14 PM,1/28/2025 11:36:51 AM,,,2,,,,,,,
4352913,2024-240780184,2,False,4313,3/18/2024 7:50:00 AM,750,X2,1368.0,4313.0,San Jose,43.0,True,True,A,HEAD-ON,,Monday,,,,,False,False,False,,B,PEDESTRIAN,,1.0,0.0,CLEAR,, NO UNUSUAL CONDITIONS - NO UNUSUAL CONDITIONS,, ,A,DAYLIGHT,,,,,,,B,CROSSING IN CROSS WALK AT INTERSECTION,,A,21950A,,1.0,MONTEREY RD,SOUTH,,,A,,,CITY POLE 16P237,,,D,8/13/2024 4:12:09 PM,1/28/2025 11:24:35 AM,,,2,,,,,,,
4352910,2024-240740242,2,False,4313,3/14/2024 9:00:00 AM,900,P3,1368.0,4313.0,San Jose,43.0,True,True,A,HEAD-ON,,Thursday,,,,,False,False,True,,C,OTHER MOTOR VEHICLE,,2.0,0.0,CLEAR,, NO UNUSUAL CONDITIONS - NO UNUSUAL CONDITIONS,, ,A,DAYLIGHT,,,,,,,A,NO PEDESTRIANS INVOLVED,,A,22350,,1.0,S KING RD,PAUL,,,A,,,BARBERRY LN,,,A,8/13/2024 4:12:09 PM,1/28/2025 11:24:35 AM,,,2,,,,,,,
4352887,241559701,2,False,4313,6/2/2024 8:45:00 AM,845,,1368.0,4313.0,San Jose,43.0,True,True,C,REAR END,,Sunday,,,F,,False,False,False,,C,OTHER MOTOR VEHICLE,,1.0,0.0,CLEAR,, NO UNUSUAL CONDITIONS - NO UNUSUAL CONDITIONS,, ,A,DAYLIGHT,,,,,,,A,NO PEDESTRIANS INVOLVED,,D,,,,CHERRY AV,,,,A,,,BOURET DR,,,D,8/13/2024 4:12:06 PM,1/28/2025 11:37:57 AM,,,3,,,,,,,
4352884,2024-241490189,2,False,4313,5/28/2024 7:55:00 AM,755,W2,1368.0,4313.0,San Jose,43.0,True,True,C,REAR END,,Tuesday,,,,,False,False,False,,G,BICYCLE,,1.0,0.0,CLEAR,, NO UNUSUAL CONDITIONS - NO UNUSUAL CONDITIONS,, ,A,DAYLIGHT,,,,,,,A,NO PEDESTRIANS INVOLVED,,D,,,,PIEDMONT RD,FOOTH,,,A,,,SUNCREST AV,,,A,8/13/2024 4:12:05 PM,1/28/2025 11:39:07 AM,,,2,,,,,,,
4352866,2024-241520252,2,False,4313,5/31/2024 9:00:00 AM,900,A1,1368.0,4313.0,San Jose,43.0,True,True,B,SIDE SWIPE,,Friday,,,,,False,False,False,,G,BICYCLE,,1.0,0.0,CLEAR,, NO UNUSUAL CONDITIONS - NO UNUSUAL CONDITIONS,, ,A,DAYLIGHT,,,,,,,A,NO PEDESTRIANS INVOLVED,,A,22350,,1.0,LOS GATOS ALMADEN RD,DA,,,A,,,LEIGH AV,,,D,8/13/2024 4:12:03 PM,1/28/2025 11:39:07 AM,,,2,,,,,,,
4352856,2024-241830141,2,False,4313,7/1/2024 4:59:00 AM,459,V1,1368.0,4313.0,San Jose,43.0,True,True,C,REAR END,,Monday,,,,,False,False,True,,C,OTHER MOTOR VEHICLE,,1.0,0.0,CLEAR,, NO UNUSUAL CONDITIONS - NO UNUSUAL CONDITIONS,, ,A,DAYLIGHT,,,,,,,A,NO PEDESTRIANS INVOLVED,,A,22350,,1.0,TAYLOR ST,CENTR,,,A,,,SAN PEDRO ST,,,A,8/13/2024 4:12:01 PM,1/28/2025 11:36:08 AM,,,2,,,,,,,
4352854,2024-240710213,2,False,4313,3/11/2024 8:10:00 AM,810,3,1368.0,4313.0,San Jose,43.0,True,True,D,BROADSIDE,,Monday,,,,,False,False,True,,C,OTHER MOTOR VEHICLE,,3.0,0.0,CLOUDY,, NO UNUSUAL CONDITIONS - NO UNUSUAL CONDITIONS,, ,A,DAYLIGHT,,,,,,,A,NO PEDESTRIANS INVOLVED,,A,21801A,,1.0,CURTNER AV,TOM,,,B,,,HICKS AV,,,A,8/13/2024 4:12:00 PM,1/28/2025 11:16:32 AM,,,2,,,,,,,
4352849,2024-240890016,2,False,4313,3/29/2024 12:00:00 AM,0,W2,1368.0,4313.0,San Jose,43.0,True,True,B,SIDE SWIPE,,Friday,,,F,,False,False,False,,C,OTHER MOTOR VEHICLE,,1.0,0.0,CLEAR,, NO UNUSUAL CONDITIONS - NO UNUSUAL CONDITIONS,, ,C,DARK-STREET LIGHTS,37.231157,-121.513817,,,,,A,NO PEDESTRIANS INVOLVED,,A,22107,,1.0,BERRYESSA RD,DW,,,A,W,72.0,N CAPITOL AV,F,,A,8/13/2024 4:12:00 PM,1/28/2025 11:16:32 AM,,,2,,,,,,,
4352848,2024-240800722,2,False,4313,3/20/2024 5:55:00 PM,1755,S5,1368.0,4313.0,San Jose,43.0,True,True,B,SIDE SWIPE,,Wednesday,,,,,False,False,False,,C,OTHER MOTOR VEHICLE,,1.0,0.0,CLEAR,, NO UNUSUAL CONDITIONS - NO UNUSUAL CONDITIONS,, ,A,DAYLIGHT,,,,,,,A,NO PEDESTRIANS INVOLVED,,A,22107,,1.0,VINE ST,WESTE,,,A,,,OAK ST,,,A,8/13/2024 4:12:00 PM,1/28/2025 11:16:32 AM,,,2,,,,,,,
4352841,2024-240690577,2,False,4313,3/9/2024 3:21:00 PM,1521,M5,1368.0,4313.0,San Jose,43.0,True,True,,,,Saturday,,,,,False,False,False,,C,OTHER MOTOR VEHICLE,,1.0,0.0,CLEAR,, NO UNUSUAL CONDITIONS - NO UNUSUAL CONDITIONS,, ,A,DAYLIGHT,,,,,,,A,NO PEDESTRIANS INVOLVED,,A,12500,,1.0,W WHITE ROAD,MARY,,,A,,,FLORENCE AV,,,,8/13/2024 4:11:59 PM,1/28/2025 11:16:32 AM,,,2,,,,,,,
4352837,2024-240660284,2,False,4313,3/6/2024 9:36:00 AM,936,N3,1368.0,4313.0,San Jose,43.0,True,True,C,REAR END,,Wednesday,,,,,False,False,False,,C,OTHER MOTOR VEHICLE,,2.0,0.0,CLEAR,CLOUDY, NO UNUSUAL CONDITIONS - NO UNUSUAL CONDITIONS,, ,A,DAYLIGHT,37.181255,-121.591855,,,,,B,CROSSING IN CROSS WALK AT INTERSECTION,,A,22350,,1.0,TERESITA DR,NORA,,,B,,,DOYLE RD,,,,8/13/2024 4:11:58 PM,1/28/2025 11:12:46 AM,,,2,,,,,,,
4352826,2024-240910182,2,False,4313,3/31/2024 4:47:00 AM,447,R3,1368.0,4313.0,San Jose,43.0,True,True,D,BROADSIDE,,Sunday,,,F,,False,False,True,,C,OTHER MOTOR VEHICLE,,1.0,0.0,CLEAR,, NO UNUSUAL CONDITIONS - NO UNUSUAL CONDITIONS,, ,D,DARK-NO STREET LIGHTS,37.223279,-121.544189,,,,,A,NO PEDESTRIANS INVOLVED,,A,22350,,1.0,ZANKER RD,CENTR,,,A,,,DEVCON DR,,,D,8/13/2024 4:11:56 PM,1/28/2025 11:16:32 AM,,,2,,,,,,,
4352815,2024-240760752,2,False,4313,3/16/2024 7:39:00 PM,1939,P2,1368.0,4313.0,San Jose,43.0,True,True,H,OTHER,,Saturday,,,,,False,False,False,,A,NON-COLLISION,,1.0,0.0,CLEAR,, NO UNUSUAL CONDITIONS - NO UNUSUAL CONDITIONS,, ,D,DARK-NO STREET LIGHTS,,,,,,,A,NO PEDESTRIANS INVOLVED,,A,22350A,,1.0,MT PLEASANT RD,PAUL,,,A,,,MT PLEASANT RD 2125,,,D,8/13/2024 4:11:55 PM,1/28/2025 11:16:31 AM,,,2,,,,,,,
4352814,2024-240850612,2,False,4313,3/25/2024 3:28:00 PM,1528,E1,1368.0,4313.0,San Jose,43.0,True,True,A,HEAD-ON,,Monday,,,,,False,False,True,,C,OTHER MOTOR VEHICLE,,2.0,0.0,CLEAR,, NO UNUSUAL CONDITIONS - NO UNUSUAL CONDITIONS,, ,A,DAYLIGHT,37.195465,-121.541389,,,,,A,NO PEDESTRIANS INVOLVED,,A,21801A,,1.0,STOCKTON AV,WESTE,,,A,S,225.0,CLINTON PL,F,,D,8/13/2024 4:11:55 PM,1/28/2025 11:16:32 AM,,,2,,,,,,,
4352807,2024-240870831,2,False,4313,3/27/2024 8:43:00 PM,2043,M3,1368.0,4313.0,San Jose,43.0,True,True,C,REAR END,,Wednesday,,,,,False,False,False,,C,OTHER MOTOR VEHICLE,,3.0,0.0,CLOUDY,, NO UNUSUAL CONDITIONS - NO UNUSUAL CONDITIONS,, ,C,DARK-STREET LIGHTS,,,,,,,A,NO PEDESTRIANS INVOLVED,,A,22350,,1.0,MCKEE RD,DM,,,A,,,N KING RD,,,A,8/13/2024 4:11:53 PM,1/28/2025 11:16:32 AM,,,2,,,,,,,
4352805,2024-240870565,2,False,4313,3/27/2024 3:30:00 PM,1530,C4,1368.0,4313.0,San Jose,43.0,True,True,B,SIDE SWIPE,,Wednesday,,,,,False,False,True,,C,OTHER MOTOR VEHICLE,,1.0,0.0,CLOUDY,RAINING, NO UNUSUAL CONDITIONS - NO UNUSUAL CONDITIONS,, ,A,DAYLIGHT,,,,,,,A,NO PEDESTRIANS INVOLVED,,A,22107,,1.0,TULLY RD,FOOTH,,,B,E,101.0,EASTRIDGE LN,F,,D,8/13/2024 4:11:53 PM,1/28/2025 11:16:32 AM,,,2,,,,,,,
4352803,2024-240690231,2,False,4313,3/9/2024 7:02:00 AM,702,F3,1368.0,4313.0,San Jose,43.0,True,True,B,SIDE SWIPE,,Saturday,,,F,,False,False,True,,C,OTHER MOTOR VEHICLE,,1.0,0.0,CLEAR,, NO UNUSUAL CONDITIONS - NO UNUSUAL CONDITIONS,, ,A,DAYLIGHT,,,,,,,A,NO PEDESTRIANS INVOLVED,,A,21453A,,1.0,STEVENS CREEK BL,FRANK,,,A,,,W SAN CARLOS ST,,,A,8/13/2024 4:11:53 PM,1/28/2025 11:16:32 AM,,,2,,,,,,,
4352776,2024-241190530,2,False,4313,4/28/2024 3:05:00 PM,1505,F4,1368.0,4313.0,San Jose,43.0,True,True,C,REAR END,,Sunday,,,,,False,False,False,,D,MOTOR VEHICLE ON OTHER ROADWAY,,1.0,0.0,CLEAR,, NO UNUSUAL CONDITIONS - NO UNUSUAL CONDITIONS,, ,A,DAYLIGHT,,,,,,,A,NO PEDESTRIANS INVOLVED,,A,21453A,,1.0,STOCKTON AV,WESTE,,,A,,,W TAYLOR ST,,,A,8/13/2024 4:11:48 PM,1/28/2025 11:36:45 AM,,,2,,,,,,,
4352762,2024-241210741,2,False,4313,4/30/2024 6:30:00 PM,1830,S6,1368.0,4313.0,San Jose,43.0,True,True,D,BROADSIDE,,Tuesday,,,,,False,False,True,,C,OTHER MOTOR VEHICLE,,2.0,0.0,CLEAR,, NO UNUSUAL CONDITIONS - NO UNUSUAL CONDITIONS,, ,A,DAYLIGHT,37.182666,-121.524028,,,,,A,NO PEDESTRIANS INVOLVED,,A,21453A,,1.0,ALAMADEN EX,SAM,,,A,,,SAN JOSE AV,,,,8/13/2024 4:11:46 PM,1/28/2025 11:36:45 AM,,,2,,,,,,,
4352756,2024-241210197,2,False,4313,4/30/2024 7:48:00 AM,748,P4,1368.0,4313.0,San Jose,43.0,True,True,C,REAR END,,Tuesday,,,,,False,False,False,,C,OTHER MOTOR VEHICLE,,1.0,0.0,CLEAR,, NO UNUSUAL CONDITIONS - NO UNUSUAL CONDITIONS,, ,A,DAYLIGHT,37.182489,-121.481318,,,,,A,NO PEDESTRIANS INVOLVED,,A,22107,,1.0,DANIEL MALONEY DR,DP,,,A,,,BRIGADOON WY,,,,8/13/2024 4:11:45 PM,1/28/2025 11:36:45 AM,,,2,,,,,,,
4352755,2024-241170502,2,False,4313,4/26/2024 3:00:00 PM,1500,S6,1368.0,4313.0,San Jose,43.0,True,True,G,VEHICLE/PEDESTRAIN,,Friday,,,,,False,False,False,,B,PEDESTRIAN,,1.0,0.0,CLEAR,, NO UNUSUAL CONDITIONS - NO UNUSUAL CONDITIONS,, ,B,DUSK-DAWN,,,,,,,B,CROSSING IN CROSS WALK AT INTERSECTION,,A,21950,,1.0,W ALMA AV,SAM,,,A,W,6.0,ALMADEN RD,F,,A,8/13/2024 4:11:45 PM,1/28/2025 11:36:44 AM,,,2,,,,,,,
4352748,2024-241110621,2,False,4313,4/20/2024 6:39:00 PM,1839,3,1368.0,4313.0,San Jose,43.0,True,True,C,REAR END,,Saturday,,,,,False,False,True,,E,PARKED MOTOR VEHICLE,,1.0,0.0,CLEAR,, NO UNUSUAL CONDITIONS - NO UNUSUAL CONDITIONS,, ,A,DAYLIGHT,,,,,,,A,NO PEDESTRIANS INVOLVED,,A,22350,,1.0,CORTEZ AV,CHARL,,,A,,,BAL HARBOR WY,,,D,8/13/2024 4:11:44 PM,1/28/2025 11:36:45 AM,,,2,,,,,,,
4352747,2024-241280803,2,False,4313,5/7/2024 8:04:00 PM,2004,Y3,1368.0,4313.0,San Jose,43.0,True,True,E,HIT OBJECT,,Tuesday,,,,,False,False,True,,I,FIXED OBJECT,,3.0,0.0,CLOUDY,, NO UNUSUAL CONDITIONS - NO UNUSUAL CONDITIONS,, ,B,DUSK-DAWN,,,,,,,A,NO PEDESTRIANS INVOLVED,,A,22107,,1.0,CALPINE DR,SOUTH,,,A,,,BLOSSOM HILL RD,,,D,8/13/2024 4:11:43 PM,1/28/2025 11:36:44 AM,,,2,,,,,,,
4352744,2024-241210226,2,False,4313,4/30/2024 8:25:00 AM,825,P5,1368.0,4313.0,San Jose,43.0,True,True,G,VEHICLE/PEDESTRAIN,,Tuesday,,,,,False,False,False,,B,PEDESTRIAN,,1.0,0.0,CLEAR,, NO UNUSUAL CONDITIONS - NO UNUSUAL CONDITIONS,, ,A,DAYLIGHT,,,,,,,D,CROSSING - NOT IN CROSSWALK,,A,21950A,,1.0,RUBY AV,PAUL,,,A,,,VINTAGE ACRESS WY,,,A,8/13/2024 4:11:43 PM,1/28/2025 11:36:45 AM,,,2,,,,,,,
4352742,2024-241240871,2,False,4313,5/3/2024 8:05:00 PM,2005,5,1368.0,4313.0,San Jose,43.0,True,True,C,REAR END,,Friday,,,,,False,False,False,,C,OTHER MOTOR VEHICLE,,2.0,0.0,CLEAR,, NO UNUSUAL CONDITIONS - NO UNUSUAL CONDITIONS,, ,B,DUSK-DAWN,37.142403,-121.462046,,,,,A,NO PEDESTRIANS INVOLVED,,A,22107,,1.0,MONTEREY RD,YELLO,,,A,,,BERNAL RD,,,A,8/13/2024 4:11:43 PM,1/28/2025 11:17:16 AM,,,2,,,,,,,
4352738,2024-241290805,2,False,4313,5/8/2024 9:01:00 PM,2101,N1,1368.0,4313.0,San Jose,43.0,True,True,G,VEHICLE/PEDESTRAIN,,Wednesday,,,,,False,False,False,,B,PEDESTRIAN,,1.0,0.0,CLEAR,, NO UNUSUAL CONDITIONS - NO UNUSUAL CONDITIONS,, ,C,DARK-STREET LIGHTS,,,,,,,D,CROSSING - NOT IN CROSSWALK,,A,21955,,1.0,S DE ANZA BL,WESTE,,,A,,,BOLLINGER RD,,,D,8/13/2024 4:11:42 PM,1/28/2025 11:36:43 AM,,,2,,,,,,,
4352737,2024-241280280,2,False,4313,5/17/2024 10:00:00 AM,1000,K2,1368.0,4313.0,San Jose,43.0,True,True,C,REAR END,,Friday,,,,,False,False,False,,C,OTHER MOTOR VEHICLE,,1.0,0.0,CLEAR,, NO UNUSUAL CONDITIONS - NO UNUSUAL CONDITIONS,, ,A,DAYLIGHT,,,,,,,A,NO PEDESTRIANS INVOLVED,,A,21703,,1.0,E SAN FERNANDO ST,CENTR,,,,,,S 7TH ST,,,A,8/13/2024 4:11:42 PM,1/28/2025 11:36:44 AM,,,2,,,,,,,
4352734,2024-241670526,2,False,4313,6/15/2024 2:40:00 PM,1440,A2,1368.0,4313.0,San Jose,43.0,True,True,B,SIDE SWIPE,,Saturday,,,,,False,False,True,,C,OTHER MOTOR VEHICLE,,1.0,0.0,CLEAR,, NO UNUSUAL CONDITIONS - NO UNUSUAL CONDITIONS,, ,A,DAYLIGHT,,,,,,,A,NO PEDESTRIANS INVOLVED,,A,21658A,,1.0,MERIDIAN AV,SOUTH,,,A,,,PORTOBELO DR,,,A,8/13/2024 4:11:41 PM,1/28/2025 11:36:44 AM,,,2,,,,,,,
4352731,2024-241220583,2,False,4313,5/1/2024 3:38:00 PM,1538,S2,1368.0,4313.0,San Jose,43.0,True,True,D,BROADSIDE,,Wednesday,,,,,False,False,True,,C,OTHER MOTOR VEHICLE,,1.0,0.0,CLEAR,, NO UNUSUAL CONDITIONS - NO UNUSUAL CONDITIONS,, ,A,DAYLIGHT,,,,,,,A,NO PEDESTRIANS INVOLVED,,A,21453A,,1.0,S BASCOM AV,SAM,,,A,,,STOKES AV,,,A,8/13/2024 4:11:41 PM,1/28/2025 11:35:29 AM,,,2,,,,,,,
4352729,2024-241240428,2,False,4313,5/3/2024 2:37:00 PM,1437,ROBERT,1368.0,4313.0,San Jose,43.0,True,True,B,SIDE SWIPE,,Friday,,,,,False,False,False,,C,OTHER MOTOR VEHICLE,,1.0,0.0,CLEAR,, NO UNUSUAL CONDITIONS - NO UNUSUAL CONDITIONS,, ,A,DAYLIGHT,,,,,,,A,NO PEDESTRIANS INVOLVED,,A,22107,,1.0,RINGWOOD AV,ROBER,,,A,,,MURPHY AV,,,A,8/13/2024 4:11:41 PM,1/28/2025 11:36:44 AM,,,2,,,,,,,
4352727,2024-241330385,2,False,4313,5/12/2024 11:12:00 AM,1112,P4,1368.0,4313.0,San Jose,43.0,True,True,G,VEHICLE/PEDESTRAIN,,Sunday,,,,,False,False,False,,B,PEDESTRIAN,,1.0,0.0,CLEAR,, NO UNUSUAL CONDITIONS - NO UNUSUAL CONDITIONS,, ,A,DAYLIGHT,,,,,,,B,CROSSING IN CROSS WALK AT INTERSECTION,,A,21950A,,1.0,CIRELLI DR,DP,,,A,,,NIEMAN BL,,,A,8/13/2024 4:11:41 PM,1/28/2025 11:35:29 AM,,,2,,,,,,,
4352725,2024-241280514,2,False,4313,5/7/2024 2:34:00 PM,1434,R3,1368.0,4313.0,San Jose,43.0,True,True,D,BROADSIDE,,Tuesday,,,,,False,False,True,,C,OTHER MOTOR VEHICLE,,1.0,0.0,CLEAR,, NO UNUSUAL CONDITIONS - NO UNUSUAL CONDITIONS,, ,A,DAYLIGHT,,,,,,,A,NO PEDESTRIANS INVOLVED,,A,21209A,,1.0,E BROKAW RD,ROBER,,,A,,,E BROKAW RD 780,,,D,8/13/2024 4:11:40 PM,1/28/2025 11:36:44 AM,,,2,,,,,,,
4352722,2024-241230170,2,False,4313,5/2/2024 7:22:00 AM,722,F3,1368.0,4313.0,San Jose,43.0,True,True,D,BROADSIDE,,Thursday,,,,,False,False,True,,C,OTHER MOTOR VEHICLE,,1.0,0.0,CLEAR,, NO UNUSUAL CONDITIONS - NO UNUSUAL CONDITIONS,, ,A,DAYLIGHT,37.20169,-121.554452,,,,,A,NO PEDESTRIANS INVOLVED,,A,21460,,1.0,PARK AV,FRANK,,,A,,,MCKENDRIE ST,,,D,8/13/2024 4:11:39 PM,1/28/2025 11:36:44 AM,,,2,,,,,,,
4352721,2024-240143081,2,False,4313,5/22/2024 8:59:00 PM,2059,1,1368.0,4313.0,San Jose,43.0,True,True,D,BROADSIDE,,Wednesday,,,,,False,False,True,,C,OTHER MOTOR VEHICLE,,1.0,0.0,CLEAR,, NO UNUSUAL CONDITIONS - NO UNUSUAL CONDITIONS,, ,C,DARK-STREET LIGHTS,,,,,,,A,NO PEDESTRIANS INVOLVED,,A,21453A,,1.0,BLOSSOM HILL RD,YELLO,,,A,,,SANTA TERESA BL,,,A,8/13/2024 4:11:39 PM,1/28/2025 11:18:02 AM,,,2,,,,,,,
4352720,2024-241280744,2,False,4313,5/7/2024 6:40:00 PM,1840,T1,1368.0,4313.0,San Jose,43.0,True,True,D,BROADSIDE,,Tuesday,,,,,False,False,True,,C,OTHER MOTOR VEHICLE,,1.0,0.0,CLEAR,, NO UNUSUAL CONDITIONS - NO UNUSUAL CONDITIONS,, ,A,DAYLIGHT,,,,,,,A,NO PEDESTRIANS INVOLVED,,A,22107,,1.0,UNION AV,TOM,,,A,S,128.0,CURTNER AV,F,,A,8/13/2024 4:11:39 PM,1/28/2025 11:17:16 AM,,,2,,,,,,,
4352713,2024-241290642,2,False,4313,5/8/2024 5:25:00 PM,1725,T1,1368.0,4313.0,San Jose,43.0,True,True,D,BROADSIDE,,Wednesday,,,,,False,False,True,,C,OTHER MOTOR VEHICLE,,2.0,0.0,CLEAR,, NO UNUSUAL CONDITIONS - NO UNUSUAL CONDITIONS,, ,A,DAYLIGHT,,,,,,,A,NO PEDESTRIANS INVOLVED,,A,22107,,1.0,CAMDEN AV,TOM,,,A,N,548.0,BRANHAM LN,F,,,8/13/2024 4:11:39 PM,1/28/2025 11:36:43 AM,,,2,,,,,,,
4352700,2024-241200282,2,False,4313,4/29/2024 10:05:00 AM,1005,P4,1368.0,4313.0,San Jose,43.0,True,True,D,BROADSIDE,,Monday,,,,,False,False,True,,C,OTHER MOTOR VEHICLE,,1.0,0.0,CLEAR,, NO UNUSUAL CONDITIONS - NO UNUSUAL CONDITIONS,, ,A,DAYLIGHT,,,,,,,A,NO PEDESTRIANS INVOLVED,,A,21453A,,1.0,S WHITE RD,PAUL,,,A,,,ABORN RD,,,D,8/13/2024 4:11:36 PM,1/28/2025 11:36:44 AM,,,2,,,,,,,
4352694,2024-241600512,2,False,4313,6/8/2024 3:45:00 PM,1545,K6,1368.0,4313.0,San Jose,43.0,True,True,D,BROADSIDE,,Saturday,,,,,False,True,True,,C,OTHER MOTOR VEHICLE,,2.0,0.0,CLEAR,, NO UNUSUAL CONDITIONS - NO UNUSUAL CONDITIONS,, ,A,DAYLIGHT,,,,,,,A,NO PEDESTRIANS INVOLVED,,A,21453A,,1.0,S 10TH ST,CENTR,,,A,,,RT 280,,,A,8/13/2024 4:11:35 PM,1/28/2025 11:42:29 AM,,,2,,,,,,,
4352659,2024-241220351,2,False,4313,5/1/2024 11:24:00 AM,1124,4,1368.0,4313.0,San Jose,43.0,True,True,C,REAR END,,Wednesday,,,,,False,False,False,,B,PEDESTRIAN,,1.0,0.0,CLEAR,, ,, ,B,DUSK-DAWN,37.214646,-121.53125,,,,,E,IN ROAD - INCLUDES SHOULDER,,A,22109,,1.0,BERRYESSA RD,DR,,,A,,,MABURY RD,,,A,8/13/2024 4:11:29 PM,1/28/2025 11:25:08 AM,,,2,,,,,,,
4352657,2024-241330908,2,False,4313,5/12/2024 11:01:00 PM,2301,L5,1368.0,4313.0,San Jose,43.0,True,True,D,BROADSIDE,,Sunday,,,,,False,False,False,,C,OTHER MOTOR VEHICLE,,1.0,0.0,CLEAR,, NO UNUSUAL CONDITIONS - NO UNUSUAL CONDITIONS,, ,C,DARK-STREET LIGHTS,,,,,,,A,NO PEDESTRIANS INVOLVED,,A,21804,,1.0,MONTEREY RD,DL,,,A,,,RANCHO DR,,,D,8/13/2024 4:11:29 PM,1/28/2025 11:30:19 AM,,,2,,,,,,,
4352638,2024-24129633,2,False,4313,5/8/2024 5:23:00 PM,1723,PAUL-6,1368.0,4313.0,San Jose,43.0,True,True,E,HIT OBJECT,,Wednesday,,,,,False,False,False,,J,OTHER OBJECT,,0.0,0.0,CLEAR,, NO UNUSUAL CONDITIONS - NO UNUSUAL CONDITIONS,, ,A,DAYLIGHT,,,,,,,A,NO PEDESTRIANS INVOLVED,,A,21651B,,1.0,ROYAL MEADOW LN,PAUL,,,A,W,13.0,SLOPING MEADOW CT,F,,D,8/13/2024 4:11:26 PM,1/28/2025 11:22:26 AM,,,2,,,,,,,
4352584,2024-241170179,2,False,4313,4/26/2024 8:11:00 AM,811,SAM 1,1368.0,4313.0,San Jose,43.0,True,True,A,HEAD-ON,,Friday,,,,,False,False,False,,D,MOTOR VEHICLE ON OTHER ROADWAY,,1.0,0.0,CLEAR,, OBSTRUCTION ON ROADWAY* - OBSTRUCTION ON ROADWAY*,, ,A,DAYLIGHT,,,,,,,,,,A,21650,,1.0,CHENEY DR,SAN J,,,A,,,LEIGH AV,,,D,8/13/2024 4:11:17 PM,1/28/2025 11:36:40 AM,,,2,,,,,,,
4352544,2024-241820877,2,False,4313,6/30/2024 9:56:00 PM,2156,5,1368.0,4313.0,San Jose,43.0,True,True,G,VEHICLE/PEDESTRAIN,,Sunday,,,F,,False,False,False,,B,PEDESTRIAN,,1.0,0.0,CLEAR,, NO UNUSUAL CONDITIONS - NO UNUSUAL CONDITIONS,, ,C,DARK-STREET LIGHTS,,,,,,,B,CROSSING IN CROSS WALK AT INTERSECTION,,A,21456,,2.0,BERRYESSA STATION WY,ROBER,,,A,,,BUS TURN OUT,,,A,8/13/2024 4:11:11 PM,1/28/2025 11:36:46 AM,,,2,,,,,,,
4352483,2024-241460100,2,False,4313,5/25/2024 1:53:00 AM,153,L6,1368.0,4313.0,San Jose,43.0,True,True,C,REAR END,,Saturday,,,F,,False,False,False,,G,BICYCLE,,1.0,0.0,CLEAR,, NO UNUSUAL CONDITIONS - NO UNUSUAL CONDITIONS,, ,C,DARK-STREET LIGHTS,37.175706,-121.49935,,,,,A,NO PEDESTRIANS INVOLVED,,A,20001,,1.0,BRANDYBUCK WY,WESTE,,,A,,,MCLAUGHLIN AV,,,A,8/13/2024 4:11:01 PM,1/28/2025 11:28:06 AM,,,2,,,,,,,
4352481,2024-241410038,2,False,4313,5/20/2024 1:35:00 AM,135,C4,1368.0,4313.0,San Jose,43.0,True,True,A,HEAD-ON,,Monday,,,,,False,False,True,,I,FIXED OBJECT,,3.0,0.0,CLEAR,, NO UNUSUAL CONDITIONS - NO UNUSUAL CONDITIONS,, ,C,DARK-STREET LIGHTS,37.202661,-121.491235,,,,,,,,A,22350,,1.0,OCALA AV,CHARL,,,A,,,E CAPITOL EXPWY,,,,8/13/2024 4:11:00 PM,1/28/2025 11:28:06 AM,,,2,,,,,,,
4352444,2024-242090071,2,False,4313,7/27/2024 1:35:00 AM,135,M1,1368.0,4313.0,San Jose,43.0,True,True,D,BROADSIDE,,Saturday,,,,,False,True,True,,C,OTHER MOTOR VEHICLE,,1.0,0.0,CLEAR,, NO UNUSUAL CONDITIONS - NO UNUSUAL CONDITIONS,, ,C,DARK-STREET LIGHTS,,,,,,,A,NO PEDESTRIANS INVOLVED,,A,21453A,,1.0,MCKEE RD,MARY,,,A,,,RT 101,,,A,8/13/2024 4:10:55 PM,1/28/2025 11:39:16 AM,,,2,,,,,,,