Collision Id,	Report Number,	Report Version,	Is Preliminary,	NCIC Code,Crash Date Time,	Crash Time Description,	Beat,City Id,	City Code,	City Name,County Code,	City Is Active,	City Is Incorporated,	Collision Type Code,Collision Type Description,	Collision Type Other Desc,	Day Of Week,	DispatchNotified,	HasPhotographs,	HitRun,	IsAttachmentsMailed,	IsDeleted,	IsHighwayRelated,	IsTowAway,	JudicialDistrict,	MotorVehicleInvolvedWithCode,	MotorVehicleInvolvedWithDesc,MotorVehicleInvolvedWithOtherDesc,	NumberInjured,	NumberKilled,Weather 1, Weather 2, Road Condition 1, Road Condition 2, Special Condition,LightingCode, LightingDescription,Latitude,Longitude,MilepostDirection,MilepostDistance,MilepostMarker,MilepostUnitOfMeasure,	PedestrianActionCode,PedestrianActionDesc,PreparedDate,	Primary Collision Factor Code,Primary Collision Factor Violation,PrimaryCollisionFactorIsCited,	PrimaryCollisionPartyNumber,	PrimaryRoad,	ReportingDistrict,	ReportingDistrictCode,ReviewedDate,	RoadwaySurfaceCode,SecondaryDirection,	SecondaryDistance,	SecondaryRoad,	SecondaryUnitOfMeasure,	SketchDesc,	TrafficControlDeviceCode,CreatedDate,	ModifiedDate,IsCountyRoad,IsFreeway,CHP555Version,	IsAdditonalObjectStruck,NotificationDate,	NotificationTimeDescription,	HasDigitalMediaFiles,	EvidenceNumber,	IsLocationReferToNarrative,	IsAOIOneSameAsLocation
4417887,2024-242630630,3,False,4313,9/19/2024 4:37:00 PM,1637,V3,1368.0,4313.0,San Jose,43.0,True,True,D,BROADSIDE,,Thursday,,,,,False,False,False,,D,MOTOR VEHICLE ON OTHER ROADWAY,,2.0,0.0,CLEAR,, NO UNUSUAL CONDITIONS - NO UNUSUAL CONDITIONS,, ,A,DAYLIGHT,,,,,,,A,NO PEDESTRIANS INVOLVED,,A,22450,,1.0,WASHINGTON ST,VICTO,,,A,,,N 11TH ST,,,D,10/3/2024 10:04:07 AM,7/18/2025 10:13:10 AM,,,2,,,,,,,
4417877,2024-242500591,3,False,4313,9/6/2024 4:49:00 PM,1649,L3,1368.0,4313.0,San Jose,43.0,True,True,D,BROADSIDE,,Friday,,,,,False,False,False,,G,BICYCLE,,1.0,0.0,CLEAR,, NO UNUSUAL CONDITIONS - NO UNUSUAL CONDITIONS,, ,A,DAYLIGHT,,,,,,,A,NO PEDESTRIANS INVOLVED,,A,216501,,1.0,SENTER RD,LINCO,,,A,,,QUINN AV,,,D,10/3/2024 9:59:07 AM,7/18/2025 10:13:10 AM,,,2,,,,,,,
4417724,2024-242100133,3,False,4313,7/28/2024 3:17:00 AM,317,6,1368.0,4313.0,San Jose,43.0,True,True,A,HEAD-ON,,Sunday,,,,,False,False,True,,E,PARKED MOTOR VEHICLE,,1.0,0.0,CLEAR,, NO UNUSUAL CONDITIONS - NO UNUSUAL CONDITIONS,, ,C,DARK-STREET LIGHTS,37.21635,-121.474641,,,,,A,NO PEDESTRIANS INVOLVED,,A,22350,,1.0,MARTEN AV,CHARL,,,A,E,300.0,MOUNT PLEASANT RD,F,,A,10/3/2024 8:59:07 AM,7/18/2025 10:12:39 AM,,,2,,,,,,,
4417713,2024-242650292,2,False,4313,9/21/2024 9:30:00 AM,930,A3,1368.0,4313.0,San Jose,43.0,True,True,B,SIDE SWIPE,,Saturday,,,F,,False,False,False,,G,BICYCLE,,1.0,0.0,CLEAR,, ,, ,A,DAYLIGHT,37.152166,-121.523295,,,,,,,,A,20001,,1.0,RT 85,WESTE,,,A,,,ALMADEN EX,,,D,10/3/2024 8:54:08 AM,1/28/2025 11:53:04 AM,,,2,,,,,,,
4417710,2024-242670918,3,False,4313,9/23/2024 8:19:00 PM,2019,1,1368.0,4313.0,San Jose,43.0,True,True,G,VEHICLE/PEDESTRAIN,,Monday,,,F,,False,False,False,,B,PEDESTRIAN,,1.0,0.0,CLEAR,, NO UNUSUAL CONDITIONS - NO UNUSUAL CONDITIONS,, ,C,DARK-STREET LIGHTS,,,,,,,B,CROSSING IN CROSS WALK AT INTERSECTION,,A,21950,,1.0,MABURY RD,MARY,,,A,,,EDUCATIONAL PARK DR,,,A,10/3/2024 8:54:08 AM,7/18/2025 10:13:10 AM,,,2,,,,,,,
4417623,2024-242540932,2,False,4313,9/10/2024 6:20:00 PM,1820,Y3,1368.0,4313.0,San Jose,43.0,True,True,G,VEHICLE/PEDESTRAIN,,Tuesday,,,F,,False,False,False,,B,PEDESTRIAN,,1.0,0.0,CLEAR,, NO UNUSUAL CONDITIONS - NO UNUSUAL CONDITIONS,, ,A,DAYLIGHT,,,,,,,B,CROSSING IN CROSS WALK AT INTERSECTION,,A,22450A,,1.0,BRANHAM LN E,YELLO,,,A,,,EDENVIEW DR,,,D,10/3/2024 8:14:06 AM,1/28/2025 11:53:08 AM,,,2,,,,,,,
4417592,9340-2024-04109,1,False,9340,9/25/2024 5:50:00 PM,1750,087,1368.0,4313.0,San Jose,43.0,True,True,C,REAR END,,Wednesday,NotApplicable,False,,,False,True,False,SANTA CLARA SUPERIOR COURT HALL OF JUSTICE,C,OTHER MOTOR VEHICLE,,0.0,0.0,CLEAR,, NO UNUSUAL CONDITIONS,, ,A,DAYLIGHT,37.309721,-121.882873,,,,,A,NO PEDESTRIANS INVOLVED,9/25/2024 5:50:00 PM,A,VC 22350,False,1.0,SR-87 N/B,,,10/3/2024 7:59:26 AM,A,S,146.0,ALMA AVE,F,,D,10/3/2024 7:59:29 AM,10/3/2024 7:59:29 AM,False,True,4,,9/25/2024 5:53:00 PM,1753,False,,,True
4417579,2024-242510324,3,False,4313,9/7/2024 9:49:00 AM,949,L3,1368.0,4313.0,San Jose,43.0,True,True,B,SIDE SWIPE,,Saturday,,,F,,False,False,False,,C,OTHER MOTOR VEHICLE,,1.0,0.0,CLEAR,, NO UNUSUAL CONDITIONS - NO UNUSUAL CONDITIONS,, ,A,DAYLIGHT,,,,,,,A,NO PEDESTRIANS INVOLVED,,A,21658,,1.0,TULLY RD,LINCO,,,A,,,SENTER RD,,,A,10/3/2024 7:54:07 AM,7/18/2025 10:13:11 AM,,,2,,,,,,,
4417470,2024-242630725,3,False,4313,9/19/2024 6:00:00 PM,1800,V2,1368.0,4313.0,San Jose,43.0,True,True,D,BROADSIDE,,Thursday,,,,,False,False,False,,,,,1.0,0.0,CLEAR,, NO UNUSUAL CONDITIONS - NO UNUSUAL CONDITIONS,, ,A,DAYLIGHT,,,,,,,A,NO PEDESTRIANS INVOLVED,,A,21235G,,1.0,N 1ST ST,VOCTO,,,A,,,N 1ST ST 840,,,D,10/3/2024 6:49:06 AM,7/18/2025 10:13:11 AM,,,2,,,,,,,
4417436,9340-2024-03180,1,False,9340,5/21/2024 12:50:00 PM,1250,087,1368.0,4313.0,San Jose,43.0,True,True,B,SIDE SWIPE,,Tuesday,NotApplicable,False,,,False,True,False,SANTA CLARA SUPERIOR COURT HALL OF JUSTICE,C,OTHER MOTOR VEHICLE,,0.0,0.0,CLEAR,, NO UNUSUAL CONDITIONS,, ,A,DAYLIGHT,37.259326,-121.858385,,,,,A,NO PEDESTRIANS INVOLVED,5/21/2024 12:50:00 PM,A,VC 22107,False,,SR-87 N/B FROM SANTA TERESA BLVD,,,10/3/2024 6:20:12 AM,A,S,143.0,CHYNOWETH AVENUE,F,,D,10/3/2024 6:20:16 AM,10/3/2024 6:20:16 AM,False,True,4,,5/22/2024 1:20:00 PM,1320,False,,,True
4417033,2024-242040433,2,False,4313,7/22/2024 12:50:00 PM,1250,A4,1368.0,4313.0,San Jose,43.0,True,True,B,SIDE SWIPE,,Monday,,,,,False,False,False,,B,PEDESTRIAN,,1.0,0.0,CLEAR,, NO UNUSUAL CONDITIONS - NO UNUSUAL CONDITIONS,, ,A,DAYLIGHT,,,,,,,B,CROSSING IN CROSS WALK AT INTERSECTION,,A,22350,,1.0,ALMADEN EXPWY,ADAM,,,A,,,VIA MONTE DR,,,A,10/2/2024 2:39:03 PM,1/28/2025 11:53:12 AM,,,2,,,,,,,
4416940,2024-242570981,2,False,4313,9/13/2024 11:55:00 PM,2355,TOM1,1368.0,4313.0,San Jose,43.0,True,True,G,VEHICLE/PEDESTRAIN,,Friday,,,,,False,False,True,,B,PEDESTRIAN,,0.0,1.0,CLEAR,, NO UNUSUAL CONDITIONS - NO UNUSUAL CONDITIONS,, ,C,DARK-STREET LIGHTS,37.153804,-121.554516,,,,,E,IN ROAD - INCLUDES SHOULDER,,A,23153,,1.0,CAMDEN AV,SOUTH,,,A,,,CAMDEN AV 14900,,,D,10/2/2024 1:59:04 PM,1/28/2025 11:03:18 AM,,,2,,,,,,,
4416927,2024-242050324,2,False,4313,7/23/2024 10:43:00 AM,1043,1,1368.0,4313.0,San Jose,43.0,True,True,F,OVERTURNED,,Tuesday,,,,,False,False,False,,A,NON-COLLISION,,1.0,0.0,CLEAR,, NO UNUSUAL CONDITIONS - NO UNUSUAL CONDITIONS,, ,A,DAYLIGHT,37.16369,-121.503099,,,,,A,NO PEDESTRIANS INVOLVED,,A,22350,,1.0,SNELL AV,X,,,A,,,W CAPITOL EXPWY,,,A,10/2/2024 1:54:04 PM,1/28/2025 11:53:12 AM,,,2,,,,,,,
4416877,2024-2421100378,2,False,4313,7/28/2024 12:30:00 PM,1230,L2,1368.0,4313.0,San Jose,43.0,True,True,C,REAR END,,Sunday,,,,,False,False,False,,C,OTHER MOTOR VEHICLE,,1.0,0.0,CLEAR,, NO UNUSUAL CONDITIONS - NO UNUSUAL CONDITIONS,, ,A,DAYLIGHT,37.195781,-121.511326,,,,,A,NO PEDESTRIANS INVOLVED,,D,,,,MCLAUGHLIN AV,DL,,,A,,,STORY RD,,,D,10/2/2024 1:39:04 PM,1/28/2025 11:53:12 AM,,,2,,,,,,,
4416829,2024-242100502,2,False,4313,7/28/2024 2:30:00 PM,1430,5,1368.0,4313.0,San Jose,43.0,True,True,C,REAR END,,Sunday,,,,,False,False,False,,C,OTHER MOTOR VEHICLE,,1.0,0.0,CLEAR,, NO UNUSUAL CONDITIONS - NO UNUSUAL CONDITIONS,, ,A,DAYLIGHT,37.175562,-121.492578,,,,,A,NO PEDESTRIANS INVOLVED,,A,21703,,1.0,E CAPITOL EXPWY,TOM,,,A,,,TUERS RD,,,D,10/2/2024 1:24:03 PM,1/28/2025 11:53:12 AM,,,2,,,,,,,
4416804,2024-240670846,2,False,4313,3/7/2024 6:43:00 PM,1843,N6,1368.0,4313.0,San Jose,43.0,True,True,G,VEHICLE/PEDESTRAIN,,Thursday,,,,,False,False,False,,G,BICYCLE,,1.0,1.0,CLEAR,, NO UNUSUAL CONDITIONS - NO UNUSUAL CONDITIONS,, ,C,DARK-STREET LIGHTS,,,,,,,,,,A,216501,,1.0,HAMILTON AV,WESTE,,,A,,,HAMILTON AV 4497,,,D,10/2/2024 1:09:03 PM,1/28/2025 11:03:18 AM,,,2,,,,,,,
4416752,9340-2024-04114,1,False,9340,9/25/2024 7:10:00 PM,1910,281,1368.0,4313.0,San Jose,43.0,True,True,C,REAR END,,Wednesday,NotApplicable,False,,,False,True,False,SANTA CLARA SUPERIOR COURT HALL OF JUSTICE,C,OTHER MOTOR VEHICLE,,0.0,0.0,CLEAR,, NO UNUSUAL CONDITIONS,, ,A,DAYLIGHT,37.32795,-121.876689,,,,,A,NO PEDESTRIANS INVOLVED,9/25/2024 7:10:00 PM,A,VC 22350,False,1.0,I-280 N/B,,,10/2/2024 12:45:18 PM,A,N,260.0,7TH ST,F,,D,10/2/2024 12:45:22 PM,10/2/2024 12:45:22 PM,False,True,4,,9/25/2024 7:15:00 PM,1915,False,,,True
4416722,2024-241920572,2,False,4313,7/10/2024 2:57:00 PM,1457,L3,1368.0,4313.0,San Jose,43.0,True,True,D,BROADSIDE,,Wednesday,,,,,False,False,True,,C,OTHER MOTOR VEHICLE,,2.0,0.0,CLEAR,, ,, ,A,DAYLIGHT,,,,,,,A,NO PEDESTRIANS INVOLVED,,A,21453A,,1.0,SENTER RD,WESTE,,,A,,,TULLY RD,,,A,10/2/2024 12:29:03 PM,1/28/2025 11:46:54 AM,,,2,,,,,,,
4416664,242609702,2,False,4313,9/11/2024 7:15:00 AM,715,,1368.0,4313.0,San Jose,43.0,True,True,C,REAR END,,Wednesday,,,M,,False,False,False,,C,OTHER MOTOR VEHICLE,,0.0,0.0,CLEAR,, NO UNUSUAL CONDITIONS - NO UNUSUAL CONDITIONS,, ,A,DAYLIGHT,,,,,,,A,NO PEDESTRIANS INVOLVED,,B,,,1.0,WHITE RD,,,,A,,,OCALA,,,A,10/2/2024 11:54:03 AM,1/28/2025 11:52:59 AM,,,2,,,,,,,
4416563,2024-242120746,2,False,4313,7/30/2024 6:01:00 PM,1801,C6,1368.0,4313.0,San Jose,43.0,True,True,C,REAR END,,Tuesday,,,,,False,False,True,,C,OTHER MOTOR VEHICLE,,1.0,0.0,CLEAR,, NO UNUSUAL CONDITIONS - NO UNUSUAL CONDITIONS,, ,A,DAYLIGHT,,,,,,,A,NO PEDESTRIANS INVOLVED,,A,22350,,1.0,MARTEN AV,FOOTH,,,A,,,MT PLEASANT RD,,,A,10/2/2024 11:04:03 AM,1/28/2025 11:53:12 AM,,,2,,,,,,,
4416487,9340-2024-04041,1,False,9340,9/20/2024 12:18:00 PM,1218,281,1368.0,4313.0,San Jose,43.0,True,True,C,REAR END,,Friday,NotApplicable,False,,,False,True,False,SANTA CLARA SUPERIOR COURT HALL OF JUSTICE,C,OTHER MOTOR VEHICLE,,0.0,0.0,CLEAR,, NO UNUSUAL CONDITIONS,, ,A,DAYLIGHT,37.322625,-121.898243,,,,,A,NO PEDESTRIANS INVOLVED,9/20/2024 12:18:00 PM,A,VC 22350,False,1.0,I-280 N/B,,,10/2/2024 10:30:09 AM,A,S,53.0,BIRD AVE,F,,D,10/2/2024 10:30:12 AM,10/2/2024 10:30:12 AM,False,True,4,,9/20/2024 12:28:00 PM,1228,False,,,True
4416363,9340-2024-04032,1,False,9340,9/20/2024 2:00:00 AM,200,040,1368.0,4313.0,San Jose,43.0,True,True,C,REAR END,,Friday,NotApplicable,False,,,False,False,False,SANTA CLARA SUPERIOR COURT HALL OF JUSTICE,E,PARKED MOTOR VEHICLE,,0.0,0.0,CLEAR,, NO UNUSUAL CONDITIONS,, ,C,DARK-STREET LIGHTS,37.30867,-121.93914,,,,,A,NO PEDESTRIANS INVOLVED,9/20/2024 2:00:00 AM,A,VC 22350,False,1.0,THORNTON WAY (900 BLOCK),,,10/2/2024 9:35:07 AM,A,S,45.0,LONGSHORE DR,F,,D,10/2/2024 9:35:12 AM,10/2/2024 9:35:12 AM,False,False,4,False,9/20/2024 2:05:00 AM,0205,False,,,True
4416275,2024-242190365,3,False,4313,8/6/2024 12:01:00 PM,1201,C4,1368.0,4313.0,San Jose,43.0,True,True,C,REAR END,,Tuesday,,,,,False,False,False,,C,OTHER MOTOR VEHICLE,,1.0,0.0,CLEAR,, NO UNUSUAL CONDITIONS - NO UNUSUAL CONDITIONS,, ,A,DAYLIGHT,37.211678,-121.491475,,,,,F,NOT IN ROAD,,A,21703,,1.0,STORY RD,CHARL,,,A,,,WHITE RD,,,A,10/2/2024 9:09:00 AM,7/18/2025 10:13:11 AM,,,2,,,,,,,
4416244,2024-242120776,2,False,4313,7/30/2024 6:30:00 PM,1830,Y1,1368.0,4313.0,San Jose,43.0,True,True,C,REAR END,,Tuesday,,,,,False,False,True,,E,PARKED MOTOR VEHICLE,,1.0,0.0,CLEAR,, NO UNUSUAL CONDITIONS - NO UNUSUAL CONDITIONS,, ,A,DAYLIGHT,37.145877,-121.504887,,,,,A,NO PEDESTRIANS INVOLVED,,A,21658A,,1.0,CAHALAN AV,YELLO,,,A,,,SAN LORENZO DR,,,D,10/2/2024 8:59:00 AM,1/28/2025 11:53:11 AM,,,2,,,,,,,
4416225,24-236-9708,2,False,4313,8/23/2024 7:24:00 AM,724,,1368.0,4313.0,San Jose,43.0,True,True,G,VEHICLE/PEDESTRAIN,,Friday,,,,,False,False,False,,B,PEDESTRIAN,,1.0,0.0,CLEAR,CLOUDY, NO UNUSUAL CONDITIONS - NO UNUSUAL CONDITIONS,, ,A,DAYLIGHT,,,,,,,B,CROSSING IN CROSS WALK AT INTERSECTION,,A,,,1.0,UNION,,,,A,,,MCGLINCEY,,,,10/2/2024 8:54:00 AM,1/28/2025 11:49:38 AM,,,3,,,,,,,
4416223,2024-242030204,2,False,4313,7/21/2024 6:50:00 AM,650,X3,1368.0,4313.0,San Jose,43.0,True,True,,,,Sunday,,,,,False,False,True,,I,FIXED OBJECT,,1.0,0.0,CLEAR,, NO UNUSUAL CONDITIONS - NO UNUSUAL CONDITIONS,, ,B,DUSK-DAWN,,,,,,,A,NO PEDESTRIANS INVOLVED,,A,22107,,1.0,SILVER CREEK VALLEY RD,XRAY,,,A,,,HELLYER AV,,,A,10/2/2024 8:53:59 AM,1/28/2025 11:53:11 AM,,,2,,,,,,,
4416195,2024-242550537,3,False,4313,9/11/2024 3:00:00 PM,1500,R5,1368.0,4313.0,San Jose,43.0,True,True,B,SIDE SWIPE,,Wednesday,,,F,,False,False,True,,C,OTHER MOTOR VEHICLE,,1.0,0.0,CLEAR,, NO UNUSUAL CONDITIONS - NO UNUSUAL CONDITIONS,, ,A,DAYLIGHT,37.232,-121.5245,,,,,A,NO PEDESTRIANS INVOLVED,,A,22107,,1.0,HOSTETTER RD,ROBER,,,A,,,FLICKINGER AV,,,A,10/2/2024 8:44:00 AM,7/18/2025 10:13:11 AM,,,2,,,,,,,
4416192,2024-242620345,3,False,4313,9/18/2024 11:24:00 AM,1124,S2,1368.0,4313.0,San Jose,43.0,True,True,B,SIDE SWIPE,,Wednesday,,,,,False,False,False,,,,,2.0,0.0,CLEAR,, NO UNUSUAL CONDITIONS - NO UNUSUAL CONDITIONS,, ,A,DAYLIGHT,,,,,,,A,NO PEDESTRIANS INVOLVED,,A,21460,,1.0,WILLOW ST,SAM,,,A,,,GLEN EYRIE,,,,10/2/2024 8:44:00 AM,7/18/2025 10:13:11 AM,,,2,,,,,,,
4416191,2024-241850908,2,False,4313,7/3/2024 9:15:00 PM,2115,1,1368.0,4313.0,San Jose,43.0,True,True,G,VEHICLE/PEDESTRAIN,,Wednesday,,,F,,False,False,False,,B,PEDESTRIAN,,1.0,0.0,CLEAR,, NO UNUSUAL CONDITIONS - NO UNUSUAL CONDITIONS,, ,C,DARK-STREET LIGHTS,,,,,,,C,CROSSING IN CROSS WALK - NOT AT INTERSECTION,,A,20001,,1.0,LIDO WAY,CHARL,,,A,,,TOMLINSON LN,,,A,10/2/2024 8:44:00 AM,1/28/2025 11:53:11 AM,,,2,,,,,,,
4416180,2024-242050559,2,False,4313,7/23/2024 3:48:00 PM,1548,A2,1368.0,4313.0,San Jose,43.0,True,True,C,REAR END,,Tuesday,,,,,False,False,True,,E,PARKED MOTOR VEHICLE,,1.0,0.0,CLEAR,, NO UNUSUAL CONDITIONS - NO UNUSUAL CONDITIONS,, ,A,DAYLIGHT,,,,,,,A,NO PEDESTRIANS INVOLVED,,A,21658,,1.0,MERIDIAN AV,ADAM,,,A,,,MERIDIAN AV 5361,,,D,10/2/2024 8:39:00 AM,1/28/2025 11:53:11 AM,,,2,,,,,,,
4416149,2024-242200652,3,False,4313,8/7/2024 5:09:00 PM,1709,S2,1368.0,4313.0,San Jose,43.0,True,True,A,HEAD-ON,,Wednesday,,,,,False,False,False,,B,PEDESTRIAN,,1.0,0.0,CLEAR,, NO UNUSUAL CONDITIONS - NO UNUSUAL CONDITIONS,, ,A,DAYLIGHT,,,,,,,B,CROSSING IN CROSS WALK AT INTERSECTION,,A,21950,,1.0,NORMAN AV,DISTR,,,A,,,HAMILTON AV,,,A,10/2/2024 8:28:59 AM,7/18/2025 10:13:11 AM,,,2,,,,,,,
4416099,2024-242120289,2,False,4313,7/30/2024 9:45:00 AM,945,F2,1368.0,4313.0,San Jose,43.0,True,True,D,BROADSIDE,,Tuesday,,,,,False,False,True,,C,OTHER MOTOR VEHICLE,,2.0,0.0,CLEAR,, NO UNUSUAL CONDITIONS - NO UNUSUAL CONDITIONS,, ,A,DAYLIGHT,,,,,,,A,NO PEDESTRIANS INVOLVED,,A,21453A,,1.0,STEVENS CREEK BL,WESTE,,,A,,,SANTANA ROW,,,A,10/2/2024 8:08:59 AM,1/28/2025 11:53:11 AM,,,2,,,,,,,
4416067,2024-242050450,2,False,4313,7/23/2024 1:27:00 PM,1327,2,1368.0,4313.0,San Jose,43.0,True,True,D,BROADSIDE,,Tuesday,,,,,False,False,True,,C,OTHER MOTOR VEHICLE,,1.0,0.0,CLEAR,, NO UNUSUAL CONDITIONS - NO UNUSUAL CONDITIONS,, ,A,DAYLIGHT,37.164046,-121.50662,,,,,A,NO PEDESTRIANS INVOLVED,,A,21453A,,1.0,SENTER RD,X,,,A,,,MONTEREY RD,,,A,10/2/2024 7:58:59 AM,1/28/2025 11:53:11 AM,,,2,,,,,,,
4416055,2024-242510813,2,False,4313,9/7/2024 8:47:00 PM,2047,L1,1368.0,4313.0,San Jose,43.0,True,True,D,BROADSIDE,,Saturday,,,F,,False,False,True,,C,OTHER MOTOR VEHICLE,,1.0,0.0,CLEAR,, NO UNUSUAL CONDITIONS - NO UNUSUAL CONDITIONS,, ,C,DARK-STREET LIGHTS,,,,,,,A,NO PEDESTRIANS INVOLVED,,A,22107,,1.0,7TH ST,WESTE,,,A,N,100.0,PHELAN AV,F,,,10/2/2024 7:53:59 AM,1/28/2025 11:53:06 AM,,,2,,,,,,,
4416043,2024-242510602,2,False,4313,9/4/2024 8:00:00 PM,2000,R5,1368.0,4313.0,San Jose,43.0,True,True,G,VEHICLE/PEDESTRAIN,,Wednesday,,,F,,False,False,False,,B,PEDESTRIAN,,1.0,0.0,CLEAR,, NO UNUSUAL CONDITIONS - NO UNUSUAL CONDITIONS,, ,C,DARK-STREET LIGHTS,,,,,,,E,IN ROAD - INCLUDES SHOULDER,,A,21658,,1.0,VINCI PARK WY,CENTR,,,A,,,LUNDY AV,,,D,10/2/2024 7:48:59 AM,1/28/2025 11:53:06 AM,,,2,,,,,,,
4416041,2024-242000614,2,False,4313,7/18/2024 4:00:00 PM,1600,2,1368.0,4313.0,San Jose,43.0,True,True,B,SIDE SWIPE,,Thursday,,,,,False,False,True,,C,OTHER MOTOR VEHICLE,,1.0,0.0,CLEAR,, NO UNUSUAL CONDITIONS - NO UNUSUAL CONDITIONS,, ,A,DAYLIGHT,,,,,,,A,NO PEDESTRIANS INVOLVED,,A,21658,,1.0,COLEMAN AV,VICTO,,,A,,,ASBURY ST,,,,10/2/2024 7:48:59 AM,1/28/2025 11:53:11 AM,,,2,,,,,,,
4416033,2024-24250541,2,False,4313,9/8/2024 2:00:00 PM,1400,S5,1368.0,4313.0,San Jose,43.0,True,True,B,SIDE SWIPE,,Sunday,,,F,,False,False,False,,G,BICYCLE,,1.0,0.0,CLEAR,, NO UNUSUAL CONDITIONS - NO UNUSUAL CONDITIONS,, ,A,DAYLIGHT,,,,,,,A,NO PEDESTRIANS INVOLVED,,A,21451,,1.0,SPENCER AV,SAM,,,A,,,VIRGINIA ST,,,A,10/2/2024 7:43:59 AM,1/28/2025 11:53:06 AM,,,2,,,,,,,
4416032,2024-242400722,2,False,4313,8/27/2024 5:58:00 PM,1758,M3,1368.0,4313.0,San Jose,43.0,True,True,G,VEHICLE/PEDESTRAIN,,Tuesday,,,F,,False,False,False,,B,PEDESTRIAN,,1.0,0.0,CLEAR,, ,, ,,,,,,,,,B,CROSSING IN CROSS WALK AT INTERSECTION,,A,21453,,1.0,ALUM ROCK AV,MARY,,,,,,EASTGATE AV,,,A,10/2/2024 7:43:59 AM,1/28/2025 11:53:09 AM,,,2,,,,,,,
4416010,2024-242210092,3,False,4313,8/8/2024 2:49:00 AM,249,L5,1368.0,4313.0,San Jose,43.0,True,True,A,HEAD-ON,,Thursday,,,,,False,False,True,,I,FIXED OBJECT,,1.0,0.0,CLEAR,, NO UNUSUAL CONDITIONS - NO UNUSUAL CONDITIONS,, ,C,DARK-STREET LIGHTS,,,,,,,A,NO PEDESTRIANS INVOLVED,,A,22350,,1.0,E CAPITOL EXPWY,DL,,,A,,,SENTER RD,,,A,10/2/2024 7:33:59 AM,7/18/2025 10:13:11 AM,,,2,,,,,,,
4415864,2024-242300306,2,False,4313,8/17/2024 10:58:00 AM,1058,M1,1368.0,4313.0,San Jose,43.0,True,True,A,HEAD-ON,,Saturday,,,,,False,False,False,,B,PEDESTRIAN,,1.0,0.0,CLEAR,, NO UNUSUAL CONDITIONS - NO UNUSUAL CONDITIONS,, ,A,DAYLIGHT,,,,,,,B,CROSSING IN CROSS WALK AT INTERSECTION,,A,21950A,,1.0,34TH ST,DISTR,,,A,,,MCKEE RD,,,A,10/2/2024 6:23:58 AM,1/28/2025 11:49:38 AM,,,2,,,,,,,
4415857,2024-242330665,2,False,4313,8/20/2024 3:32:00 PM,1532,L1,1368.0,4313.0,San Jose,43.0,True,True,B,SIDE SWIPE,,Tuesday,,,,,False,False,True,,C,OTHER MOTOR VEHICLE,,1.0,0.0,CLEAR,, NO UNUSUAL CONDITIONS - NO UNUSUAL CONDITIONS,, ,A,DAYLIGHT,,,,,,,,,,A,21453,,1.0,7TH ST,LINCO,,,A,,,PHELAN AV,,,D,10/2/2024 6:18:58 AM,1/28/2025 11:49:38 AM,,,2,,,,,,,
4415856,2024-242370652,2,False,4313,8/24/2024 5:22:00 PM,1722,S1,1368.0,4313.0,San Jose,43.0,True,True,D,BROADSIDE,,Saturday,,,,,False,False,True,,C,OTHER MOTOR VEHICLE,,1.0,0.0,CLEAR,, NO UNUSUAL CONDITIONS - NO UNUSUAL CONDITIONS,, ,A,DAYLIGHT,,,,,,,A,NO PEDESTRIANS INVOLVED,,A,21453,,1.0,FRUITDALE AV,SAM,,,A,,,MERIDIAN AV,,,A,10/2/2024 6:18:58 AM,1/28/2025 11:49:38 AM,,,2,,,,,,,
4415854,2024-242440589,2,False,4313,8/31/2024 4:26:00 PM,1626,R4,1368.0,4313.0,San Jose,43.0,True,True,B,SIDE SWIPE,,Saturday,,,,,False,False,False,,D,MOTOR VEHICLE ON OTHER ROADWAY,,2.0,0.0,CLEAR,, NO UNUSUAL CONDITIONS - NO UNUSUAL CONDITIONS,, ,A,DAYLIGHT,37.223,-121.549,,,,,A,NO PEDESTRIANS INVOLVED,,A,21804,,1.0,OLD BAYSHORE HWY,ROBER,,,A,,,GISH RD,,,A,10/2/2024 6:13:57 AM,1/28/2025 11:49:38 AM,,,2,,,,,,,
4415536,9340-2024-04152,1,False,9340,9/25/2024 5:40:00 PM,1740,085,1368.0,4313.0,San Jose,43.0,True,True,C,REAR END,,Wednesday,NotApplicable,False,M,,False,True,True,SANTA CLARA SUPERIOR COURT HALL OF JUSTICE,C,OTHER MOTOR VEHICLE,,0.0,0.0,CLEAR,, NO UNUSUAL CONDITIONS,, ,A,DAYLIGHT,37.264924,-121.98026,,,,,A,NO PEDESTRIANS INVOLVED,9/25/2024 5:40:00 PM,A,VC 22107,False,1.0,SR-85 N/B,,,10/1/2024 5:32:38 PM,A,N,5000.0,WINCHESTER BLVD,F,,D,10/1/2024 5:32:40 PM,10/1/2024 5:32:40 PM,False,True,4,True,9/25/2024 5:48:00 PM,1748,False,,,True
4415504,9340-2024-04110,1,False,9340,9/25/2024 1:55:00 PM,1355,281,1368.0,4313.0,San Jose,43.0,True,True,C,REAR END,,Wednesday,NotApplicable,False,,,False,True,False,SANTA CLARA SUPERIOR COURT HALL OF JUSTICE,C,OTHER MOTOR VEHICLE,,0.0,0.0,CLEAR,, NO UNUSUAL CONDITIONS,, ,A,DAYLIGHT,37.3275,-121.88093,,,,,A,NO PEDESTRIANS INVOLVED,9/25/2024 1:55:00 PM,A,VC 22350,False,1.0,I-280 N/B FROM REED ST,,,10/1/2024 4:33:44 PM,A,S,65.0,THIRD ST,F,,D,10/1/2024 4:33:47 PM,10/1/2024 4:33:47 PM,False,True,4,,9/25/2024 2:00:00 PM,1400,False,,,True
4415460,9340-2024-04166,1,False,9340,9/25/2024 9:05:00 AM,905,120,1368.0,4313.0,San Jose,43.0,True,True,B,SIDE SWIPE,,Wednesday,NotApplicable,False,,,False,True,False,SANTA CLARA SUPERIOR COURT HALL OF JUSTICE,C,OTHER MOTOR VEHICLE,,0.0,0.0,CLEAR,, NO UNUSUAL CONDITIONS,, ,A,DAYLIGHT,37.375129,-121.934234,,,,,A,NO PEDESTRIANS INVOLVED,9/25/2024 9:05:00 AM,A,VC 22107,False,1.0,US-101 S/B,,,10/1/2024 3:54:27 PM,A,S,2250.0,DELA CRUZ BLVD,F,,D,10/1/2024 3:54:37 PM,10/1/2024 3:54:37 PM,False,True,4,,9/25/2024 9:15:00 AM,0915,False,,,True