Collision Id,	Report Number,	Report Version,	Is Preliminary,	NCIC Code,Crash Date Time,	Crash Time Description,	Beat,City Id,	City Code,	City Name,County Code,	City Is Active,	City Is Incorporated,	Collision Type Code,Collision Type Description,	Collision Type Other Desc,	Day Of Week,	DispatchNotified,	HasPhotographs,	HitRun,	IsAttachmentsMailed,	IsDeleted,	IsHighwayRelated,	IsTowAway,	JudicialDistrict,	MotorVehicleInvolvedWithCode,	MotorVehicleInvolvedWithDesc,MotorVehicleInvolvedWithOtherDesc,	NumberInjured,	NumberKilled,Weather 1, Weather 2, Road Condition 1, Road Condition 2, Special Condition,LightingCode, LightingDescription,Latitude,Longitude,MilepostDirection,MilepostDistance,MilepostMarker,MilepostUnitOfMeasure,	PedestrianActionCode,PedestrianActionDesc,PreparedDate,	Primary Collision Factor Code,Primary Collision Factor Violation,PrimaryCollisionFactorIsCited,	PrimaryCollisionPartyNumber,	PrimaryRoad,	ReportingDistrict,	ReportingDistrictCode,ReviewedDate,	RoadwaySurfaceCode,SecondaryDirection,	SecondaryDistance,	SecondaryRoad,	SecondaryUnitOfMeasure,	SketchDesc,	TrafficControlDeviceCode,CreatedDate,	ModifiedDate,IsCountyRoad,IsFreeway,CHP555Version,	IsAdditonalObjectStruck,NotificationDate,	NotificationTimeDescription,	HasDigitalMediaFiles,	EvidenceNumber,	IsLocationReferToNarrative,	IsAOIOneSameAsLocation
4442780,9340-2024-03459,1,False,9340,8/10/2024 11:42:00 PM,2342,110,1368.0,4313.0,San Jose,43.0,True,True,D,BROADSIDE,,Saturday,Yes,False,,,False,True,True,SANTA CLARA SUPERIOR COURT HALL OF JUSTICE,C,OTHER MOTOR VEHICLE,,1.0,1.0,CLEAR,, NO UNUSUAL CONDITIONS,, Fatal,D,DARK-NO STREET LIGHTS,37.27802,-121.8061,,,,,E,IN ROAD - INCLUDES SHOULDER,8/10/2024 11:42:00 PM,A,VC 23152(a),True,1.0,US-101 S/B,,,10/23/2024 2:03:08 PM,A,S,0.29,HELLYER AVE,M,,D,10/23/2024 2:03:12 PM,10/23/2024 2:03:12 PM,False,True,4,True,8/10/2024 11:45:00 PM,2345,True,20240257,,True
4442776,2024-242390943,2,False,4313,8/26/2024 10:04:00 PM,2204,P1,1368.0,4313.0,San Jose,43.0,True,True,A,HEAD-ON,,Monday,,,,,False,False,False,,G,BICYCLE,,1.0,0.0,CLEAR,, NO UNUSUAL CONDITIONS - NO UNUSUAL CONDITIONS,, ,C,DARK-STREET LIGHTS,,,,,,,,,,A,21950,,1.0,TULLY RD,PAUL,,,A,,,KING RD,,,A,10/23/2024 2:01:27 PM,1/28/2025 11:58:37 AM,,,2,,,,,,,
4442774,2024-242430619,2,False,4313,8/30/2024 5:59:00 PM,1759,T4,1368.0,4313.0,San Jose,43.0,True,True,C,REAR END,,Friday,,,,,False,False,True,,C,OTHER MOTOR VEHICLE,,2.0,0.0,CLEAR,, NO UNUSUAL CONDITIONS - NO UNUSUAL CONDITIONS,, ,A,DAYLIGHT,,,,,,,A,NO PEDESTRIANS INVOLVED,,A,22450A,,1.0,FOXWORTHY AV,TOM,,,A,,,QUINTO WY,,,A,10/23/2024 2:01:27 PM,1/28/2025 11:58:38 AM,,,2,,,,,,,
4442769,9340-2024-03932,1,False,9340,9/12/2024 4:29:00 AM,429,110,1368.0,4313.0,San Jose,43.0,True,True,G,VEHICLE/PEDESTRAIN,,Thursday,Yes,False,,,False,True,False,SANTA CLARA SUPERIOR COURT HALL OF JUSTICE,B,PEDESTRIAN,,0.0,1.0,CLEAR,, NO UNUSUAL CONDITIONS,, Fatal,D,DARK-NO STREET LIGHTS,37.33581,-121.84803,,,,,E,IN ROAD - INCLUDES SHOULDER,9/12/2024 4:29:00 AM,A,VC 21954(a),False,1.0,US-101 N/B,,,10/23/2024 2:00:21 PM,A,S,10.0,STORY RD,F,,D,10/23/2024 2:00:24 PM,10/23/2024 2:00:24 PM,False,True,4,,9/12/2024 4:32:00 AM,0432,True,E20240288,,True
4442761,2024-242390989,4,False,4313,8/26/2024 11:11:00 PM,2311,M3,1368.0,4313.0,San Jose,43.0,True,True,,,,Monday,,,,,False,True,True,,C,OTHER MOTOR VEHICLE,,4.0,0.0,CLEAR,, NO UNUSUAL CONDITIONS - NO UNUSUAL CONDITIONS,, ,C,DARK-STREET LIGHTS,,,,,,,A,NO PEDESTRIANS INVOLVED,,A,21453,,1.0,MCKEE RD,FOOTH,,,A,,,RT 101,,,A,10/23/2024 1:56:27 PM,7/18/2025 10:13:28 AM,,,2,,,,,,,
4442759,2024-242400474,2,False,4313,8/27/2024 12:55:00 PM,1255,C1,1368.0,4313.0,San Jose,43.0,True,True,,,,Tuesday,,,,,False,False,False,,,,,1.0,0.0,CLEAR,, OTHER* - OTHER*,, ,A,DAYLIGHT,,,,,,,A,NO PEDESTRIANS INVOLVED,,D,,,,GALAHAD AV,DC,,,A,,,STORY RD,,,D,10/23/2024 1:56:27 PM,1/28/2025 11:58:37 AM,,,2,,,,,,,
4442747,2024-242380670,2,False,4313,8/25/2024 6:16:00 PM,1816,A5,1368.0,4313.0,San Jose,43.0,True,True,F,OVERTURNED,,Sunday,,,,,False,False,False,,I,FIXED OBJECT,,5.0,0.0,CLEAR,, NO UNUSUAL CONDITIONS - NO UNUSUAL CONDITIONS,, ,A,DAYLIGHT,,,,,,,A,NO PEDESTRIANS INVOLVED,,A,22350,,1.0,LEYLAND PARK DR,ADAM,,,A,S,36.0,WOODEN LAKE DR,F,,D,10/23/2024 1:51:27 PM,1/28/2025 11:58:37 AM,,,2,,,,,,,
4442729,2024-242380804,2,False,4313,8/25/2024 9:00:00 PM,2100,Y3,1368.0,4313.0,San Jose,43.0,True,True,,,,Sunday,,,,,False,False,True,,C,OTHER MOTOR VEHICLE,,1.0,0.0,CLEAR,, NO UNUSUAL CONDITIONS - NO UNUSUAL CONDITIONS,, ,C,DARK-STREET LIGHTS,,,,,,,A,NO PEDESTRIANS INVOLVED,,A,24250,,1.0,COTTLE RD,YELLO,,,A,S,42.0,POLE #18R144,F,,A,10/23/2024 1:46:27 PM,1/28/2025 11:58:37 AM,,,2,,,,,,,
4442699,9340-2024-04480,1,False,9340,10/17/2024 6:30:00 AM,630,087,1368.0,4313.0,San Jose,43.0,True,True,C,REAR END,,Thursday,NotApplicable,False,,,False,True,False,SANTA CLARA SUPERIOR COURT HALL OF JUSTICE,C,OTHER MOTOR VEHICLE,,1.0,0.0,CLEAR,, NO UNUSUAL CONDITIONS,, ,A,DAYLIGHT,37.314967,-121.887398,,,,,A,NO PEDESTRIANS INVOLVED,10/17/2024 6:30:00 AM,A,VC 22350,False,1.0,SR-87 N/B,,,10/23/2024 1:37:02 PM,A,S,200.0,WILLOW ST,F,,D,10/23/2024 1:37:05 PM,10/23/2024 1:37:05 PM,False,True,4,,10/17/2024 6:37:00 AM,0637,False,,,True
4442679,2024-242400414,2,False,4313,8/27/2024 11:50:00 AM,1150,S5,1368.0,4313.0,San Jose,43.0,True,True,B,SIDE SWIPE,,Tuesday,,,,,False,False,False,,E,PARKED MOTOR VEHICLE,,0.0,0.0,CLEAR,, NO UNUSUAL CONDITIONS - NO UNUSUAL CONDITIONS,, ,A,DAYLIGHT,,,,,,,A,NO PEDESTRIANS INVOLVED,,A,21658,,1.0,STATE ST,WESTE,,,A,,,STATE ST 819,,,A,10/23/2024 1:31:26 PM,1/28/2025 11:58:39 AM,,,2,,,,,,,
4442655,2024-242340713,2,False,4313,8/21/2024 7:33:00 PM,1933,5,1368.0,4313.0,San Jose,43.0,True,True,B,SIDE SWIPE,,Wednesday,,,,,False,False,True,,E,PARKED MOTOR VEHICLE,,0.0,0.0,CLEAR,, NO UNUSUAL CONDITIONS - NO UNUSUAL CONDITIONS,, ,A,DAYLIGHT,37.204834,-121.485719,,,,,A,NO PEDESTRIANS INVOLVED,,A,22350,,1.0,FARRINGDON DR,C,,,A,,,MOSS POINT DR,,,,10/23/2024 1:26:26 PM,1/28/2025 11:58:39 AM,,,2,,,,,,,
4442647,2024-242330495,2,False,4313,8/20/2024 9:20:00 AM,920,4,1368.0,4313.0,San Jose,43.0,True,True,B,SIDE SWIPE,,Tuesday,,,,,False,False,False,,,,,1.0,0.0,CLEAR,, NO UNUSUAL CONDITIONS - NO UNUSUAL CONDITIONS,, ,A,DAYLIGHT,37.183826,-121.481724,,,,,A,NO PEDESTRIANS INVOLVED,,A,21650,,1.0,BRIGADOON WY,PAUL,,,A,,,TURNHOUSE LN,,,D,10/23/2024 1:21:26 PM,1/28/2025 11:54:09 AM,,,2,,,,,,,
4442631,2024-242350232,2,False,4313,8/22/2024 9:36:00 AM,936,T4,1368.0,4313.0,San Jose,43.0,True,True,C,REAR END,,Thursday,,,,,False,False,True,,C,OTHER MOTOR VEHICLE,,1.0,0.0,CLEAR,, NO UNUSUAL CONDITIONS - NO UNUSUAL CONDITIONS,, ,A,DAYLIGHT,37.152762,-121.533777,,,,,A,NO PEDESTRIANS INVOLVED,,A,21703,,1.0,BRANBURY DR,SOUTH,,,A,,,CALLE DE FARRAR,,,A,10/23/2024 1:16:26 PM,1/28/2025 11:54:10 AM,,,2,,,,,,,
4442629,9340-2024-04448,1,False,9340,10/15/2024 4:45:00 PM,1645,281,1368.0,4313.0,San Jose,43.0,True,True,B,SIDE SWIPE,,Tuesday,NotApplicable,False,,,False,True,False,SANTA CLARA SUPERIOR COURT HALL OF JUSTICE,C,OTHER MOTOR VEHICLE,,0.0,0.0,CLEAR,, NO UNUSUAL CONDITIONS,, ,A,DAYLIGHT,37.317517,-121.934181,,,,,A,NO PEDESTRIANS INVOLVED,10/15/2024 4:45:00 PM,A,VC 22107,False,1.0,I-280 N/B,,,10/23/2024 1:15:55 PM,A,S,485.0,MACARTHUR AVE,F,,D,10/23/2024 1:16:01 PM,10/23/2024 1:16:01 PM,False,True,4,,10/15/2024 4:50:00 PM,1650,False,,,False
4442609,2024-242360644,2,False,4313,8/23/2024 5:17:00 PM,1717,L2,1368.0,4313.0,San Jose,43.0,True,True,G,VEHICLE/PEDESTRAIN,,Friday,,,,,False,False,False,,B,PEDESTRIAN,,1.0,0.0,CLEAR,, NO UNUSUAL CONDITIONS - NO UNUSUAL CONDITIONS,, ,A,DAYLIGHT,37.719449,-121.504905,,,,,D,CROSSING - NOT IN CROSSWALK,,A,21950A,,1.0,SANTEE DR,LINCO,,,A,,,MCQUESTEN DR,,,A,10/23/2024 1:06:26 PM,1/28/2025 11:58:36 AM,,,2,,,,,,,
4442349,2024-242770851,3,False,4313,10/3/2024 9:46:00 PM,2146,T5,1368.0,4313.0,San Jose,43.0,True,True,G,VEHICLE/PEDESTRAIN,,Thursday,,,F,,False,False,False,,B,PEDESTRIAN,,1.0,0.0,CLEAR,, NO UNUSUAL CONDITIONS - NO UNUSUAL CONDITIONS,, ,E,DARK-STREET LIGHTS NOT FUNCTIONING*,,,,,,,D,CROSSING - NOT IN CROSSWALK,,A,22350,,1.0,HILLDALE AV,DT,,,A,,,NARVAEZ AV,,,D,10/23/2024 10:56:25 AM,1/28/2025 11:55:29 AM,,,2,,,,,,,
4442283,9340-2024-04454,1,False,9340,10/16/2024 7:10:00 AM,710,083,1368.0,4313.0,San Jose,43.0,True,True,B,SIDE SWIPE,,Wednesday,NotApplicable,False,,,False,True,False,SANTA CLARA SUPERIOR COURT HALL OF JUSTICE,C,OTHER MOTOR VEHICLE,,1.0,0.0,CLEAR,, NO UNUSUAL CONDITIONS,, ,A,DAYLIGHT,37.256071,-121.870939,,,,,A,NO PEDESTRIANS INVOLVED,10/16/2024 7:10:00 AM,A,VC 21658(A),False,1.0,SR-85 N/B,,,10/23/2024 10:31:57 AM,A,S,1373.0,ALMADEN EXPWY.,F,,D,10/23/2024 10:31:59 AM,10/23/2024 10:31:59 AM,False,True,4,,10/16/2024 7:20:00 AM,0720,False,,False,True
4442113,2024-242280336,2,False,4313,8/15/2024 10:51:00 AM,1051,3,1368.0,4313.0,San Jose,43.0,True,True,B,SIDE SWIPE,,Thursday,,,,,False,False,True,,C,OTHER MOTOR VEHICLE,,1.0,0.0,CLEAR,, NO UNUSUAL CONDITIONS - NO UNUSUAL CONDITIONS,, ,A,DAYLIGHT,,,,,,,A,NO PEDESTRIANS INVOLVED,,A,21804,,1.0,CHERRY AV,DA,,,A,,,ALMADEN EXPWY,,,,10/23/2024 9:41:25 AM,1/28/2025 11:55:30 AM,,,2,,,,,,,
4442066,2024-242360657,2,False,4313,8/23/2024 5:33:00 PM,1733,S2,1368.0,4313.0,San Jose,43.0,True,True,B,SIDE SWIPE,,Friday,,,,,False,False,True,,C,OTHER MOTOR VEHICLE,,1.0,0.0,CLEAR,, NO UNUSUAL CONDITIONS - NO UNUSUAL CONDITIONS,, ,A,DAYLIGHT,,,,,,,A,NO PEDESTRIANS INVOLVED,,A,22107,,1.0,HAMILTON AV,SAM,,,A,W,460.0,MERIDIAN AV,F,,D,10/23/2024 9:21:25 AM,1/28/2025 11:55:30 AM,,,2,,,,,,,
4442034,2024-242390379,2,False,4313,8/26/2024 11:49:00 AM,1149,4,1368.0,4313.0,San Jose,43.0,True,True,A,HEAD-ON,,Monday,,,,,False,False,False,,G,BICYCLE,,1.0,0.0,CLEAR,, NO UNUSUAL CONDITIONS - NO UNUSUAL CONDITIONS,, ,A,DAYLIGHT,37.195334,-121.544306,,,,,,,,A,22517,,1.0,THE ALAMEDA,FRANK,,,A,,,RACE ST,,,A,10/23/2024 9:11:24 AM,1/28/2025 11:55:30 AM,,,2,,,,,,,
4442015,2024-242240691,2,False,4313,8/11/2024 5:32:00 PM,1732,V3,1368.0,4313.0,San Jose,43.0,True,True,A,HEAD-ON,,Sunday,,,,,False,False,True,,E,PARKED MOTOR VEHICLE,,1.0,0.0,CLEAR,, NO UNUSUAL CONDITIONS - NO UNUSUAL CONDITIONS,, ,A,DAYLIGHT,,,,,,,A,NO PEDESTRIANS INVOLVED,,A,22350A,,1.0,JACKSON ST,VICTO,,,A,,,NORTH 4TH ST,,,D,10/23/2024 9:06:24 AM,1/28/2025 11:55:30 AM,,,2,,,,,,,
4441935,2024-242330864,2,False,4313,8/20/2024 7:00:00 PM,1900,2,1368.0,4313.0,San Jose,43.0,True,True,G,VEHICLE/PEDESTRAIN,,Tuesday,,,,,False,False,False,,B,PEDESTRIAN,,1.0,0.0,CLEAR,, NO UNUSUAL CONDITIONS - NO UNUSUAL CONDITIONS,, ,A,DAYLIGHT,,,,,,,F,NOT IN ROAD,,A,22107,,1.0,13TH ST,VICTO,,,A,,,MISSION ST,,,D,10/23/2024 8:31:24 AM,1/28/2025 11:55:30 AM,,,2,,,,,,,
4441842,2024-242340215,2,False,4313,8/21/2024 8:48:00 AM,848,S2,1368.0,4313.0,San Jose,43.0,True,True,C,REAR END,,Wednesday,,,,,False,False,False,,C,OTHER MOTOR VEHICLE,,1.0,0.0,CLEAR,, ,, ,A,DAYLIGHT,,,,,,,A,NO PEDESTRIANS INVOLVED,,A,21703,,1.0,SOUTH BASCOM AV,SAM,,,A,,,DOWNING AV,,,,10/23/2024 7:56:23 AM,1/28/2025 11:55:30 AM,,,2,,,,,,,
4441837,2024-242270308,2,False,4313,8/14/2024 10:37:00 AM,1037,R1,1368.0,4313.0,San Jose,43.0,True,True,C,REAR END,,Wednesday,,,,,False,False,False,,C,OTHER MOTOR VEHICLE,,1.0,0.0,CLEAR,, NO UNUSUAL CONDITIONS - NO UNUSUAL CONDITIONS,, ,A,DAYLIGHT,,,,,,,A,NO PEDESTRIANS INVOLVED,,D,,,,MONTAGUE EXPWY,DISTR,,,A,E,2.0,MCCARTHY BL,M,,D,10/23/2024 7:51:23 AM,1/28/2025 11:55:30 AM,,,2,,,,,,,
4441820,2024-242300380,3,False,4313,8/17/2024 11:01:00 AM,1101,2,1368.0,4313.0,San Jose,43.0,True,True,G,VEHICLE/PEDESTRAIN,,Saturday,,,,,False,False,False,,B,PEDESTRIAN,,1.0,0.0,CLEAR,, NO UNUSUAL CONDITIONS - NO UNUSUAL CONDITIONS,, ,A,DAYLIGHT,,,,,,,B,CROSSING IN CROSS WALK AT INTERSECTION,,A,21950,,1.0,MATHER DR,MARY,,,A,,,JACKSON AV,,,D,10/23/2024 7:46:24 AM,7/18/2025 10:13:20 AM,,,2,,,,,,,
4441807,2024-242270621,2,False,4313,8/14/2024 5:44:00 PM,1744,6,1368.0,4313.0,San Jose,43.0,True,True,C,REAR END,,Wednesday,,,,,False,False,True,,C,OTHER MOTOR VEHICLE,,1.0,0.0,CLEAR,, NO UNUSUAL CONDITIONS - NO UNUSUAL CONDITIONS,, ,A,DAYLIGHT,,,,,,,A,NO PEDESTRIANS INVOLVED,,A,21703,,1.0,FARNSWORTH DR,PAUL,,,A,E,20.0,SILVER CREEK VALLEY RD,F,,B,10/23/2024 7:41:23 AM,1/28/2025 11:55:30 AM,,,2,,,,,,,
4441800,9340-2024-04408,1,False,9340,10/13/2024 3:00:00 AM,300,088,1368.0,4313.0,San Jose,43.0,True,True,E,HIT OBJECT,,Sunday,NotApplicable,False,,,False,True,False,SANTA CLARA SUPERIOR COURT HALL OF JUSTICE,I,FIXED OBJECT,CONCRETE BARRIER,1.0,0.0,CLEAR,, NO UNUSUAL CONDITIONS,, ,C,DARK-STREET LIGHTS,37.33528,-121.935789,,,,,A,NO PEDESTRIANS INVOLVED,10/13/2024 3:00:00 AM,A,VC 22350,False,1.0,I-880 S/B TO BASCOM AVENUE,,,10/23/2024 7:39:54 AM,A,N,274.0,BASCOM AVENUE,F,,D,10/23/2024 7:40:00 AM,10/23/2024 7:40:00 AM,False,True,4,,10/13/2024 3:05:00 AM,0305,False,,,
4441248,9340-2024-02739,1,False,9340,4/28/2024 2:15:00 AM,215,908,1368.0,4313.0,San Jose,43.0,True,True,B,SIDE SWIPE,,Sunday,NotApplicable,False,,,False,True,False,SANTA CLARA SUPERIOR COURT HALL OF JUSTICE,C,OTHER MOTOR VEHICLE,,0.0,0.0,CLEAR,, NO UNUSUAL CONDITIONS,, ,D,DARK-NO STREET LIGHTS,37.332794,-122.05463,,,,,A,NO PEDESTRIANS INVOLVED,4/28/2024 2:15:00 AM,A,VC 22107,False,1.0,I-280 N/B,,,10/22/2024 9:05:13 PM,A,S,300.0,SR-85,F,,D,10/22/2024 9:05:16 PM,10/22/2024 9:05:16 PM,False,True,4,,5/20/2024 1:30:00 PM,1330,False,,,True
4441164,9340-2024-03781,1,False,9340,9/1/2024 3:32:00 AM,332,110,1368.0,4313.0,San Jose,43.0,True,True,E,HIT OBJECT,,Sunday,Yes,False,,,False,True,True,SANTA CLARA SUPERIOR COURT HALL OF JUSTICE,I,FIXED OBJECT,ASCENDING EMBANKMENT ,2.0,1.0,CLEAR,, NO UNUSUAL CONDITIONS,, Fatal,E,DARK-STREET LIGHTS NOT FUNCTIONING*,37.34646,-121.85894,,,,,A,NO PEDESTRIANS INVOLVED,9/1/2024 3:32:00 AM,A,VC 23152(a),True,1.0,US-101 S/B,,,10/22/2024 4:44:08 PM,A,N,44.0,E. SAN ANTONIO STREET OVER CROSSING,F,,D,10/22/2024 4:44:12 PM,10/22/2024 4:44:12 PM,False,True,4,True,9/1/2024 3:45:00 AM,0345,True,E20240279,,
4441114,9340-2024-04467,1,False,9340,10/16/2024 4:53:00 PM,1653,681,1368.0,4313.0,San Jose,43.0,True,True,C,REAR END,,Wednesday,NotApplicable,False,,,False,True,True,SANTA CLARA SUPERIOR COURT HALL OF JUSTICE,C,OTHER MOTOR VEHICLE,,1.0,0.0,CLEAR,, NO UNUSUAL CONDITIONS,, ,A,DAYLIGHT,37.363177,-121.843394,,,,,A,NO PEDESTRIANS INVOLVED,10/16/2024 4:53:00 PM,A,VC 22350,False,1.0,I-680 S/B,,,10/22/2024 4:05:17 PM,A,N,1394.0,ALUM ROCK AVE,F,,D,10/22/2024 4:05:20 PM,10/22/2024 4:05:20 PM,False,True,4,,10/16/2024 5:00:00 PM,1700,False,,,True
4441096,9340-2024-04469,1,False,9340,10/16/2024 7:13:00 PM,1913,681,1368.0,4313.0,San Jose,43.0,True,True,C,REAR END,,Wednesday,NotApplicable,False,,,False,True,True,SANTA CLARA SUPERIOR COURT HALL OF JUSTICE,C,OTHER MOTOR VEHICLE,,0.0,0.0,CLEAR,, NO UNUSUAL CONDITIONS,, ,C,DARK-STREET LIGHTS,37.347417,-121.840991,,,,,A,NO PEDESTRIANS INVOLVED,10/16/2024 7:13:00 PM,A,VC 21658(A),False,1.0,I-680 N/B,,,10/22/2024 3:50:58 PM,A,S,1823.0,JACKSON AVE,F,,D,10/22/2024 3:51:03 PM,10/22/2024 3:51:03 PM,False,True,4,,10/16/2024 7:15:00 PM,1915,False,,,True
4441019,9340-2024-04446,1,False,9340,10/15/2024 7:25:00 PM,1925,281,1368.0,4313.0,San Jose,43.0,True,True,C,REAR END,,Tuesday,NotApplicable,False,,,False,True,False,SANTA CLARA SUPERIOR COURT HALL OF JUSTICE,C,OTHER MOTOR VEHICLE,,0.0,0.0,CLEAR,, NO UNUSUAL CONDITIONS,, ,C,DARK-STREET LIGHTS,37.317378,-121.938444,,,,,A,NO PEDESTRIANS INVOLVED,10/15/2024 7:25:00 PM,A,VC 22350,False,1.0,I-280 S/B,,,10/22/2024 2:43:17 PM,A,S,418.0,I-880,F,,D,10/22/2024 2:43:18 PM,10/22/2024 2:43:18 PM,False,True,4,,10/15/2024 7:30:00 PM,1930,False,,,True
4440999,9340-2024-04436,1,False,9340,10/15/2024 5:45:00 AM,545,281,1368.0,4313.0,San Jose,43.0,True,True,C,REAR END,,Tuesday,NotApplicable,False,,,False,True,False,SANTA CLARA SUPERIOR COURT HALL OF JUSTICE,C,OTHER MOTOR VEHICLE,,0.0,0.0,CLEAR,, NO UNUSUAL CONDITIONS,, ,C,DARK-STREET LIGHTS,37.326647,-121.882747,,,,,A,NO PEDESTRIANS INVOLVED,10/15/2024 5:45:00 AM,A,VC 22350,False,1.0,I-280 N/B,,,10/22/2024 2:33:48 PM,A,S,161.0,FIRST ST,F,,D,10/22/2024 2:33:49 PM,10/22/2024 2:33:49 PM,False,True,4,,10/15/2024 5:55:00 AM,0555,False,,,True
4440996,9340-2024-04429,1,False,9340,10/14/2024 7:15:00 PM,1915,281,1368.0,4313.0,San Jose,43.0,True,True,C,REAR END,,Monday,NotApplicable,False,M,,False,True,False,SANTA CLARA SUPERIOR COURT HALL OF JUSTICE,C,OTHER MOTOR VEHICLE,,0.0,0.0,CLEAR,, NO UNUSUAL CONDITIONS,, ,A,DAYLIGHT,37.32016,-121.90081,,,,,A,NO PEDESTRIANS INVOLVED,10/14/2024 7:15:00 PM,A,VC 22350,False,1.0,I-280 S/B,,,10/22/2024 2:32:18 PM,A,N,1022.0,BIRD AVE,F,,D,10/22/2024 2:32:20 PM,10/22/2024 2:32:20 PM,False,True,4,,10/14/2024 7:25:00 PM,1925,False,,,True
4440993,9340-2024-04428,1,False,9340,10/14/2024 3:33:00 PM,1533,240,1368.0,4313.0,San Jose,43.0,True,True,C,REAR END,,Monday,NotApplicable,False,,,False,True,False,SANTA CLARA SUPERIOR COURT HALL OF JUSTICE,C,OTHER MOTOR VEHICLE,,0.0,0.0,CLEAR,, NO UNUSUAL CONDITIONS,, ,A,DAYLIGHT,37.420126,-121.940027,,,,,A,NO PEDESTRIANS INVOLVED,10/14/2024 3:33:00 PM,A,VC 22350,False,1.0,SR-237 E/B,,,10/22/2024 2:30:33 PM,A,W,10.0,ZANKER RD,F,,D,10/22/2024 2:30:35 PM,10/22/2024 2:30:35 PM,False,True,4,,10/14/2024 3:36:00 PM,1536,False,,,True
4440990,9340-2024-04431,1,False,9340,10/14/2024 3:05:00 PM,1505,681,1368.0,4313.0,San Jose,43.0,True,True,C,REAR END,,Monday,NotApplicable,False,,,False,True,False,SANTA CLARA SUPERIOR COURT HALL OF JUSTICE,C,OTHER MOTOR VEHICLE,,0.0,0.0,CLEAR,, NO UNUSUAL CONDITIONS,, ,A,DAYLIGHT,37.343024,-121.847421,,,,,A,NO PEDESTRIANS INVOLVED,10/14/2024 3:05:00 PM,A,VC 22350,False,1.0,I-680 S/B TO US-101 NB / SB,,,10/22/2024 2:28:54 PM,A,S,226.0,KING RD,F,,D,10/22/2024 2:28:57 PM,10/22/2024 2:28:57 PM,False,True,4,,10/14/2024 3:10:00 PM,1510,False,,,True
4440977,9340-2024-04426,1,False,9340,10/14/2024 9:40:00 AM,940,089,1368.0,4313.0,San Jose,43.0,True,True,E,HIT OBJECT,,Monday,NotApplicable,False,,,False,True,True,SANTA CLARA SUPERIOR COURT HALL OF JUSTICE,I,FIXED OBJECT,RAISED CONCRETE CURB ,0.0,0.0,CLEAR,, NO UNUSUAL CONDITIONS,, ,A,DAYLIGHT,37.381587,-121.90293,,,,,A,NO PEDESTRIANS INVOLVED,10/14/2024 9:40:00 AM,A,VC 22350,True,1.0,I-880 N/B FROM BROKAW RD. W/B,,,10/22/2024 2:24:03 PM,A,S,30.0,BROKAW RD,F,,A,10/22/2024 2:24:06 PM,10/22/2024 2:24:06 PM,False,True,4,,10/14/2024 9:45:00 AM,0945,False,,,True
4440945,9340-2024-04414,1,False,9340,10/13/2024 11:15:00 AM,1115,088,1368.0,4313.0,San Jose,43.0,True,True,B,SIDE SWIPE,,Sunday,NotApplicable,False,,,False,True,False,SANTA CLARA SUPERIOR COURT HALL OF JUSTICE,C,OTHER MOTOR VEHICLE,,0.0,0.0,CLEAR,, NO UNUSUAL CONDITIONS,, ,A,DAYLIGHT,37.330943,-121.940123,,,,,A,NO PEDESTRIANS INVOLVED,10/13/2024 11:15:00 AM,A,VC 22107,True,1.0,I-880 N/B,,,10/22/2024 2:10:35 PM,A,S,1640.0,BASCOM AVE,F,,D,10/22/2024 2:10:43 PM,10/22/2024 2:10:43 PM,False,True,4,,10/13/2024 11:20:00 AM,1120,True,EMBEDDED,False,True
4440889,9340-2024-04413,1,False,9340,10/13/2024 9:15:00 AM,915,088,1368.0,4313.0,San Jose,43.0,True,True,C,REAR END,,Sunday,NotApplicable,False,,,False,True,True,SANTA CLARA SUPERIOR COURT HALL OF JUSTICE,C,OTHER MOTOR VEHICLE,,0.0,0.0,CLOUDY,, NO UNUSUAL CONDITIONS,, ,A,DAYLIGHT,37.348834,-121.917668,,,,,A,NO PEDESTRIANS INVOLVED,10/13/2024 9:15:00 AM,A,VC 22350,False,1.0,I-880 N/B TO COLEMAN AVENUE ,,,10/22/2024 1:51:10 PM,A,N,34.0,COLEMAN AVE,F,,D,10/22/2024 1:51:12 PM,10/22/2024 1:51:12 PM,False,True,4,,10/13/2024 9:16:00 AM,0916,False,,,True
4440799,9340-2024-04479,1,False,9340,10/16/2024 5:02:00 PM,1702,088,1368.0,4313.0,San Jose,43.0,True,True,C,REAR END,,Wednesday,NotApplicable,False,,,False,True,False,SANTA CLARA SUPERIOR COURT HALL OF JUSTICE,C,OTHER MOTOR VEHICLE,,0.0,0.0,CLEAR,, NO UNUSUAL CONDITIONS,, ,A,DAYLIGHT,37.355393,-121.909957,,,,,A,NO PEDESTRIANS INVOLVED,10/16/2024 5:02:00 PM,A,VC 22350,False,1.0,I-880 N/B,,,10/22/2024 1:10:41 PM,A,N,560.0,SR-87,F,,D,10/22/2024 1:10:43 PM,10/22/2024 1:10:43 PM,False,True,4,,10/16/2024 5:10:00 PM,1710,False,,,True