Collision Id,	Report Number,	Report Version,	Is Preliminary,	NCIC Code,Crash Date Time,	Crash Time Description,	Beat,City Id,	City Code,	City Name,County Code,	City Is Active,	City Is Incorporated,	Collision Type Code,Collision Type Description,	Collision Type Other Desc,	Day Of Week,	DispatchNotified,	HasPhotographs,	HitRun,	IsAttachmentsMailed,	IsDeleted,	IsHighwayRelated,	IsTowAway,	JudicialDistrict,	MotorVehicleInvolvedWithCode,	MotorVehicleInvolvedWithDesc,MotorVehicleInvolvedWithOtherDesc,	NumberInjured,	NumberKilled,Weather 1, Weather 2, Road Condition 1, Road Condition 2, Special Condition,LightingCode, LightingDescription,Latitude,Longitude,MilepostDirection,MilepostDistance,MilepostMarker,MilepostUnitOfMeasure,	PedestrianActionCode,PedestrianActionDesc,PreparedDate,	Primary Collision Factor Code,Primary Collision Factor Violation,PrimaryCollisionFactorIsCited,	PrimaryCollisionPartyNumber,	PrimaryRoad,	ReportingDistrict,	ReportingDistrictCode,ReviewedDate,	RoadwaySurfaceCode,SecondaryDirection,	SecondaryDistance,	SecondaryRoad,	SecondaryUnitOfMeasure,	SketchDesc,	TrafficControlDeviceCode,CreatedDate,	ModifiedDate,IsCountyRoad,IsFreeway,CHP555Version,	IsAdditonalObjectStruck,NotificationDate,	NotificationTimeDescription,	HasDigitalMediaFiles,	EvidenceNumber,	IsLocationReferToNarrative,	IsAOIOneSameAsLocation
4440655,9340-2024-04468,1,False,9340,10/16/2024 4:15:00 PM,1615,088,1368.0,4313.0,San Jose,43.0,True,True,C,REAR END,,Wednesday,NotApplicable,False,,,False,True,True,SANTA CLARA SUPERIOR COURT HALL OF JUSTICE,C,OTHER MOTOR VEHICLE,,2.0,0.0,CLEAR,, NO UNUSUAL CONDITIONS,, ,A,DAYLIGHT,37.336329,-121.934104,,,,,A,NO PEDESTRIANS INVOLVED,10/16/2024 4:15:00 PM,A,VC 22350,False,1.0,I-880 S/B,,,10/22/2024 12:07:25 PM,A,N,1045.0,BASCOM AVE,F,,D,10/22/2024 12:07:29 PM,10/22/2024 12:07:29 PM,False,False,4,,10/16/2024 4:20:00 PM,1620,False,,,True
4440448,9340-2024-04516,1,False,9340,10/17/2024 5:00:00 PM,1700,172,1368.0,4313.0,San Jose,43.0,True,True,B,SIDE SWIPE,,Thursday,NotApplicable,False,,,False,True,True,SANTA CLARA SUPERIOR COURT HALL OF JUSTICE,C,OTHER MOTOR VEHICLE,,2.0,0.0,CLEAR,, NO UNUSUAL CONDITIONS,, ,A,DAYLIGHT,37.296647,-121.939473,,,,,A,NO PEDESTRIANS INVOLVED,10/17/2024 5:00:00 PM,A,VC 21658(A),False,1.0,SR-17 N/B,,,10/22/2024 10:41:32 AM,A,N,1030.0,HAMILTON AVE,F,,D,10/22/2024 10:41:35 AM,10/22/2024 10:41:35 AM,False,True,4,,10/17/2024 5:05:00 PM,1705,False,,,True
4440179,9340-2024-04380,1,False,9340,10/10/2024 7:15:00 PM,1915,083,1368.0,4313.0,San Jose,43.0,True,True,C,REAR END,,Thursday,NotApplicable,False,M,,False,True,True,SANTA CLARA SUPERIOR COURT HALL OF JUSTICE,C,OTHER MOTOR VEHICLE,,1.0,0.0,CLEAR,, NO UNUSUAL CONDITIONS,, ,C,DARK-STREET LIGHTS,37.252443,-121.841098,,,,,A,NO PEDESTRIANS INVOLVED,10/10/2024 7:15:00 PM,A,VC 22350,True,1.0,SR-85 S/B TO BLOSSOM HILL RD.,,,10/22/2024 9:05:19 AM,A,N,695.0,BLOSSOM HILL RD,F,,D,10/22/2024 9:05:24 AM,10/22/2024 9:05:24 AM,False,True,4,,10/10/2024 7:20:00 PM,1920,False,,,True
4440143,9340-2024-04455,1,False,9340,10/16/2024 8:35:00 AM,835,083,1368.0,4313.0,San Jose,43.0,True,True,C,REAR END,,Wednesday,NotApplicable,False,,,False,True,False,SANTA CLARA SUPERIOR COURT HALL OF JUSTICE,C,OTHER MOTOR VEHICLE,,0.0,0.0,CLEAR,, NO UNUSUAL CONDITIONS,, ,A,DAYLIGHT,37.254326,-121.880342,,,,,A,NO PEDESTRIANS INVOLVED,10/16/2024 8:35:00 AM,A,VC 22350,False,1.0,SR-85 N/B,,,10/22/2024 8:52:19 AM,A,N,1364.0,ALMADEN EXPWY.,F,,D,10/22/2024 8:52:21 AM,10/22/2024 8:52:21 AM,False,True,4,,10/16/2024 8:45:00 AM,0845,False,,,True
4440119,9340-2024-04387,1,False,9340,10/10/2024 8:00:00 AM,800,089,1368.0,4313.0,San Jose,43.0,True,True,C,REAR END,,Thursday,NotApplicable,False,,,False,True,False,SANTA CLARA SUPERIOR COURT HALL OF JUSTICE,C,OTHER MOTOR VEHICLE,,0.0,0.0,CLEAR,, NO UNUSUAL CONDITIONS,, 550,A,DAYLIGHT,37.363615,-121.90242,,,,,A,NO PEDESTRIANS INVOLVED,10/10/2024 8:00:00 AM,A,VC 22350,False,1.0,I-880 S/B,,,10/22/2024 8:43:20 AM,A,S,204.0,US-101,F,,D,10/22/2024 8:43:23 AM,10/22/2024 8:43:23 AM,False,True,4,,10/10/2024 8:05:00 AM,0805,False,,,True
4440043,9340-2024-04384,1,False,9340,10/10/2024 10:55:00 PM,2255,870,1368.0,4313.0,San Jose,43.0,True,True,B,SIDE SWIPE,,Thursday,Yes,False,,,False,True,True,SANTA CLARA SUPERIOR COURT HALL OF JUSTICE,C,OTHER MOTOR VEHICLE,,0.0,0.0,CLEAR,, NO UNUSUAL CONDITIONS,, ,D,DARK-NO STREET LIGHTS,37.32321,-121.892119,,,,,A,NO PEDESTRIANS INVOLVED,10/10/2024 10:55:00 PM,A,VC 23152(a),True,1.0,SR-87 S/B TO I-280 S/B,,,10/22/2024 8:19:40 AM,A,S,170.0,I-280,F,,D,10/22/2024 8:19:45 AM,10/22/2024 8:19:45 AM,False,True,4,,10/10/2024 10:58:00 PM,2258,True,AREA PHOTO FILE,,True
4439995,9340-2024-04440,1,False,9340,10/10/2024 6:43:00 AM,643,110,1368.0,4313.0,San Jose,43.0,True,True,C,REAR END,,Thursday,Yes,False,,,False,True,False,SANTA CLARA SUPERIOR COURT HALL OF JUSTICE,C,OTHER MOTOR VEHICLE,,1.0,0.0,CLEAR,, NO UNUSUAL CONDITIONS,, ,A,DAYLIGHT,37.339028,-121.851323,,,,,A,NO PEDESTRIANS INVOLVED,10/10/2024 6:43:00 AM,A,VC 21658(A),False,1.0,US-101 N/B,,,10/22/2024 7:59:20 AM,A,N,1396.0,STORY RD,F,,D,10/22/2024 7:59:26 AM,10/22/2024 7:59:26 AM,False,True,4,,10/10/2024 6:55:00 AM,0655,False,,,True
4439878,9340-2024-04410,1,False,9340,10/12/2024 10:45:00 PM,2245,120,1368.0,4313.0,San Jose,43.0,True,True,E,HIT OBJECT,,Saturday,NotApplicable,False,,,False,True,True,SANTA CLARA SUPERIOR COURT HALL OF JUSTICE,I,FIXED OBJECT,GUARDRAIL,0.0,0.0,CLEAR,, NO UNUSUAL CONDITIONS,, ,C,DARK-STREET LIGHTS,37.364934,-121.902769,,,,,A,NO PEDESTRIANS INVOLVED,10/12/2024 10:45:00 PM,A,VC 22350,False,1.0,US-101 N/B TO I-880 S/B,,,10/22/2024 6:57:16 AM,A,N,259.0,I-880,F,,A,10/22/2024 6:57:19 AM,10/22/2024 6:57:19 AM,False,True,4,,10/12/2024 10:48:00 PM,2248,True,EMBEDDED,,False
4439834,2024-242400527,2,False,4313,8/27/2024 1:58:00 PM,1358,L1,1368.0,4313.0,San Jose,43.0,True,True,D,BROADSIDE,,Tuesday,,,,,False,False,True,,A,NON-COLLISION,,1.0,0.0,CLEAR,, NO UNUSUAL CONDITIONS - NO UNUSUAL CONDITIONS,, ,A,DAYLIGHT,,,,,,,A,NO PEDESTRIANS INVOLVED,,A,21651B,,1.0,S 3RD ST,LINCO,,,A,,,KEYES ST,,,A,10/22/2024 6:26:14 AM,1/28/2025 11:53:15 AM,,,2,,,,,,,
4439829,9340-2024-02365,1,False,9340,5/24/2024 11:15:00 AM,1115,110,1368.0,4313.0,San Jose,43.0,True,True,A,HEAD-ON,,Friday,Yes,False,,,False,True,True,SANTA CLARA SUPERIOR COURT HALL OF JUSTICE,C,OTHER MOTOR VEHICLE,,1.0,1.0,CLEAR,, NO UNUSUAL CONDITIONS,, Fatal,A,DAYLIGHT,37.262005,-121.800414,,,,,A,NO PEDESTRIANS INVOLVED,5/24/2024 11:15:00 AM,A,VC 21651(b),False,1.0,US-101 S/B,,,10/22/2024 6:23:10 AM,A,N,1993.0,BLOSSOM HILL RD.,F,,D,10/22/2024 6:23:15 AM,10/22/2024 6:23:15 AM,False,True,4,,5/24/2024 11:21:00 AM,1121,True,20240156,True,False
4439518,9340-2024-04411,1,False,9340,10/13/2024 6:50:00 AM,650,087,1368.0,4313.0,San Jose,43.0,True,True,E,HIT OBJECT,,Sunday,NotApplicable,False,,,False,True,True,SANTA CLARA SUPERIOR COURT HALL OF JUSTICE,I,FIXED OBJECT,METAL/WOOD GUARDRAIL,0.0,0.0,CLEAR,, NO UNUSUAL CONDITIONS,, ,A,DAYLIGHT,37.327177,-121.894694,,,,,A,NO PEDESTRIANS INVOLVED,10/13/2024 6:50:00 AM,A,VC 22107,False,1.0,SR-87 S/B,,,10/21/2024 9:07:02 PM,A,S,196.0,SAN CARLOS ST,F,,D,10/21/2024 9:07:04 PM,10/21/2024 9:07:04 PM,False,True,4,True,10/13/2024 6:55:00 AM,0655,False,,,
4439514,9340-2024-04415,1,False,9340,10/12/2024 8:45:00 PM,2045,087,1368.0,4313.0,San Jose,43.0,True,True,E,HIT OBJECT,,Saturday,NotApplicable,False,,,False,True,True,SANTA CLARA SUPERIOR COURT HALL OF JUSTICE,I,FIXED OBJECT,CONCRETE BARRIER,0.0,0.0,CLEAR,, NO UNUSUAL CONDITIONS,, ,D,DARK-NO STREET LIGHTS,37.372443,-121.927292,,,,,A,NO PEDESTRIANS INVOLVED,10/12/2024 8:45:00 PM,A,VC 23152(a),True,1.0,SR-87 N/B,,,10/21/2024 8:51:35 PM,A,S,365.0,US-101,F,,D,10/21/2024 8:51:37 PM,10/21/2024 8:51:37 PM,False,True,4,,10/12/2024 8:50:00 PM,2050,False,,,
4439510,9340-2024-04389,1,False,9340,10/10/2024 8:20:00 AM,820,281,1368.0,4313.0,San Jose,43.0,True,True,B,SIDE SWIPE,,Thursday,NotApplicable,False,,,False,True,False,SANTA CLARA SUPERIOR COURT HALL OF JUSTICE,C,OTHER MOTOR VEHICLE,,0.0,0.0,CLEAR,, NO UNUSUAL CONDITIONS,, ,A,DAYLIGHT,37.334961,-121.859985,,,,,A,NO PEDESTRIANS INVOLVED,10/10/2024 8:20:00 AM,A,VC 21658(A),False,1.0,I-280 N/B,,,10/21/2024 8:37:26 PM,A,N,868.0,MCLAUGHLIN AVE,F,,D,10/21/2024 8:37:30 PM,10/21/2024 8:37:30 PM,False,True,4,,10/10/2024 8:25:00 AM,0825,False,,,True
4439488,9340-2024-04507,1,False,9340,10/16/2024 1:50:00 AM,150,281,1368.0,4313.0,San Jose,43.0,True,True,B,SIDE SWIPE,,Wednesday,NotApplicable,False,,,False,True,False,SANTA CLARA SUPERIOR COURT HALL OF JUSTICE,C,OTHER MOTOR VEHICLE,,0.0,0.0,CLEAR,, NO UNUSUAL CONDITIONS,, ,A,DAYLIGHT,37.316173,-121.917825,,,,,A,NO PEDESTRIANS INVOLVED,10/16/2024 1:50:00 AM,A,VC 21658(A),False,1.0,I-280 S/B FROM MOORPARK AVENUE,,,10/21/2024 6:27:36 PM,A,N,835.0,MERIDIAN AVE,F,,D,10/21/2024 6:27:40 PM,10/21/2024 6:27:40 PM,False,True,4,,10/16/2024 1:55:00 AM,0155,False,,,True
4439485,9340-2024-04506,1,False,9340,10/16/2024 1:40:00 AM,140,281,1368.0,4313.0,San Jose,43.0,True,True,B,SIDE SWIPE,,Wednesday,NotApplicable,False,M,,False,True,False,SANTA CLARA SUPERIOR COURT HALL OF JUSTICE,C,OTHER MOTOR VEHICLE,,0.0,0.0,CLEAR,, NO UNUSUAL CONDITIONS,, ,A,DAYLIGHT,37.322512,-121.898043,,,,,A,NO PEDESTRIANS INVOLVED,10/16/2024 1:40:00 AM,A,VC 22107,False,1.0,I-280 N/B,,,10/21/2024 5:57:21 PM,A,S,50.0,BIRD AVE,F,,D,10/21/2024 5:57:24 PM,10/21/2024 5:57:24 PM,False,True,4,,10/16/2024 1:43:00 AM,0143,False,,,True
4439464,9340-2024-04441,1,False,9340,10/15/2024 6:00:00 PM,1800,083,1368.0,4313.0,San Jose,43.0,True,True,B,SIDE SWIPE,,Tuesday,NotApplicable,False,,,False,True,False,SANTA CLARA SUPERIOR COURT HALL OF JUSTICE,C,OTHER MOTOR VEHICLE,,0.0,0.0,CLEAR,, NO UNUSUAL CONDITIONS,, ,A,DAYLIGHT,37.250499,-121.911396,,,,,A,NO PEDESTRIANS INVOLVED,10/15/2024 6:00:00 PM,A,VC 21658(A),False,1.0,SR-85 S/B,,,10/21/2024 5:09:36 PM,A,N,220.0,CAMDEN AVE,F,,D,10/21/2024 5:09:39 PM,10/21/2024 5:09:39 PM,False,True,4,,10/15/2024 6:05:00 PM,1805,False,,,True
4439372,9340-2024-04392,1,False,9340,10/11/2024 6:05:00 PM,1805,110,1368.0,4313.0,San Jose,43.0,True,True,B,SIDE SWIPE,,Friday,NotApplicable,False,M,,False,True,False,SANTA CLARA SUPERIOR COURT HALL OF JUSTICE,C,OTHER MOTOR VEHICLE,,0.0,0.0,CLEAR,, NO UNUSUAL CONDITIONS,, ,B,DUSK-DAWN,37.31791,-121.829967,,,,,A,NO PEDESTRIANS INVOLVED,10/11/2024 6:05:00 PM,A,VC 22107,False,1.0,US-101 N/B TO TULLY RD,,,10/21/2024 3:01:19 PM,A,S,410.0,TULLY RD,F,,D,10/21/2024 3:01:21 PM,10/21/2024 3:01:21 PM,False,True,4,False,10/11/2024 6:10:00 PM,1810,False,,,True
4439369,9340-2024-04394,1,False,9340,10/11/2024 3:30:00 PM,1530,230,1368.0,4313.0,San Jose,43.0,True,True,C,REAR END,,Friday,NotApplicable,False,,,False,True,True,SANTA CLARA SUPERIOR COURT HALL OF JUSTICE,C,OTHER MOTOR VEHICLE,,0.0,0.0,CLEAR,, NO UNUSUAL CONDITIONS,, ,A,DAYLIGHT,37.41899,-121.961646,,,,,A,NO PEDESTRIANS INVOLVED,10/11/2024 3:30:00 PM,A,VC 22350,False,1.0,SR-237 E/B,,,10/21/2024 2:57:33 PM,A,W,634.0,N FIRST STREET,F,,D,10/21/2024 2:57:35 PM,10/21/2024 2:57:35 PM,False,True,4,,10/11/2024 3:37:00 PM,1537,False,,,True
4439367,9340-2024-04379,1,False,9340,10/10/2024 3:30:00 PM,1530,120,1368.0,4313.0,San Jose,43.0,True,True,C,REAR END,,Thursday,NotApplicable,False,,,False,True,True,SANTA CLARA SUPERIOR COURT HALL OF JUSTICE,C,OTHER MOTOR VEHICLE,,0.0,0.0,CLEAR,, NO UNUSUAL CONDITIONS,, ,A,DAYLIGHT,37.363496,-121.895507,,,,,A,NO PEDESTRIANS INVOLVED,10/10/2024 3:30:00 PM,A,VC 22350,False,1.0,US-101 N/B,,,10/21/2024 2:56:19 PM,A,N,955.0,OAKLAND RD,F,,D,10/21/2024 2:56:21 PM,10/21/2024 2:56:21 PM,False,True,4,,10/10/2024 3:35:00 PM,1535,False,,,True
4439355,9340-2024-04369,1,False,9340,10/10/2024 7:10:00 AM,710,172,1368.0,4313.0,San Jose,43.0,True,True,B,SIDE SWIPE,,Thursday,NotApplicable,False,,,False,True,False,SANTA CLARA SUPERIOR COURT HALL OF JUSTICE,C,OTHER MOTOR VEHICLE,,1.0,0.0,CLEAR,, NO UNUSUAL CONDITIONS,, ,A,DAYLIGHT,37.306741,-121.940501,,,,,A,NO PEDESTRIANS INVOLVED,10/10/2024 7:10:00 AM,A,VC 22107,False,1.0,SR-17 N/B,,,10/21/2024 2:49:11 PM,A,S,3392.0,MOORPARK AVE,F,,D,10/21/2024 2:49:16 PM,10/21/2024 2:49:16 PM,False,True,4,True,10/10/2024 7:15:00 AM,0715,False,,,True
4439329,9340-2024-04360,1,False,9340,10/9/2024 3:30:00 PM,1530,240,1368.0,4313.0,San Jose,43.0,True,True,C,REAR END,,Wednesday,Yes,False,,,False,True,False,SANTA CLARA SUPERIOR COURT HALL OF JUSTICE,I,FIXED OBJECT,METAL GUARDRAIL ,0.0,0.0,CLOUDY,, NO UNUSUAL CONDITIONS,, ,A,DAYLIGHT,37.419419,-121.945009,,,,,A,NO PEDESTRIANS INVOLVED,10/9/2024 3:30:00 PM,A,VC 22350,False,1.0,SR-237 W/B,,,10/21/2024 2:30:50 PM,A,W,1495.0,ZANKER RD,F,,D,10/21/2024 2:30:53 PM,10/21/2024 2:30:53 PM,False,True,4,True,10/9/2024 3:38:00 PM,1538,False,,,True
4439261,2024-242730306,2,False,4313,9/29/2024 9:23:00 AM,923,N4,1368.0,4313.0,San Jose,43.0,True,True,B,SIDE SWIPE,,Sunday,,,,,False,False,False,,C,OTHER MOTOR VEHICLE,,1.0,0.0,CLEAR,, NO UNUSUAL CONDITIONS - NO UNUSUAL CONDITIONS,, ,A,DAYLIGHT,,,,,,,A,NO PEDESTRIANS INVOLVED,,A,21453,,1.0,WILLIAMS RD,NORA,,,A,,,BOYNTON AV,,,A,10/21/2024 2:01:12 PM,1/28/2025 11:58:35 AM,,,2,,,,,,,
4439243,2024-242300558,2,False,4313,8/17/2024 3:19:00 PM,1519,V4,1368.0,4313.0,San Jose,43.0,True,True,A,HEAD-ON,,Saturday,,,,,False,False,True,,C,OTHER MOTOR VEHICLE,,2.0,0.0,CLEAR,, NO UNUSUAL CONDITIONS - NO UNUSUAL CONDITIONS,, ,A,DAYLIGHT,,,,,,,A,NO PEDESTRIANS INVOLVED,,A,21451A,,1.0,N 13TH ST,CENTR,,,A,S,35.0,E SANTA CLARA ST,F,,A,10/21/2024 1:56:12 PM,1/28/2025 11:53:24 AM,,,2,,,,,,,
4439234,2024-242350778,2,False,4313,8/22/2024 6:10:00 PM,1810,Y4,1368.0,4313.0,San Jose,43.0,True,True,C,REAR END,,Thursday,,,,,False,False,True,,E,PARKED MOTOR VEHICLE,,1.0,0.0,CLEAR,, NO UNUSUAL CONDITIONS - NO UNUSUAL CONDITIONS,, ,A,DAYLIGHT,,,,,,,A,NO PEDESTRIANS INVOLVED,,A,21658A,,1.0,RALEIGH RD,YELLO,,,A,,,CHARLOTTE DR,,,D,10/21/2024 1:51:12 PM,1/28/2025 11:53:15 AM,,,2,,,,,,,
4439230,2024-242340665,2,False,4313,8/21/2024 5:30:00 PM,1730,W1,1368.0,4313.0,San Jose,43.0,True,True,,,,Wednesday,,,,,False,False,False,,C,OTHER MOTOR VEHICLE,,1.0,0.0,CLEAR,, NO UNUSUAL CONDITIONS - NO UNUSUAL CONDITIONS,, ,A,DAYLIGHT,,,,,,,A,NO PEDESTRIANS INVOLVED,,A,21800B,,1.0,CABRILLO AV,FOOTH,,,A,,,GREENGATE DR,,,A,10/21/2024 1:51:12 PM,1/28/2025 11:53:24 AM,,,2,,,,,,,
4439188,2024-242790376,3,False,4313,10/5/2024 11:39:00 AM,1139,C1,1368.0,4313.0,San Jose,43.0,True,True,C,REAR END,,Saturday,,,F,,False,False,False,,C,OTHER MOTOR VEHICLE,,1.0,0.0,CLEAR,, NO UNUSUAL CONDITIONS - NO UNUSUAL CONDITIONS,, ,A,DAYLIGHT,37.203277,-121.504438,,,,,A,NO PEDESTRIANS INVOLVED,,A,21703,,1.0,S KING RD,FOOTH,,,A,,,CHAUCER DR,,,A,10/21/2024 1:31:12 PM,7/18/2025 10:13:28 AM,,,2,,,,,,,
4439130,9340-2024-04449,1,False,9340,10/15/2024 12:15:00 PM,1215,281,1368.0,4313.0,San Jose,43.0,True,True,B,SIDE SWIPE,,Tuesday,NotApplicable,False,,,False,True,False,SANTA CLARA SUPERIOR COURT HALL OF JUSTICE,C,OTHER MOTOR VEHICLE,,0.0,0.0,CLEAR,, NO UNUSUAL CONDITIONS,, ,A,DAYLIGHT,37.325101,-121.88549,,,,,A,NO PEDESTRIANS INVOLVED,10/15/2024 12:15:00 PM,A,VC 22350,False,2.0,I-280 S/B,,,10/21/2024 12:58:12 PM,A,S,321.0,ALMADEN AVE,F,,D,10/21/2024 12:58:16 PM,10/21/2024 12:58:16 PM,False,True,4,,10/15/2024 12:20:00 PM,1220,False,,,True
4439123,2024-242420297,2,False,4313,8/29/2024 10:28:00 AM,1028,K1,1368.0,4313.0,San Jose,43.0,True,True,G,VEHICLE/PEDESTRAIN,,Thursday,,,,,False,False,False,,B,PEDESTRIAN,,1.0,0.0,CLEAR,, NO UNUSUAL CONDITIONS - NO UNUSUAL CONDITIONS,, ,A,DAYLIGHT,,,,,,,F,NOT IN ROAD,,A,22350,,1.0,S 6TH ST,KING,,,A,,,E SANTA CLARA ST,,,A,10/21/2024 12:56:11 PM,1/28/2025 11:53:24 AM,,,2,,,,,,,
4438857,2024-242360683,2,False,4313,8/23/2024 5:56:00 PM,1756,N2,1368.0,4313.0,San Jose,43.0,True,True,D,BROADSIDE,,Friday,,,,,False,False,False,,B,PEDESTRIAN,,1.0,0.0,CLEAR,, NO UNUSUAL CONDITIONS - NO UNUSUAL CONDITIONS,, ,A,DAYLIGHT,,,,,,,E,IN ROAD - INCLUDES SHOULDER,,A,22350,,1.0,BOYNTON AV,NORA,,,A,,,BOYNTON AV 480,,,D,10/21/2024 11:01:09 AM,1/28/2025 11:58:37 AM,,,2,,,,,,,
4438618,9340-2024-04418,1,False,9340,10/12/2024 10:25:00 PM,2225,110,1368.0,4313.0,San Jose,43.0,True,True,C,REAR END,,Saturday,NotApplicable,False,,,False,True,False,SANTA CLARA SUPERIOR COURT HALL OF JUSTICE,C,OTHER MOTOR VEHICLE,,1.0,0.0,CLEAR,, NO UNUSUAL CONDITIONS,, ,C,DARK-STREET LIGHTS,37.357226,-121.869908,,,,,A,NO PEDESTRIANS INVOLVED,10/12/2024 10:25:00 PM,A,VC 22350,False,1.0,US-101 S/B,,,10/21/2024 9:41:54 AM,A,N,1530.0,MCKEE ROAD,F,,D,10/21/2024 9:41:57 AM,10/21/2024 9:41:57 AM,False,True,4,,10/12/2024 10:30:00 PM,2230,False,,,True
4438492,9340-2024-04390,1,False,9340,10/11/2024 3:55:00 PM,1555,087,1368.0,4313.0,San Jose,43.0,True,True,C,REAR END,,Friday,NotApplicable,False,,,False,True,False,SANTA CLARA SUPERIOR COURT HALL OF JUSTICE,C,OTHER MOTOR VEHICLE,,1.0,0.0,CLEAR,, NO UNUSUAL CONDITIONS,, ,A,DAYLIGHT,37.280359,-121.865471,,,,,A,NO PEDESTRIANS INVOLVED,10/11/2024 3:55:00 PM,A,VC 22350,False,1.0,SR-87 S/B,,,10/21/2024 9:03:01 AM,A,N,217.0,HILLSDALE AVE,F,,D,10/21/2024 9:03:05 AM,10/21/2024 9:03:05 AM,False,True,4,True,10/11/2024 3:59:00 PM,1559,False,,,True
4438484,2024-24274059,2,False,4313,9/30/2024 12:55:00 PM,1255,A4,1368.0,4313.0,San Jose,43.0,True,True,G,VEHICLE/PEDESTRAIN,,Monday,,,,,False,False,False,,B,PEDESTRIAN,,1.0,0.0,CLEAR,, NO UNUSUAL CONDITIONS - NO UNUSUAL CONDITIONS,, ,A,DAYLIGHT,,,,,,,B,CROSSING IN CROSS WALK AT INTERSECTION,,A,21950A,,1.0,MERIDIAN AV,DA,,,A,,,OAKGLEN WY,,,A,10/21/2024 9:01:04 AM,1/28/2025 11:58:35 AM,,,2,,,,,,,
4438482,2024-242740457,2,False,4313,9/30/2024 12:52:00 PM,1252,F1,1368.0,4313.0,San Jose,43.0,True,True,A,HEAD-ON,,Monday,,,,,False,False,True,,C,OTHER MOTOR VEHICLE,,2.0,0.0,CLEAR,, NO UNUSUAL CONDITIONS - NO UNUSUAL CONDITIONS,, ,A,DAYLIGHT,,,,,,,A,NO PEDESTRIANS INVOLVED,,A,22350,,1.0,MOORPARK AV,WESTE,,,A,E,30.0,MONROE ST,F,,D,10/21/2024 9:01:04 AM,1/28/2025 11:58:35 AM,,,2,,,,,,,
4438469,2024-242730413,2,False,4313,9/29/2024 12:05:00 PM,1205,V2,1368.0,4313.0,San Jose,43.0,True,True,C,REAR END,,Sunday,,,,,False,False,False,,C,OTHER MOTOR VEHICLE,,1.0,0.0,CLEAR,, NO UNUSUAL CONDITIONS - NO UNUSUAL CONDITIONS,, ,A,DAYLIGHT,,,,,,,A,NO PEDESTRIANS INVOLVED,,A,21703,,1.0,13TH ST,CENTR,,,A,,,HEDDING ST,,,A,10/21/2024 8:56:04 AM,1/28/2025 11:58:35 AM,,,2,,,,,,,
4438412,2024-242390445,2,False,4313,8/26/2024 12:56:00 PM,1256,DC1,1368.0,4313.0,San Jose,43.0,True,True,G,VEHICLE/PEDESTRAIN,,Monday,,,,,False,False,False,,B,PEDESTRIAN,,1.0,0.0,CLEAR,, NO UNUSUAL CONDITIONS - NO UNUSUAL CONDITIONS,, ,A,DAYLIGHT,37.203436,-121.504588,,,,,B,CROSSING IN CROSS WALK AT INTERSECTION,,A,21950,,1.0,S KING RD,DC,,,,,,RT 680,,,A,10/21/2024 8:36:04 AM,1/28/2025 11:53:15 AM,,,2,,,,,,,
4438404,9340-2024-04508,1,False,9340,10/10/2024 7:15:00 PM,1915,087,1368.0,4313.0,San Jose,43.0,True,True,B,SIDE SWIPE,,Thursday,NotApplicable,False,,,False,True,False,SANTA CLARA SUPERIOR COURT HALL OF JUSTICE,C,OTHER MOTOR VEHICLE,,0.0,0.0,CLEAR,, NO UNUSUAL CONDITIONS,, ,D,DARK-NO STREET LIGHTS,37.267069,-121.8591,,,,,A,NO PEDESTRIANS INVOLVED,10/10/2024 7:15:00 PM,A,VC 22107,False,1.0,SR-87 N/B,,,10/21/2024 8:34:36 AM,A,N,344.0,BRANHAM LN,F,,D,10/21/2024 8:34:40 AM,10/21/2024 8:34:40 AM,False,True,4,,10/10/2024 7:20:00 PM,1920,False,,,True
4438389,2024-242720762,2,False,4313,9/28/2024 8:02:00 PM,2002,W2,1368.0,4313.0,San Jose,43.0,True,True,D,BROADSIDE,,Saturday,,,,,False,False,True,,C,OTHER MOTOR VEHICLE,,4.0,0.0,CLEAR,, ,, ,A,DAYLIGHT,,,,,,,A,NO PEDESTRIANS INVOLVED,,A,21463,,1.0,PENITENCIA CREEK RD,FOOTH,,,A,,,PIEDMONT RD,,,D,10/21/2024 8:26:04 AM,1/28/2025 11:58:35 AM,,,2,,,,,,,
4438387,2024-242720397,2,False,4313,9/28/2024 12:34:00 PM,1234,K2,1368.0,4313.0,San Jose,43.0,True,True,D,BROADSIDE,,Saturday,,,,,False,False,False,,G,BICYCLE,,1.0,0.0,CLEAR,, NO UNUSUAL CONDITIONS - NO UNUSUAL CONDITIONS,, ,A,DAYLIGHT,,,,,,,A,NO PEDESTRIANS INVOLVED,,A,22107,,1.0,10TH ST,4313,,,A,,,SAN SALVADOR ST,,,A,10/21/2024 8:26:04 AM,1/28/2025 11:58:35 AM,,,2,,,,,,,
4438337,9340-2024-04353,1,False,9340,10/9/2024 9:50:00 AM,950,083,1368.0,4313.0,San Jose,43.0,True,True,D,BROADSIDE,,Wednesday,NotApplicable,False,,,False,True,False,SANTA CLARA SUPERIOR COURT HALL OF JUSTICE,G,BICYCLE,,0.0,0.0,CLEAR,, NO UNUSUAL CONDITIONS,, ,A,DAYLIGHT,37.251125,-121.835985,,,,,C,CROSSING IN CROSS WALK - NOT AT INTERSECTION,10/9/2024 9:50:00 AM,A,VC 22106,False,2.0,SR-85 N/B FROM BLOSSOM HILL RD,,,10/21/2024 8:01:40 AM,A,N,22.0,BLOSSOM HILL RD,F,,D,10/21/2024 8:01:43 AM,10/21/2024 8:01:43 AM,False,True,4,,10/9/2024 9:51:00 AM,0951,False,,,True