Collision Id,	Report Number,	Report Version,	Is Preliminary,	NCIC Code,Crash Date Time,	Crash Time Description,	Beat,City Id,	City Code,	City Name,County Code,	City Is Active,	City Is Incorporated,	Collision Type Code,Collision Type Description,	Collision Type Other Desc,	Day Of Week,	DispatchNotified,	HasPhotographs,	HitRun,	IsAttachmentsMailed,	IsDeleted,	IsHighwayRelated,	IsTowAway,	JudicialDistrict,	MotorVehicleInvolvedWithCode,	MotorVehicleInvolvedWithDesc,MotorVehicleInvolvedWithOtherDesc,	NumberInjured,	NumberKilled,Weather 1, Weather 2, Road Condition 1, Road Condition 2, Special Condition,LightingCode, LightingDescription,Latitude,Longitude,MilepostDirection,MilepostDistance,MilepostMarker,MilepostUnitOfMeasure,	PedestrianActionCode,PedestrianActionDesc,PreparedDate,	Primary Collision Factor Code,Primary Collision Factor Violation,PrimaryCollisionFactorIsCited,	PrimaryCollisionPartyNumber,	PrimaryRoad,	ReportingDistrict,	ReportingDistrictCode,ReviewedDate,	RoadwaySurfaceCode,SecondaryDirection,	SecondaryDistance,	SecondaryRoad,	SecondaryUnitOfMeasure,	SketchDesc,	TrafficControlDeviceCode,CreatedDate,	ModifiedDate,IsCountyRoad,IsFreeway,CHP555Version,	IsAdditonalObjectStruck,NotificationDate,	NotificationTimeDescription,	HasDigitalMediaFiles,	EvidenceNumber,	IsLocationReferToNarrative,	IsAOIOneSameAsLocation
4444088,2024-242360279,2,False,4313,8/23/2024 10:00:00 AM,1000,F3,1368.0,4313.0,San Jose,43.0,True,True,D,BROADSIDE,,Friday,,,,,False,False,True,,C,OTHER MOTOR VEHICLE,,2.0,0.0,CLEAR,, NO UNUSUAL CONDITIONS - NO UNUSUAL CONDITIONS,, ,A,DAYLIGHT,,,,,,,A,NO PEDESTRIANS INVOLVED,,A,21453,,1.0,S BASCOM AV,WESTE,,,A,,,PARKMOOR AV,,,A,10/24/2024 10:26:34 AM,1/28/2025 11:53:24 AM,,,2,,,,,,,
4444085,2024-242440328,3,False,4313,8/31/2024 10:43:00 AM,1043,2,1368.0,4313.0,San Jose,43.0,True,True,D,BROADSIDE,,Saturday,,,,,False,False,False,,C,OTHER MOTOR VEHICLE,,1.0,0.0,CLEAR,, NO UNUSUAL CONDITIONS - NO UNUSUAL CONDITIONS,, ,B,DUSK-DAWN,,,,,,,A,NO PEDESTRIANS INVOLVED,,A,21802A,,1.0,S  8TH ST,KING,,,A,,,E SAN SALVADOR ST,,,A,10/24/2024 10:26:34 AM,1/28/2025 11:53:24 AM,,,2,,,,,,,
4444040,2024-242320726,2,False,4313,8/19/2024 6:20:00 PM,1820,4,1368.0,4313.0,San Jose,43.0,True,True,D,BROADSIDE,,Monday,,,,,False,False,True,,C,OTHER MOTOR VEHICLE,,1.0,0.0,CLEAR,, NO UNUSUAL CONDITIONS - NO UNUSUAL CONDITIONS,, ,A,DAYLIGHT,,,,,,,A,NO PEDESTRIANS INVOLVED,,A,21453A,,1.0,S 2ND ST,EDWAR,,,A,,,E REED ST,,,A,10/24/2024 10:06:33 AM,1/28/2025 11:53:24 AM,,,2,,,,,,,
4444032,2024-242350513,2,False,4313,8/22/2024 1:33:00 PM,1333,6,1368.0,4313.0,San Jose,43.0,True,True,D,BROADSIDE,,Thursday,,,,,False,False,False,,C,OTHER MOTOR VEHICLE,,1.0,0.0,CLEAR,, NO UNUSUAL CONDITIONS - NO UNUSUAL CONDITIONS,, ,A,DAYLIGHT,,,,,,,A,NO PEDESTRIANS INVOLVED,,A,21801,,1.0,SAN JOSE AV,SAM,,,A,,,LITTLE ORCHARD ST,,,D,10/24/2024 10:01:33 AM,1/28/2025 11:53:23 AM,,,2,,,,,,,
4444029,2024-242390605,2,False,4313,8/26/2024 4:03:00 PM,1603,N3,1368.0,4313.0,San Jose,43.0,True,True,E,HIT OBJECT,,Monday,,,,,False,False,True,,I,FIXED OBJECT,,1.0,0.0,CLEAR,, NO UNUSUAL CONDITIONS - NO UNUSUAL CONDITIONS,, ,A,DAYLIGHT,37.185737,-121.575418,,,,,A,NO PEDESTRIANS INVOLVED,,A,,,1.0,MOORPARK AV,WESTE,,,A,,,HAMANN DR,,,D,10/24/2024 10:01:33 AM,1/28/2025 11:53:24 AM,,,2,,,,,,,
4443963,9340-2024-04471,1,False,9340,10/16/2024 3:45:00 PM,1545,120,1368.0,4313.0,San Jose,43.0,True,True,C,REAR END,,Wednesday,NotApplicable,False,,,False,True,False,SANTA CLARA SUPERIOR COURT HALL OF JUSTICE,C,OTHER MOTOR VEHICLE,,0.0,0.0,CLEAR,, NO UNUSUAL CONDITIONS,, ,A,DAYLIGHT,37.375772,-121.937501,,,,,A,NO PEDESTRIANS INVOLVED,10/16/2024 3:45:00 PM,A,VC 21658(A),False,1.0,US-101 S/B,,,10/24/2024 9:32:34 AM,A,S,1240.0,TRIMBLE RD,F,,D,10/24/2024 9:32:38 AM,10/24/2024 9:32:38 AM,False,True,4,,10/16/2024 3:50:00 PM,1550,False,,,True
4443954,2024-242760841,2,False,4313,10/2/2024 7:39:00 PM,1939,C1,1368.0,4313.0,San Jose,43.0,True,True,C,REAR END,,Wednesday,,,F,,False,False,False,,B,PEDESTRIAN,,1.0,0.0,CLEAR,, NO UNUSUAL CONDITIONS - NO UNUSUAL CONDITIONS,, ,C,DARK-STREET LIGHTS,37.213446,-121.495919,,,,,D,CROSSING - NOT IN CROSSWALK,,A,21950,,1.0,S CAPITOL AV,CHARL,,,A,,,FLORENCE AV,,,D,10/24/2024 9:26:33 AM,1/28/2025 11:58:33 AM,,,2,,,,,,,
4443950,2024-242380447,2,False,4313,8/25/2024 1:42:00 PM,1342,4,1368.0,4313.0,San Jose,43.0,True,True,D,BROADSIDE,,Sunday,,,,,False,False,False,,C,OTHER MOTOR VEHICLE,,1.0,0.0,CLEAR,, NO UNUSUAL CONDITIONS - NO UNUSUAL CONDITIONS,, ,A,DAYLIGHT,,,,,,,A,NO PEDESTRIANS INVOLVED,,A,21804,,1.0,MCKEE RD,WILLI,,,A,,,CAPITOL AV,,,A,10/24/2024 9:26:33 AM,1/28/2025 11:53:23 AM,,,2,,,,,,,
4443942,9340-2024-04460,1,False,9340,10/16/2024 12:05:00 PM,1205,088,1368.0,4313.0,San Jose,43.0,True,True,B,SIDE SWIPE,,Wednesday,NotApplicable,False,M,,False,True,False,SANTA CLARA SUPERIOR COURT HALL OF JUSTICE,C,OTHER MOTOR VEHICLE,,0.0,0.0,CLOUDY,, NO UNUSUAL CONDITIONS,, ,A,DAYLIGHT,37.329787,-121.940584,,,,,A,NO PEDESTRIANS INVOLVED,10/16/2024 12:05:00 PM,A,VC 21658(A),False,1.0,I-880 N/B ,,,10/24/2024 9:22:53 AM,A,S,225.0,HEDDING ST,F,,D,10/24/2024 9:22:58 AM,10/24/2024 9:22:58 AM,False,True,4,,10/16/2024 12:10:00 PM,1210,True,EMBEDDED,,True
4443910,2024-242750417,2,False,4313,10/1/2024 12:19:00 PM,1219,F2,1368.0,4313.0,San Jose,43.0,True,True,C,REAR END,,Tuesday,,,,,False,False,True,,D,MOTOR VEHICLE ON OTHER ROADWAY,,3.0,0.0,CLEAR,, NO UNUSUAL CONDITIONS - NO UNUSUAL CONDITIONS,, ,A,DAYLIGHT,,,,,,,A,NO PEDESTRIANS INVOLVED,,A,22350,,1.0,STEVENS CREEK BL,WESTE,,,A,,,S WINCHESTER BL,,,A,10/24/2024 9:16:33 AM,1/28/2025 11:58:33 AM,,,2,,,,,,,
4443904,9340-2024-04409,1,False,9340,10/13/2024 1:50:00 AM,150,681,1368.0,4313.0,San Jose,43.0,True,True,C,REAR END,,Sunday,NotApplicable,False,,,False,True,False,SANTA CLARA SUPERIOR COURT HALL OF JUSTICE,E,PARKED MOTOR VEHICLE,,0.0,0.0,CLEAR,, OBSTRUCTION ON ROADWAY*,, ,D,DARK-NO STREET LIGHTS,37.35357,-121.837735,,,,,A,NO PEDESTRIANS INVOLVED,10/13/2024 1:50:00 AM,A,VC 22350,False,1.0,I-680 N/B,,,10/24/2024 9:14:44 AM,A,S,709.0,E. CAPITOL EXPRESSWAY,F,,D,10/24/2024 9:14:51 AM,10/24/2024 9:14:51 AM,False,True,4,,10/13/2024 1:55:00 AM,0155,True,AREA / EMBEDDED,,True
4443899,2024-242780264,2,False,4313,10/4/2024 9:22:00 AM,922,F1,1368.0,4313.0,San Jose,43.0,True,True,D,BROADSIDE,,Friday,,,,,False,False,False,,G,BICYCLE,,1.0,0.0,CLEAR,, NO UNUSUAL CONDITIONS - NO UNUSUAL CONDITIONS,, ,A,DAYLIGHT,,,,,,,C,CROSSING IN CROSS WALK - NOT AT INTERSECTION,,A,21950,,1.0,S WINCHESTER BL,WESTE,,,A,,,MOORPARK AV,,,D,10/24/2024 9:11:32 AM,1/28/2025 11:58:33 AM,,,2,,,,,,,
4443896,2024-242750238,3,False,4313,10/1/2024 2:41:00 PM,1441,4,1368.0,4313.0,San Jose,43.0,True,True,C,REAR END,,Tuesday,,,,,False,False,False,,C,OTHER MOTOR VEHICLE,,1.0,0.0,CLEAR,, NO UNUSUAL CONDITIONS - NO UNUSUAL CONDITIONS,, ,A,DAYLIGHT,37.174581,-121.47649,,,,,A,NO PEDESTRIANS INVOLVED,,A,22350,,1.0,SILVER CREEK VALLEY RD,PAUL,,,A,,,YERBA BUENA RD,,,A,10/24/2024 9:11:32 AM,1/28/2025 11:58:33 AM,,,2,,,,,,,
4443893,2024-242580397,2,False,4313,9/14/2024 12:38:00 PM,1238,E1,1368.0,4313.0,San Jose,43.0,True,True,B,SIDE SWIPE,,Saturday,,,,,False,False,True,,C,OTHER MOTOR VEHICLE,,2.0,0.0,CLEAR,, NO UNUSUAL CONDITIONS - NO UNUSUAL CONDITIONS,, ,A,DAYLIGHT,,,,,,,A,NO PEDESTRIANS INVOLVED,,A,22107,,1.0,COLEMAN AV,4313,,,A,,,TAYLOR ST,,,A,10/24/2024 9:11:32 AM,1/28/2025 11:55:32 AM,,,2,,,,,,,
4443892,9340-2024-04403,1,False,9340,10/12/2024 5:20:00 PM,1720,083,1368.0,4313.0,San Jose,43.0,True,True,C,REAR END,,Saturday,NotApplicable,False,,,False,True,False,SANTA CLARA SUPERIOR COURT HALL OF JUSTICE,C,OTHER MOTOR VEHICLE,,0.0,0.0,CLEAR,, NO UNUSUAL CONDITIONS,, ,A,DAYLIGHT,37.255699,-121.87012,,,,,A,NO PEDESTRIANS INVOLVED,10/12/2024 5:20:00 PM,A,VC 22350,False,1.0,SR-85 S/B,,,10/24/2024 9:10:36 AM,A,N,0.6,SR-87,M,,D,10/24/2024 9:10:38 AM,10/24/2024 9:10:38 AM,False,True,4,,10/12/2024 5:30:00 PM,1730,False,,,True
4443888,9340-2024-04402,1,False,9340,10/12/2024 4:30:00 PM,1630,083,1368.0,4313.0,San Jose,43.0,True,True,C,REAR END,,Saturday,NotApplicable,False,,,False,True,True,SANTA CLARA SUPERIOR COURT HALL OF JUSTICE,C,OTHER MOTOR VEHICLE,,1.0,0.0,CLEAR,, NO UNUSUAL CONDITIONS,, ,A,DAYLIGHT,37.256099,-121.870197,,,,,A,NO PEDESTRIANS INVOLVED,10/12/2024 4:30:00 PM,A,VC 22350,False,1.0,SR-85 N/B,,,10/24/2024 9:08:16 AM,A,S,1641.0,ALMADEN EXPY,F,,D,10/24/2024 9:08:20 AM,10/24/2024 9:08:20 AM,False,True,4,,10/12/2024 4:35:00 PM,1635,False,,,True
4443880,2024-242800142,3,False,4313,10/6/2024 2:30:00 AM,230,Y5,1368.0,4313.0,San Jose,43.0,True,True,,,,Sunday,,,,,False,False,False,,C,OTHER MOTOR VEHICLE,,1.0,0.0,CLEAR,, NO UNUSUAL CONDITIONS - NO UNUSUAL CONDITIONS,, ,C,DARK-STREET LIGHTS,37.15903,-121.47501,,,,,A,NO PEDESTRIANS INVOLVED,,A,21453,,1.0,MONTEREY RD,YELLO,,,A,,,FORD RD,,,A,10/24/2024 9:06:32 AM,1/28/2025 11:58:33 AM,,,2,,,,,,,
4443868,2024-242790749,3,False,4313,10/5/2024 7:20:00 PM,1920,A2,1368.0,4313.0,San Jose,43.0,True,True,B,SIDE SWIPE,,Saturday,,,,,False,False,True,,B,PEDESTRIAN,,1.0,0.0,CLEAR,, NO UNUSUAL CONDITIONS - NO UNUSUAL CONDITIONS,, ,C,DARK-STREET LIGHTS,,,,,,,E,IN ROAD - INCLUDES SHOULDER,,A,21954,,1.0,KOOSER RD,ADAM,,,A,,,CARTER AV,,,D,10/24/2024 9:01:32 AM,1/28/2025 11:58:33 AM,,,2,,,,,,,
4443864,9340-2024-04427,1,False,9340,10/14/2024 2:16:00 PM,1416,110,1368.0,4313.0,San Jose,43.0,True,True,B,SIDE SWIPE,,Monday,NotApplicable,False,,,False,True,True,SANTA CLARA SUPERIOR COURT HALL OF JUSTICE,C,OTHER MOTOR VEHICLE,,1.0,0.0,CLEAR,, NO UNUSUAL CONDITIONS,, ,A,DAYLIGHT,37.361936,-121.88196,,,,,A,NO PEDESTRIANS INVOLVED,10/14/2024 2:16:00 PM,A,VC 22350,True,1.0,US-101 S/B,,,10/24/2024 9:01:26 AM,A,S,1251.0,E TAYLOR ST,F,,D,10/24/2024 9:01:28 AM,10/24/2024 9:01:28 AM,False,True,4,,10/14/2024 2:16:00 PM,1416,False,,,True
4443860,9340-2024-04423,1,False,9340,10/12/2024 10:50:00 AM,1050,110,1368.0,4313.0,San Jose,43.0,True,True,C,REAR END,,Saturday,NotApplicable,False,,,False,True,False,SANTA CLARA SUPERIOR COURT HALL OF JUSTICE,C,OTHER MOTOR VEHICLE,,0.0,0.0,CLEAR,, NO UNUSUAL CONDITIONS,, ,A,DAYLIGHT,37.31477,-121.827717,,,,,A,NO PEDESTRIANS INVOLVED,10/12/2024 10:50:00 AM,A,VC 22350,False,1.0,US-101 N/B,,,10/24/2024 8:59:08 AM,A,S,1686.0,TULLY RD,F,,D,10/24/2024 8:59:10 AM,10/24/2024 8:59:10 AM,False,True,4,,10/12/2024 10:56:00 AM,1056,False,,,True
4443858,9340-2024-04399,1,False,9340,10/12/2024 9:20:00 AM,920,083,1368.0,4313.0,San Jose,43.0,True,True,B,SIDE SWIPE,,Saturday,NotApplicable,False,,,False,True,False,SANTA CLARA SUPERIOR COURT HALL OF JUSTICE,C,OTHER MOTOR VEHICLE,,0.0,0.0,CLEAR,, NO UNUSUAL CONDITIONS,, ,A,DAYLIGHT,37.253752,-121.881139,,,,,A,NO PEDESTRIANS INVOLVED,10/12/2024 9:20:00 AM,A,VC 21658(A),False,1.0,SR-85 S/B,,,10/24/2024 8:58:09 AM,A,N,68.0,ALMADEN EXPY,F,,D,10/24/2024 8:58:12 AM,10/24/2024 8:58:12 AM,False,True,4,,10/12/2024 9:33:00 AM,0933,False,,,True
4443857,9340-2024-04398,1,False,9340,10/11/2024 11:10:00 PM,2310,110,1368.0,4313.0,San Jose,43.0,True,True,C,REAR END,,Friday,NotApplicable,False,,,False,True,False,SANTA CLARA SUPERIOR COURT HALL OF JUSTICE,C,OTHER MOTOR VEHICLE,,0.0,0.0,CLEAR,, CONSTRUCTION-REPAIR ZONE,, ,D,DARK-NO STREET LIGHTS,37.277811,-121.805711,,,,,A,NO PEDESTRIANS INVOLVED,10/11/2024 11:10:00 PM,A,VC 22350,False,1.0,US-101 N/B,,,10/24/2024 8:56:55 AM,A,S,1620.0,HELLYER AVE,F,,A,10/24/2024 8:56:59 AM,10/24/2024 8:56:59 AM,False,True,4,,10/11/2024 11:15:00 PM,2315,False,,,True
4443856,2024-242810831,2,False,4313,10/7/2024 6:19:00 PM,1819,N5,1368.0,4313.0,San Jose,43.0,True,True,D,BROADSIDE,,Monday,,,,,False,False,False,,G,BICYCLE,,1.0,0.0,CLEAR,, NO UNUSUAL CONDITIONS - NO UNUSUAL CONDITIONS,, ,A,DAYLIGHT,,,,,,,A,NO PEDESTRIANS INVOLVED,,A,21801A,,1.0,CLIFTON AV,DN,,,A,,,BAYWOOD AV,,,D,10/24/2024 8:56:32 AM,1/28/2025 11:58:33 AM,,,2,,,,,,,
4443852,2024-242830772,3,False,4313,10/9/2024 7:18:00 PM,1918,L2,1368.0,4313.0,San Jose,43.0,True,True,D,BROADSIDE,,Wednesday,,,,,False,False,True,,C,OTHER MOTOR VEHICLE,,1.0,0.0,CLEAR,, NO UNUSUAL CONDITIONS - NO UNUSUAL CONDITIONS,, ,C,DARK-STREET LIGHTS,,,,,,,A,NO PEDESTRIANS INVOLVED,,A,21453A,,1.0,STORY RD,WESTE,,,A,,,ROBERTS AV,,,A,10/24/2024 8:56:32 AM,1/28/2025 11:58:33 AM,,,2,,,,,,,
4443834,2024-242800190,2,False,4313,10/6/2024 10:06:00 AM,1006,2,1368.0,4313.0,San Jose,43.0,True,True,C,REAR END,,Sunday,,,,,False,False,True,,C,OTHER MOTOR VEHICLE,,2.0,0.0,CLEAR,, NO UNUSUAL CONDITIONS - NO UNUSUAL CONDITIONS,, ,C,DARK-STREET LIGHTS,,,,,,,A,NO PEDESTRIANS INVOLVED,,A,21453A,,1.0,W SANTA CLARA ST,EDWAR,,,A,,,N 1ST ST,,,A,10/24/2024 8:46:32 AM,1/28/2025 11:58:33 AM,,,2,,,,,,,
4443830,9340-2024-04396,1,False,9340,10/11/2024 11:05:00 PM,2305,087,1368.0,4313.0,San Jose,43.0,True,True,C,REAR END,,Friday,NotApplicable,False,,,False,True,True,SANTA CLARA SUPERIOR COURT HALL OF JUSTICE,C,OTHER MOTOR VEHICLE,,1.0,0.0,CLEAR,, NO UNUSUAL CONDITIONS,, ,D,DARK-NO STREET LIGHTS,37.312013,-121.884639,,,,,A,NO PEDESTRIANS INVOLVED,10/11/2024 11:05:00 PM,A,VC 22350,False,1.0,SR-87 N/B,,,10/24/2024 8:44:21 AM,A,N,760.0,ALMA AVE,F,,D,10/24/2024 8:44:22 AM,10/24/2024 8:44:22 AM,False,True,4,,10/11/2024 11:15:00 PM,2315,False,,,True
4443815,2024-242760700,3,False,4313,10/2/2024 4:57:00 PM,1657,4,1368.0,4313.0,San Jose,43.0,True,True,B,SIDE SWIPE,,Wednesday,,,,,False,False,True,,,,,1.0,0.0,CLEAR,, NO UNUSUAL CONDITIONS - NO UNUSUAL CONDITIONS,, ,A,DAYLIGHT,,,,,,,A,NO PEDESTRIANS INVOLVED,,A,22350,,1.0,N WHITE RD,WILLI,,,A,,,MADELINE DR,,,,10/24/2024 8:36:32 AM,1/28/2025 11:58:33 AM,,,2,,,,,,,
4443814,2024-242780749,3,False,4313,10/4/2024 6:18:00 PM,1818,N2,1368.0,4313.0,San Jose,43.0,True,True,A,HEAD-ON,,Friday,,,,,False,False,False,,C,OTHER MOTOR VEHICLE,,2.0,0.0,CLEAR,, NO UNUSUAL CONDITIONS - NO UNUSUAL CONDITIONS,, ,A,DAYLIGHT,,,,,,,A,NO PEDESTRIANS INVOLVED,,A,22107,,1.0,NORWALK DR,NORA,,,A,,,S KIELY BL,,,D,10/24/2024 8:36:32 AM,1/28/2025 11:58:33 AM,,,2,,,,,,,
4443813,2024-242811011,2,False,4313,10/7/2024 9:33:00 PM,2133,K6,1368.0,4313.0,San Jose,43.0,True,True,D,BROADSIDE,,Monday,,,,,False,False,True,,C,OTHER MOTOR VEHICLE,,2.0,0.0,CLEAR,, NO UNUSUAL CONDITIONS - NO UNUSUAL CONDITIONS,, ,C,DARK-STREET LIGHTS,,,,,,,A,NO PEDESTRIANS INVOLVED,,D,,,,S 14TH ST,KING,,,A,,,E WILLIAM ST,,,A,10/24/2024 8:36:32 AM,1/28/2025 11:58:33 AM,,,2,,,,,,,
4443801,2024-242810919,2,False,4313,10/7/2024 7:44:00 PM,1944,L4,1368.0,4313.0,San Jose,43.0,True,True,A,HEAD-ON,,Monday,,,,,False,False,True,,C,OTHER MOTOR VEHICLE,,2.0,0.0,CLEAR,, ,, ,A,DAYLIGHT,,,,,,,,,,A,21453A,,1.0,TULLY RD,LINCO,,,A,,,S 7TH RD,,,B,10/24/2024 8:31:32 AM,1/28/2025 11:58:33 AM,,,2,,,,,,,
4443791,9340-2024-04385,1,False,9340,10/10/2024 9:35:00 PM,2135,110,1368.0,4313.0,San Jose,43.0,True,True,E,HIT OBJECT,,Thursday,Yes,False,,,False,True,True,SANTA CLARA SUPERIOR COURT HALL OF JUSTICE,I,FIXED OBJECT,CONCRETE MEDIAN BARRIER ,1.0,0.0,CLEAR,, NO UNUSUAL CONDITIONS,, ,D,DARK-NO STREET LIGHTS,37.317641,-121.830805,,,,,A,NO PEDESTRIANS INVOLVED,10/10/2024 9:35:00 PM,A,VC 23152(a),True,1.0,US-101 S/B,,,10/24/2024 8:29:28 AM,A,S,320.0,TULLY RD,F,,D,10/24/2024 8:29:31 AM,10/24/2024 8:29:31 AM,False,True,4,,10/10/2024 9:40:00 PM,2140,False,,,
4443784,2024-240860881,2,False,4313,3/26/2024 10:16:00 AM,1016,M5,1368.0,4313.0,San Jose,43.0,True,True,B,SIDE SWIPE,,Tuesday,,,F,,False,False,False,,C,OTHER MOTOR VEHICLE,,1.0,0.0,CLEAR,, NO UNUSUAL CONDITIONS - NO UNUSUAL CONDITIONS,, ,C,DARK-STREET LIGHTS,,,,,,,A,NO PEDESTRIANS INVOLVED,,A,22350,,1.0,STORY RD,DM,,,A,,,S WHITE RD,,,,10/24/2024 8:26:32 AM,1/28/2025 11:59:19 AM,,,2,,,,,,,
4443751,9340-2024-04453,1,False,9340,10/16/2024 9:15:00 AM,915,088,1368.0,4313.0,San Jose,43.0,True,True,C,REAR END,,Wednesday,NotApplicable,False,,,False,True,False,SANTA CLARA SUPERIOR COURT HALL OF JUSTICE,C,OTHER MOTOR VEHICLE,,0.0,0.0,CLOUDY,, NO UNUSUAL CONDITIONS,, ,A,DAYLIGHT,37.343309,-121.925205,,,,,A,NO PEDESTRIANS INVOLVED,10/16/2024 9:15:00 AM,A,VC 22350,False,1.0,I-880 N/B,,,10/24/2024 8:13:01 AM,A,N,275.0,THE ALAMEDA,F,,D,10/24/2024 8:13:03 AM,10/24/2024 8:13:03 AM,False,True,4,,10/16/2024 9:19:00 AM,0919,True,AREA PHOTO FILE,,True
4443715,2024-242320514,2,False,4313,8/19/2024 2:34:00 PM,1434,5,1368.0,4313.0,San Jose,43.0,True,True,C,REAR END,,Monday,,,,,False,False,False,,C,OTHER MOTOR VEHICLE,,1.0,0.0,CLEAR,, ,, ,A,DAYLIGHT,,,,,,,A,NO PEDESTRIANS INVOLVED,,A,22350,,1.0,QUIMBY RD,PAUL,,,A,W,210.0,SCHOONER CT,F,,D,10/24/2024 8:01:31 AM,1/28/2025 11:53:24 AM,,,2,,,,,,,
4443702,2024-242620298,2,False,4313,9/18/2024 10:28:00 AM,1028,F3,1368.0,4313.0,San Jose,43.0,True,True,B,SIDE SWIPE,,Wednesday,,,,,False,False,True,,E,PARKED MOTOR VEHICLE,,1.0,0.0,CLEAR,, NO UNUSUAL CONDITIONS - NO UNUSUAL CONDITIONS,, ,A,DAYLIGHT,37.202314,-121.55116,,,,,,,,A,22350,,1.0,ELM ST,FRANK,,,A,S,111.0,ASBURY ST,F,,A,10/24/2024 7:56:31 AM,1/28/2025 11:55:31 AM,,,2,,,,,,,
4443685,2024-242750492,2,False,4313,10/1/2024 1:45:00 PM,1345,F5,1368.0,4313.0,San Jose,43.0,True,True,D,BROADSIDE,,Tuesday,,,F,,False,False,True,,C,OTHER MOTOR VEHICLE,,1.0,0.0,CLEAR,, NO UNUSUAL CONDITIONS - NO UNUSUAL CONDITIONS,, ,A,DAYLIGHT,,,,,,,A,NO PEDESTRIANS INVOLVED,,A,22350,,1.0,SADDLE RACK ST,FRANK,,,A,,,SADDLE RACK ST 1350,,,D,10/24/2024 7:46:31 AM,1/28/2025 11:58:33 AM,,,2,,,,,,,
4464290,9340-2024-04752,1,False,9340,11/4/2024 6:15:00 PM,1815,110,1368.0,4313.0,San Jose,43.0,True,True,B,SIDE SWIPE,,Monday,NotApplicable,False,,,False,True,False,SANTA CLARA SUPERIOR COURT HALL OF JUSTICE,C,OTHER MOTOR VEHICLE,,0.0,0.0,CLEAR,, NO UNUSUAL CONDITIONS,, ,C,DARK-STREET LIGHTS,37.345423,-121.857756,,,,,A,NO PEDESTRIANS INVOLVED,11/4/2024 6:15:00 PM,A,VC 21658(A),False,1.0,US101 S/B,,,11/8/2024 7:26:41 PM,A,S,407.0,SAN ANTONIO ST,F,,D,11/8/2024 7:26:44 PM,11/8/2024 7:26:44 PM,False,True,4,,11/4/2024 6:15:00 PM,1815,False,,,True
4464288,9340-2024-04502,1,False,9340,10/18/2024 12:30:00 AM,30,282,1368.0,4313.0,San Jose,43.0,True,True,B,SIDE SWIPE,,Friday,Yes,False,M,,False,True,True,SANTA CLARA SUPERIOR COURT HALL OF JUSTICE,C,OTHER MOTOR VEHICLE,,3.0,0.0,CLEAR,, NO UNUSUAL CONDITIONS,, ,C,DARK-STREET LIGHTS,37.31658,-121.964098,,,,,A,NO PEDESTRIANS INVOLVED,10/18/2024 12:30:00 AM,A,VC 23152(A),True,1.0,I-280 N/B,,,11/8/2024 6:58:11 PM,A,S,50.0,SAN TOMAS EXPY,F,,D,11/8/2024 6:58:15 PM,11/8/2024 6:58:15 PM,False,True,4,True,10/18/2024 12:35:00 AM,0035,True,241018GG0037,,True
4464286,9340-2024-04640,1,False,9340,10/29/2024 8:40:00 AM,840,281,1368.0,4313.0,San Jose,43.0,True,True,C,REAR END,,Tuesday,NotApplicable,False,,,False,True,False,SANTA CLARA SUPERIOR COURT HALL OF JUSTICE,C,OTHER MOTOR VEHICLE,,2.0,0.0,CLEAR,, NO UNUSUAL CONDITIONS,, ,A,DAYLIGHT,37.325646,-121.885046,,,,,A,NO PEDESTRIANS INVOLVED,10/29/2024 8:40:00 AM,A,VC 22350,False,1.0,I-280 N/B,,,11/8/2024 6:34:49 PM,A,S,2148.0,SR-87,F,,D,11/8/2024 6:34:55 PM,11/8/2024 6:34:55 PM,False,True,4,,10/29/2024 8:45:00 AM,0845,True,EMBEDDED,,True
4464284,9340-2024-04755,1,False,9340,11/4/2024 6:10:00 PM,1810,087,1368.0,4313.0,San Jose,43.0,True,True,C,REAR END,,Monday,NotApplicable,False,,,False,True,False,SANTA CLARA SUPERIOR COURT HALL OF JUSTICE,C,OTHER MOTOR VEHICLE,,0.0,0.0,CLEAR,, NO UNUSUAL CONDITIONS,, ,D,DARK-NO STREET LIGHTS,37.31189,-121.884592,,,,,A,NO PEDESTRIANS INVOLVED,11/4/2024 6:10:00 PM,A,VC 22350,False,1.0,SR-87 N/B,,,11/8/2024 6:16:47 PM,A,N,730.0,ALMA AVE,F,,D,11/8/2024 6:16:50 PM,11/8/2024 6:16:50 PM,False,True,4,,11/4/2024 6:15:00 PM,1815,False,,,True
4464280,9340-2024-04753,1,False,9340,11/4/2024 5:45:00 PM,1745,083,1368.0,4313.0,San Jose,43.0,True,True,C,REAR END,,Monday,NotApplicable,False,,,False,True,False,SANTA CLARA SUPERIOR COURT HALL OF JUSTICE,C,OTHER MOTOR VEHICLE,,0.0,0.0,CLEAR,, NO UNUSUAL CONDITIONS,, ,D,DARK-NO STREET LIGHTS,37.255429,-121.864866,,,,,A,NO PEDESTRIANS INVOLVED,11/4/2024 5:45:00 PM,A,VC 22350,False,1.0,SR-85 S/B,,,11/8/2024 6:03:06 PM,A,N,1700.0,SANTA TERESA BLVD,F,,D,11/8/2024 6:03:08 PM,11/8/2024 6:03:08 PM,False,True,4,,11/4/2024 5:50:00 PM,1750,False,,,True
4464268,9340-2024-04766,1,False,9340,11/4/2024 5:42:00 AM,542,110,1368.0,4313.0,San Jose,43.0,True,True,C,REAR END,,Monday,NotApplicable,False,M,,False,True,False,SANTA CLARA SUPERIOR COURT HALL OF JUSTICE,C,OTHER MOTOR VEHICLE,,0.0,0.0,CLEAR,, NO UNUSUAL CONDITIONS,, ,C,DARK-STREET LIGHTS,37.349494,-121.861188,,,,,A,NO PEDESTRIANS INVOLVED,11/4/2024 5:42:00 AM,A,VC 22350,False,1.0,US-101 N/B,,,11/8/2024 4:47:50 PM,A,S,150.0,ALUM ROCK AVE.,F,,D,11/8/2024 4:47:52 PM,11/8/2024 4:47:52 PM,False,True,4,,11/4/2024 6:00:00 AM,0600,False,,,True