Collision Id,	Report Number,	Report Version,	Is Preliminary,	NCIC Code,Crash Date Time,	Crash Time Description,	Beat,City Id,	City Code,	City Name,County Code,	City Is Active,	City Is Incorporated,	Collision Type Code,Collision Type Description,	Collision Type Other Desc,	Day Of Week,	DispatchNotified,	HasPhotographs,	HitRun,	IsAttachmentsMailed,	IsDeleted,	IsHighwayRelated,	IsTowAway,	JudicialDistrict,	MotorVehicleInvolvedWithCode,	MotorVehicleInvolvedWithDesc,MotorVehicleInvolvedWithOtherDesc,	NumberInjured,	NumberKilled,Weather 1, Weather 2, Road Condition 1, Road Condition 2, Special Condition,LightingCode, LightingDescription,Latitude,Longitude,MilepostDirection,MilepostDistance,MilepostMarker,MilepostUnitOfMeasure,	PedestrianActionCode,PedestrianActionDesc,PreparedDate,	Primary Collision Factor Code,Primary Collision Factor Violation,PrimaryCollisionFactorIsCited,	PrimaryCollisionPartyNumber,	PrimaryRoad,	ReportingDistrict,	ReportingDistrictCode,ReviewedDate,	RoadwaySurfaceCode,SecondaryDirection,	SecondaryDistance,	SecondaryRoad,	SecondaryUnitOfMeasure,	SketchDesc,	TrafficControlDeviceCode,CreatedDate,	ModifiedDate,IsCountyRoad,IsFreeway,CHP555Version,	IsAdditonalObjectStruck,NotificationDate,	NotificationTimeDescription,	HasDigitalMediaFiles,	EvidenceNumber,	IsLocationReferToNarrative,	IsAOIOneSameAsLocation
4479993,2024-242960288,2,False,4313,10/22/2024 10:08:00 AM,1008,N1,1368.0,4313.0,San Jose,43.0,True,True,G,VEHICLE/PEDESTRAIN,,Tuesday,,,,,False,False,False,,B,PEDESTRIAN,,1.0,0.0,CLEAR,, NO UNUSUAL CONDITIONS - NO UNUSUAL CONDITIONS,, ,A,DAYLIGHT,,,,,,,F,NOT IN ROAD,,A,21952,,1.0,S DE ANZA BL,NORA,,,A,,,KENTWOOD DR,,,A,11/22/2024 8:57:46 AM,1/28/2025 12:07:57 PM,,,2,,,,,,,
4479959,9340-2024-04905,1,False,9340,11/12/2024 6:12:00 PM,1812,681,1368.0,4313.0,San Jose,43.0,True,True,H,OTHER,BACKING,Tuesday,NotApplicable,False,M,,False,True,False,SANTA CLARA SUPERIOR COURT HALL OF JUSTICE,C,OTHER MOTOR VEHICLE,,0.0,0.0,CLEAR,, NO UNUSUAL CONDITIONS,, ,C,DARK-STREET LIGHTS,37.399446,-121.876525,,,,,A,NO PEDESTRIANS INVOLVED,11/12/2024 6:12:00 PM,A,VC 22106,False,1.0,I-680 S/B TO CAPITOL AVE. S/B,,,11/22/2024 8:46:03 AM,A,W,25.0,N. CAPITOL AVE,F,,D,11/22/2024 8:46:10 AM,11/22/2024 8:46:10 AM,False,True,4,,11/12/2024 7:00:00 PM,1900,False,,,True
4479887,9340-2024-04901,1,False,9340,11/12/2024 6:00:00 PM,1800,110,1368.0,4313.0,San Jose,43.0,True,True,B,SIDE SWIPE,,Tuesday,NotApplicable,False,,,False,True,False,SANTA CLARA SUPERIOR COURT HALL OF JUSTICE,C,OTHER MOTOR VEHICLE,,0.0,0.0,CLEAR,, NO UNUSUAL CONDITIONS,, ,C,DARK-STREET LIGHTS,37.351866,-121.864095,,,,,A,NO PEDESTRIANS INVOLVED,11/12/2024 6:00:00 PM,A,VC 21658(a),False,1.0,US-101 S/B FROM MCKEE RD,,,11/22/2024 8:19:32 AM,A,S,988.0,MCKEE RD,F,,D,11/22/2024 8:19:35 AM,11/22/2024 8:19:35 AM,False,True,4,,11/12/2024 6:10:00 PM,1810,False,,,True
4479850,9340-2024-04911,1,False,9340,11/12/2024 5:00:00 PM,1700,087,1368.0,4313.0,San Jose,43.0,True,True,C,REAR END,,Tuesday,NotApplicable,False,,,False,True,False,SANTA CLARA SUPERIOR COURT HALL OF JUSTICE,C,OTHER MOTOR VEHICLE,,1.0,0.0,CLEAR,, NO UNUSUAL CONDITIONS,, ,B,DUSK-DAWN,37.279053,-121.864851,,,,,A,NO PEDESTRIANS INVOLVED,11/12/2024 5:00:00 PM,A,VC 22350,False,1.0,SR-87 S/B,,,11/22/2024 8:05:40 AM,A,S,220.0,HILLSDALE AVE,F,,D,11/22/2024 8:05:46 AM,11/22/2024 8:05:46 AM,False,True,4,,11/12/2024 5:15:00 PM,1715,False,,,True
4479729,9340-2024-04833,1,False,9340,11/7/2024 6:10:00 PM,1810,120,1368.0,4313.0,San Jose,43.0,True,True,C,REAR END,,Thursday,Yes,False,,,False,True,False,SANTA CLARA SUPERIOR COURT HALL OF JUSTICE,C,OTHER MOTOR VEHICLE,,0.0,0.0,CLEAR,, NO UNUSUAL CONDITIONS,, ,C,DARK-STREET LIGHTS,37.385013,-121.975099,,,,,A,NO PEDESTRIANS INVOLVED,11/7/2024 6:10:00 PM,A,VC 23152(a),True,1.0,US-101 S/B,,,11/22/2024 7:03:30 AM,A,S,500.0,BOWERS AVE,F,,D,11/22/2024 7:03:33 AM,11/22/2024 7:03:33 AM,False,True,4,,11/7/2024 6:18:00 PM,1818,False,,,True
4479328,9340-2024-04947,1,False,9340,11/14/2024 2:50:00 PM,1450,083,1368.0,4313.0,San Jose,43.0,True,True,B,SIDE SWIPE,,Thursday,NotApplicable,False,,,False,True,False,SANTA CLARA SUPERIOR COURT HALL OF JUSTICE,C,OTHER MOTOR VEHICLE,,0.0,0.0,CLEAR,, NO UNUSUAL CONDITIONS,, ,A,DAYLIGHT,37.253005,-121.841249,,,,,A,NO PEDESTRIANS INVOLVED,11/14/2024 2:50:00 PM,A,VC 22107,False,1.0,SR-85 N/B,,,11/21/2024 9:20:56 PM,A,N,1470.0,BLOSSOM HILL RD,F,,D,11/21/2024 9:20:59 PM,11/21/2024 9:20:59 PM,False,True,4,,11/14/2024 3:00:00 PM,1500,False,,,True
4479327,9340-2024-04940,1,False,9340,11/14/2024 1:15:00 PM,1315,281,1368.0,4313.0,San Jose,43.0,True,True,C,REAR END,,Thursday,NotApplicable,False,,,False,True,False,SANTA CLARA SUPERIOR COURT HALL OF JUSTICE,C,OTHER MOTOR VEHICLE,,0.0,0.0,CLEAR,, NO UNUSUAL CONDITIONS,, ,A,DAYLIGHT,37.328113,-121.870537,,,,,A,NO PEDESTRIANS INVOLVED,11/14/2024 1:15:00 PM,A,VC 22350,False,1.0,I-280 S/B FROM 11TH ST,,,11/21/2024 9:05:27 PM,A,S,35.0,11TH ST,F,,A,11/21/2024 9:05:29 PM,11/21/2024 9:05:29 PM,False,True,4,,11/14/2024 1:20:00 PM,1320,False,,,True
4479313,9340-2024-04927,1,False,9340,11/13/2024 6:30:00 PM,1830,281,1368.0,4313.0,San Jose,43.0,True,True,C,REAR END,,Wednesday,NotApplicable,False,M,,False,True,False,SANTA CLARA SUPERIOR COURT HALL OF JUSTICE,C,OTHER MOTOR VEHICLE,,0.0,0.0,CLEAR,, NO UNUSUAL CONDITIONS,, ,C,DARK-STREET LIGHTS,37.323351,-121.89337,,,,,A,NO PEDESTRIANS INVOLVED,11/13/2024 6:30:00 PM,A,VC 22350,False,1.0,I-280 S/B TO VINE ST / FROM BIRD AVE.,,,11/21/2024 7:23:04 PM,A,N,311.0,SR-87,F,,D,11/21/2024 7:23:06 PM,11/21/2024 7:23:06 PM,False,True,4,,11/13/2024 6:50:00 PM,1850,False,,,True
4479312,9340-2024-04890,1,False,9340,11/11/2024 6:30:00 PM,1830,281,1368.0,4313.0,San Jose,43.0,True,True,C,REAR END,,Monday,NotApplicable,False,,,False,True,False,SANTA CLARA SUPERIOR COURT HALL OF JUSTICE,C,OTHER MOTOR VEHICLE,,0.0,0.0,CLEAR,, NO UNUSUAL CONDITIONS,, ,C,DARK-STREET LIGHTS,37.325039,-121.887393,,,,,A,NO PEDESTRIANS INVOLVED,11/11/2024 6:30:00 PM,A,VC 22350,False,1.0,I-280 N/B,,,11/21/2024 7:19:56 PM,A,S,72.0,S. ALMADEN AVE,F,,D,11/21/2024 7:19:58 PM,11/21/2024 7:19:58 PM,False,True,4,,11/11/2024 6:32:00 PM,1832,False,,,True
4479311,9340-2024-04884,1,False,9340,11/11/2024 3:30:00 PM,1530,282,1368.0,4313.0,San Jose,43.0,True,True,C,REAR END,,Monday,Yes,False,,,False,True,True,SANTA CLARA SUPERIOR COURT HALL OF JUSTICE,C,OTHER MOTOR VEHICLE,,2.0,0.0,CLEAR,, NO UNUSUAL CONDITIONS,, ,A,DAYLIGHT,37.317685,-121.975514,,,,,A,NO PEDESTRIANS INVOLVED,11/11/2024 3:30:00 PM,A,VC 22350,False,1.0,I-280 N/B TO SARATOGA AVE,,,11/21/2024 7:14:06 PM,A,N,185.0,SARATOGA AVE,F,,D,11/21/2024 7:14:09 PM,11/21/2024 7:14:09 PM,False,True,4,,11/11/2024 3:35:00 PM,1535,False,,,True
4479294,9340-2024-04933,1,False,9340,11/14/2024 6:15:00 AM,615,087,1368.0,4313.0,San Jose,43.0,True,True,B,SIDE SWIPE,,Thursday,NotApplicable,False,,,False,True,False,SANTA CLARA SUPERIOR COURT HALL OF JUSTICE,C,OTHER MOTOR VEHICLE,,0.0,0.0,CLEAR,, NO UNUSUAL CONDITIONS,, ,A,DAYLIGHT,37.318627,-121.889596,,,,,A,NO PEDESTRIANS INVOLVED,11/14/2024 6:15:00 AM,A,VC 21658(A),False,1.0,SR-87 N/B,,,11/21/2024 5:47:16 PM,A,S,463.0,WEST VIRGINIA ST,F,,D,11/21/2024 5:47:20 PM,11/21/2024 5:47:20 PM,False,True,4,,11/14/2024 6:30:00 AM,0630,True,EMBEDDED,,True
4479285,9340-2024-04931,1,False,9340,11/13/2024 7:55:00 PM,1955,089,1368.0,4313.0,San Jose,43.0,True,True,C,REAR END,,Wednesday,NotApplicable,False,,,False,True,False,SANTA CLARA SUPERIOR COURT HALL OF JUSTICE,C,OTHER MOTOR VEHICLE,,0.0,0.0,CLEAR,, NO UNUSUAL CONDITIONS,, ,C,DARK-STREET LIGHTS,37.403162,-121.906719,,,,,A,NO PEDESTRIANS INVOLVED,11/13/2024 7:55:00 PM,A,VC 22350,False,1.0,I-880 N/B TO MONTAGUE EXPRESSWAY E/B,,,11/21/2024 5:11:45 PM,A,S,50.0,MONTAGUE EXPY,F,,D,11/21/2024 5:11:49 PM,11/21/2024 5:11:49 PM,False,True,4,,11/13/2024 8:10:00 PM,2010,False,,,True
4479282,9340-2024-04929,1,False,9340,11/13/2024 7:45:00 PM,1945,087,1368.0,4313.0,San Jose,43.0,True,True,B,SIDE SWIPE,,Wednesday,NotApplicable,False,M,,False,True,False,SANTA CLARA SUPERIOR COURT HALL OF JUSTICE,C,OTHER MOTOR VEHICLE,,0.0,0.0,CLOUDY,, NO UNUSUAL CONDITIONS,, ,D,DARK-NO STREET LIGHTS,37.29909,-121.874734,,,,,A,NO PEDESTRIANS INVOLVED,11/13/2024 7:45:00 PM,A,VC 22107,False,1.0,SR-87 N/B,,,11/21/2024 5:03:42 PM,A,N,1610.0,CURTNER AVE,F,,D,11/21/2024 5:03:46 PM,11/21/2024 5:03:46 PM,False,True,4,,11/13/2024 7:50:00 PM,1950,False,,,True
4479246,9340-2024-04889,1,False,9340,11/11/2024 3:27:00 PM,1527,681,1368.0,4313.0,San Jose,43.0,True,True,C,REAR END,,Monday,NotApplicable,False,,,False,True,True,SANTA CLARA SUPERIOR COURT HALL OF JUSTICE,C,OTHER MOTOR VEHICLE,,0.0,0.0,CLEAR,, NO UNUSUAL CONDITIONS,, ,A,DAYLIGHT,37.365133,-121.844561,,,,,A,NO PEDESTRIANS INVOLVED,11/11/2024 3:27:00 PM,A,VC 22350,False,1.0,I-680 S/B,,,11/21/2024 4:19:47 PM,A,S,1075.0,MCKEE RD,F,,D,11/21/2024 4:19:49 PM,11/21/2024 4:19:49 PM,False,True,4,,11/11/2024 3:35:00 PM,1535,False,,,True
4479239,9340-2024-04882,1,False,9340,11/11/2024 2:30:00 PM,1430,281,1368.0,4313.0,San Jose,43.0,True,True,B,SIDE SWIPE,,Monday,NotApplicable,False,,,False,True,False,SANTA CLARA SUPERIOR COURT HALL OF JUSTICE,C,OTHER MOTOR VEHICLE,,0.0,0.0,CLEAR,, NO UNUSUAL CONDITIONS,, ,A,DAYLIGHT,37.316971,-121.932795,,,,,A,NO PEDESTRIANS INVOLVED,11/11/2024 2:30:00 PM,A,VC 21658(A),False,1.0,I-280 S/B,,,11/21/2024 4:17:40 PM,A,N,224.0,SOUTH BASCOM AVE,F,,D,11/21/2024 4:17:42 PM,11/21/2024 4:17:42 PM,False,True,4,,11/11/2024 2:32:00 PM,1432,False,,,True
4479237,9340-2024-04880,1,False,9340,11/11/2024 12:05:00 PM,1205,230,1368.0,4313.0,San Jose,43.0,True,True,B,SIDE SWIPE,,Monday,Yes,False,,,False,True,True,SANTA CLARA SUPERIOR COURT HALL OF JUSTICE,C,OTHER MOTOR VEHICLE,,2.0,0.0,RAINING,, NO UNUSUAL CONDITIONS,, ,A,DAYLIGHT,37.419066,-121.968447,,,,,A,NO PEDESTRIANS INVOLVED,11/11/2024 12:05:00 PM,A,VC 22350,False,1.0,SR-237 W/B,,,11/21/2024 4:16:39 PM,B,W,1446.0,LAFAYETTE ST,F,,D,11/21/2024 4:16:41 PM,11/21/2024 4:16:41 PM,False,True,4,True,11/11/2024 12:10:00 PM,1210,False,,,True
4479230,9340-2024-04879,1,False,9340,11/11/2024 8:50:00 AM,850,110,1368.0,4313.0,San Jose,43.0,True,True,E,HIT OBJECT,,Monday,NotApplicable,False,,,False,True,False,SANTA CLARA SUPERIOR COURT HALL OF JUSTICE,J,OTHER OBJECT,MISC. DEBRIS,0.0,0.0,CLOUDY,RAINING, NO UNUSUAL CONDITIONS,, ,A,DAYLIGHT,37.340404,-121.852921,,,,,A,NO PEDESTRIANS INVOLVED,11/11/2024 8:50:00 AM,C,,,,US-101 S/B,,,11/21/2024 4:14:18 PM,B,N,300.0,I-280,F,,D,11/21/2024 4:14:20 PM,11/21/2024 4:14:20 PM,False,True,4,,11/11/2024 9:15:00 AM,0915,False,,,True
4479213,9340-2024-04982,1,False,9340,11/16/2024 8:45:00 AM,845,087,1368.0,4313.0,San Jose,43.0,True,True,C,REAR END,,Saturday,NotApplicable,False,,,False,True,False,SANTA CLARA SUPERIOR COURT HALL OF JUSTICE,C,OTHER MOTOR VEHICLE,,0.0,0.0,CLEAR,, NO UNUSUAL CONDITIONS,, ,A,DAYLIGHT,37.296401,-121.873574,,,,,A,NO PEDESTRIANS INVOLVED,11/16/2024 8:45:00 AM,A,VC 22350,False,1.0,SR-87 N/B,,,11/21/2024 3:59:08 PM,A,N,600.0,CURTNER AVE,F,,D,11/21/2024 3:59:11 PM,11/21/2024 3:59:11 PM,False,True,4,,11/16/2024 8:50:00 AM,0850,False,,,True
4479165,9340-2024-04866,2,False,9340,11/10/2024 6:48:00 AM,648,120,1368.0,4313.0,San Jose,43.0,True,True,C,REAR END,,Sunday,Yes,False,,,False,True,False,SANTA CLARA SUPERIOR COURT HALL OF JUSTICE,C,OTHER MOTOR VEHICLE,,1.0,0.0,CLEAR,, NO UNUSUAL CONDITIONS,, ,B,DUSK-DAWN,37.386423,-121.979875,,,,,A,NO PEDESTRIANS INVOLVED,11/10/2024 6:48:00 AM,A,VC 22350,False,1.0,US-101 S/B ,,,6/27/2025 3:20:35 PM,A,N,855.0,BOWERS AVENUE,F,,D,11/21/2024 3:14:28 PM,6/27/2025 3:20:39 PM,False,True,4,,11/10/2024 6:50:00 AM,0650,False,,,True
4479056,9340-2024-04855,1,False,9340,11/9/2024 9:55:00 AM,955,281,1368.0,4313.0,San Jose,43.0,True,True,B,SIDE SWIPE,,Saturday,NotApplicable,False,M,,False,True,False,SANTA CLARA SUPERIOR COURT HALL OF JUSTICE,C,OTHER MOTOR VEHICLE,,0.0,0.0,CLEAR,, NO UNUSUAL CONDITIONS,, ,A,DAYLIGHT,37.317525,-121.937575,,,,,A,NO PEDESTRIANS INVOLVED,11/9/2024 9:55:00 AM,A,VC 22107,False,1.0,I-280 N/B,,,11/21/2024 2:12:16 PM,A,N,456.0,MACARTHUR BLVD,F,,D,11/21/2024 2:12:30 PM,11/21/2024 2:12:30 PM,False,True,4,,11/9/2024 9:59:00 AM,0959,True,EMBEDDED,,True
4479042,9340-2024-04681,1,False,9340,10/26/2024 2:45:00 AM,245,120,1368.0,4313.0,San Jose,43.0,True,True,E,HIT OBJECT,,Saturday,Yes,False,,,False,True,True,SANTA CLARA SUPERIOR COURT HALL OF JUSTICE,I,FIXED OBJECT,ATTENUATOR ,0.0,0.0,CLEAR,, NO UNUSUAL CONDITIONS,, ,D,DARK-NO STREET LIGHTS,37.377023,-121.943191,,,,,A,NO PEDESTRIANS INVOLVED,10/26/2024 2:45:00 AM,A,VC 22107,False,1.0,US-101 S/B,,,11/21/2024 2:08:56 PM,A,N,339.0,DE LA CRUZ BLVD,F,,D,11/21/2024 2:08:58 PM,11/21/2024 2:08:58 PM,False,True,4,False,10/26/2024 2:53:00 AM,0253,False,,,True
4479017,9340-2024-04853,1,False,9340,11/9/2024 7:45:00 AM,745,120,1368.0,4313.0,San Jose,43.0,True,True,C,REAR END,,Saturday,NotApplicable,False,,,False,True,False,SANTA CLARA SUPERIOR COURT HALL OF JUSTICE,C,OTHER MOTOR VEHICLE,,0.0,0.0,CLEAR,, NO UNUSUAL CONDITIONS,, ,A,DAYLIGHT,37.363427,-121.891945,,,,,A,NO PEDESTRIANS INVOLVED,11/9/2024 7:45:00 AM,A,VC 22350,True,1.0,US-101 N/B FROM OAKLAND ROAD ,,,11/21/2024 1:57:17 PM,A,N,50.0,OAKLAND RD,F,,A,11/21/2024 1:57:21 PM,11/21/2024 1:57:21 PM,False,True,4,,11/9/2024 7:50:00 AM,0750,False,,,True
4478972,9340-2024-04835,1,False,9340,11/8/2024 8:30:00 AM,830,281,1368.0,4313.0,San Jose,43.0,True,True,B,SIDE SWIPE,,Friday,NotApplicable,False,,,False,True,False,SANTA CLARA SUPERIOR COURT HALL OF JUSTICE,C,OTHER MOTOR VEHICLE,,0.0,0.0,CLEAR,, NO UNUSUAL CONDITIONS,, ,A,DAYLIGHT,37.317445,-121.935458,,,,,A,NO PEDESTRIANS INVOLVED,11/8/2024 8:30:00 AM,A,VC 22107,False,1.0,I-280 N/B ,,,11/21/2024 1:34:36 PM,A,S,125.0,MACARTHUR AVE,F,,D,11/21/2024 1:34:38 PM,11/21/2024 1:34:38 PM,False,True,4,True,11/8/2024 8:31:00 AM,0831,False,,,True
4478913,9340-2024-04814,1,False,9340,11/7/2024 2:50:00 PM,1450,088,1368.0,4313.0,San Jose,43.0,True,True,C,REAR END,,Thursday,Yes,False,,,False,True,True,SANTA CLARA SUPERIOR COURT HALL OF JUSTICE,C,OTHER MOTOR VEHICLE,,2.0,0.0,CLEAR,, NO UNUSUAL CONDITIONS,, ,A,DAYLIGHT,37.333696,-121.937544,,,,,A,NO PEDESTRIANS INVOLVED,11/7/2024 2:50:00 PM,A,VC 22350,False,1.0,I-880 S/B,,,11/21/2024 1:10:44 PM,A,S,350.0,BASCOM AVE,F,,D,11/21/2024 1:10:48 PM,11/21/2024 1:10:48 PM,False,True,4,,11/7/2024 3:05:00 PM,1505,False,,,True
4478809,2024-240140080,2,False,4313,1/14/2024 1:43:00 AM,143,E3,1368.0,4313.0,San Jose,43.0,True,True,,,,Sunday,,,F,,False,False,False,,B,PEDESTRIAN,,1.0,0.0,RAINING,, NO UNUSUAL CONDITIONS - NO UNUSUAL CONDITIONS,, ,C,DARK-STREET LIGHTS,,,,,,,D,CROSSING - NOT IN CROSSWALK,,A,22350,,1.0,W SAN FERNANDO ,DE,,,B,S,33.0,S MARKET ST,F,,,11/21/2024 12:19:17 PM,1/28/2025 11:09:01 AM,,,2,,,,,,,
4478791,2024-242510250,3,False,4313,9/7/2024 7:48:00 AM,748,R5,1368.0,4313.0,San Jose,43.0,True,True,B,SIDE SWIPE,,Saturday,,,,,False,False,True,,C,OTHER MOTOR VEHICLE,,3.0,0.0,CLEAR,, NO UNUSUAL CONDITIONS - NO UNUSUAL CONDITIONS,, ,B,DUSK-DAWN,,,,,,,A,NO PEDESTRIANS INVOLVED,,A,21453A,,1.0,BERRYESSA RD,ROBER,,,A,,,BERRYESSA STATION WY,,,A,11/21/2024 12:09:17 PM,7/18/2025 10:13:27 AM,,,2,,,,,,,
4478730,9340-2024-04935,1,False,9340,11/13/2024 10:28:00 AM,1028,110,1368.0,4313.0,San Jose,43.0,True,True,C,REAR END,,Wednesday,NotApplicable,False,,,False,True,False,SANTA CLARA SUPERIOR COURT HALL OF JUSTICE,C,OTHER MOTOR VEHICLE,,0.0,0.0,CLOUDY,, NO UNUSUAL CONDITIONS,, ,A,DAYLIGHT,37.304032,-121.815923,,,,,A,NO PEDESTRIANS INVOLVED,11/13/2024 10:28:00 AM,A,VC 22350,False,1.0,US-101 N/B FROM CAPITOL EXPY. W/B,,,11/21/2024 11:24:57 AM,A,N,50.0,CAPITOL EXPY.,F,,D,11/21/2024 11:25:00 AM,11/21/2024 11:25:00 AM,False,True,4,,11/13/2024 10:35:00 AM,1035,False,,,True
4478699,2024-243090753,2,False,4313,11/3/2024 8:30:00 AM,830,R3,1368.0,4313.0,San Jose,43.0,True,True,G,VEHICLE/PEDESTRAIN,,Sunday,,,F,,False,False,False,,B,PEDESTRIAN,,1.0,0.0,CLEAR,, NO UNUSUAL CONDITIONS - NO UNUSUAL CONDITIONS,, ,A,DAYLIGHT,,,,,,,B,CROSSING IN CROSS WALK AT INTERSECTION,,A,21950A,,1.0,4TH ST,ROBER,,,A,,,ROSEMARY ST,,,D,11/21/2024 11:09:18 AM,1/28/2025 12:07:54 PM,,,2,,,,,,,
4478622,2024-242180494,4,False,4313,8/5/2024 1:46:00 PM,1346,4,1368.0,4313.0,San Jose,43.0,True,True,G,VEHICLE/PEDESTRAIN,,Monday,,,F,,False,False,False,,B,PEDESTRIAN,,1.0,0.0,CLEAR,, NO UNUSUAL CONDITIONS - NO UNUSUAL CONDITIONS,, ,A,DAYLIGHT,,,,,,,F,NOT IN ROAD,,A,21804A,,1.0,BERRYESSA RD,ROBER,,,A,,,E HEDDING ST,,,D,11/21/2024 10:34:17 AM,7/18/2025 10:12:56 AM,,,2,,,,,,,
4478145,9340-2024-04842,1,False,9340,11/8/2024 1:50:00 PM,1350,087,1368.0,4313.0,San Jose,43.0,True,True,B,SIDE SWIPE,,Friday,NotApplicable,False,M,,False,True,False,SANTA CLARA SUPERIOR COURT HALL OF JUSTICE,C,OTHER MOTOR VEHICLE,,0.0,0.0,CLEAR,, NO UNUSUAL CONDITIONS,, ,A,DAYLIGHT,37.370891,-121.927106,,,,,A,NO PEDESTRIANS INVOLVED,11/8/2024 1:50:00 PM,A,VC 22350,False,1.0,SR-87 S/B FROM CHARCOT AVENUE,,,11/21/2024 7:12:48 AM,A,S,1016.0,US-101,F,,D,11/21/2024 7:12:53 AM,11/21/2024 7:12:53 AM,False,True,4,,11/8/2024 2:00:00 PM,1400,False,,,True
4478118,9340-2024-04837,1,False,9340,11/8/2024 11:09:00 AM,1109,087,1368.0,4313.0,San Jose,43.0,True,True,B,SIDE SWIPE,,Friday,NotApplicable,False,,,False,True,False,SANTA CLARA SUPERIOR COURT HALL OF JUSTICE,C,OTHER MOTOR VEHICLE,,1.0,0.0,CLEAR,, NO UNUSUAL CONDITIONS,, ,A,DAYLIGHT,37.301483,-121.876375,,,,,A,NO PEDESTRIANS INVOLVED,11/8/2024 11:09:00 AM,A,VC 22107,False,1.0,SR-87 N/B,,,11/21/2024 7:00:29 AM,A,S,120.0,ALMADEN EXPY,F,,D,11/21/2024 7:00:31 AM,11/21/2024 7:00:31 AM,False,True,4,,11/8/2024 11:10:00 AM,1110,False,,,True
4478110,9340-2024-04841,1,False,9340,11/8/2024 11:30:00 AM,1130,087,1368.0,4313.0,San Jose,43.0,True,True,C,REAR END,,Friday,NotApplicable,False,,,False,True,False,SANTA CLARA SUPERIOR COURT HALL OF JUSTICE,C,OTHER MOTOR VEHICLE,,0.0,0.0,CLEAR,, NO UNUSUAL CONDITIONS,, ,A,DAYLIGHT,37.287504,-121.869461,,,,,A,NO PEDESTRIANS INVOLVED,11/8/2024 11:30:00 AM,A,VC 22350,False,1.0,SR-87 N/B,,,11/21/2024 6:54:56 AM,A,S,963.0,CAROL DR,F,,D,11/21/2024 6:54:58 AM,11/21/2024 6:54:58 AM,False,True,4,,11/8/2024 11:44:00 AM,1144,False,,,True
4478091,9340-2024-04840,1,False,9340,11/8/2024 8:45:00 AM,845,282,1368.0,4313.0,San Jose,43.0,True,True,C,REAR END,,Friday,Yes,False,,,False,True,False,SANTA CLARA SUPERIOR COURT HALL OF JUSTICE,C,OTHER MOTOR VEHICLE,,1.0,0.0,CLEAR,, OBSTRUCTION ON ROADWAY*,, ,A,DAYLIGHT,37.317903,-121.986141,,,,,A,NO PEDESTRIANS INVOLVED,11/8/2024 8:45:00 AM,A,VC 22350,False,1.0,I-280 S/B,,,11/21/2024 6:49:07 AM,A,N,3178.0,SARATOGA AVE,F,,D,11/21/2024 6:49:11 AM,11/21/2024 6:49:11 AM,False,True,4,,11/8/2024 8:48:00 AM,0848,True,AREA PHOTO FILE,,True
4478077,9340-2024-04834,1,False,9340,11/8/2024 2:50:00 AM,250,088,1368.0,4313.0,San Jose,43.0,True,True,E,HIT OBJECT,,Friday,Yes,False,,,False,True,False,SANTA CLARA SUPERIOR COURT HALL OF JUSTICE,I,FIXED OBJECT,CONCRETE BARRIER,2.0,0.0,CLEAR,, NO UNUSUAL CONDITIONS,, ,C,DARK-STREET LIGHTS,37.335277,-121.935874,,,,,A,NO PEDESTRIANS INVOLVED,11/8/2024 2:50:00 AM,A,VC 23152(a),True,1.0,I-800 S/B TO BASCOM AVE.,,,11/21/2024 6:42:15 AM,A,N,280.0,BASCOM AVE,F,,D,11/21/2024 6:42:18 AM,11/21/2024 6:42:18 AM,False,True,4,,11/8/2024 2:55:00 AM,0255,False,,,False
4477646,2024-242480945,2,False,4313,9/4/2024 9:21:00 PM,2121,4,1368.0,4313.0,San Jose,43.0,True,True,D,BROADSIDE,,Wednesday,,,,,False,False,True,,C,OTHER MOTOR VEHICLE,,5.0,0.0,CLEAR,, NO UNUSUAL CONDITIONS - NO UNUSUAL CONDITIONS,, ,C,DARK-STREET LIGHTS,,,,,,,A,NO PEDESTRIANS INVOLVED,,A,21800A,,1.0,S 10TH ST,LINCO,,,A,,,PARROTT ST,,,A,11/20/2024 4:44:05 PM,1/28/2025 11:53:13 AM,,,2,,,,,,,
4477624,2024-242560700,2,False,4313,9/12/2024 5:25:00 PM,1725,S4,1368.0,4313.0,San Jose,43.0,True,True,D,BROADSIDE,,Thursday,,,,,False,False,False,,C,OTHER MOTOR VEHICLE,,2.0,0.0,CLEAR,, NO UNUSUAL CONDITIONS - NO UNUSUAL CONDITIONS,, ,A,DAYLIGHT,37.181457,-121.525057,,,,,A,NO PEDESTRIANS INVOLVED,,A,22105,,1.0,WILLOW GLEN WY,SAM,,,A,,,GUADALUPE AV,,,A,11/20/2024 4:09:05 PM,1/28/2025 11:53:13 AM,,,2,,,,,,,
4477618,2024-242620575,3,False,4313,9/18/2024 2:51:00 PM,1451,4,1368.0,4313.0,San Jose,43.0,True,True,D,BROADSIDE,,Wednesday,,,,,False,False,True,,C,OTHER MOTOR VEHICLE,,2.0,0.0,CLEAR,, NO UNUSUAL CONDITIONS - NO UNUSUAL CONDITIONS,, ,A,DAYLIGHT,,,,,,,A,NO PEDESTRIANS INVOLVED,,A,21801A,,1.0,MERIDIAN AV,SAM,,,A,,,DE ANZA WY,,,D,11/20/2024 4:04:05 PM,7/18/2025 10:13:11 AM,,,2,,,,,,,