Collision Id,	Report Number,	Report Version,	Is Preliminary,	NCIC Code,Crash Date Time,	Crash Time Description,	Beat,City Id,	City Code,	City Name,County Code,	City Is Active,	City Is Incorporated,	Collision Type Code,Collision Type Description,	Collision Type Other Desc,	Day Of Week,	DispatchNotified,	HasPhotographs,	HitRun,	IsAttachmentsMailed,	IsDeleted,	IsHighwayRelated,	IsTowAway,	JudicialDistrict,	MotorVehicleInvolvedWithCode,	MotorVehicleInvolvedWithDesc,MotorVehicleInvolvedWithOtherDesc,	NumberInjured,	NumberKilled,Weather 1, Weather 2, Road Condition 1, Road Condition 2, Special Condition,LightingCode, LightingDescription,Latitude,Longitude,MilepostDirection,MilepostDistance,MilepostMarker,MilepostUnitOfMeasure,	PedestrianActionCode,PedestrianActionDesc,PreparedDate,	Primary Collision Factor Code,Primary Collision Factor Violation,PrimaryCollisionFactorIsCited,	PrimaryCollisionPartyNumber,	PrimaryRoad,	ReportingDistrict,	ReportingDistrictCode,ReviewedDate,	RoadwaySurfaceCode,SecondaryDirection,	SecondaryDistance,	SecondaryRoad,	SecondaryUnitOfMeasure,	SketchDesc,	TrafficControlDeviceCode,CreatedDate,	ModifiedDate,IsCountyRoad,IsFreeway,CHP555Version,	IsAdditonalObjectStruck,NotificationDate,	NotificationTimeDescription,	HasDigitalMediaFiles,	EvidenceNumber,	IsLocationReferToNarrative,	IsAOIOneSameAsLocation
4486084,9340-2024-05012,1,False,9340,11/18/2024 6:20:00 AM,620,120,1368.0,4313.0,San Jose,43.0,True,True,B,SIDE SWIPE,,Monday,Yes,False,,,False,True,False,SANTA CLARA SUPERIOR COURT HALL OF JUSTICE,C,OTHER MOTOR VEHICLE,,2.0,0.0,CLEAR,, NO UNUSUAL CONDITIONS,, ,A,DAYLIGHT,37.373386,-121.925821,,,,,A,NO PEDESTRIANS INVOLVED,11/18/2024 6:20:00 AM,A,VC 22107,False,1.0,US-101 N/B,,,11/27/2024 10:57:04 AM,A,N,1882.0,BROKAW RD.,F,,D,11/27/2024 10:57:09 AM,11/27/2024 10:57:09 AM,False,True,4,,11/18/2024 6:25:00 AM,0625,False,,,True
4486011,9340-2024-05043,1,False,9340,11/20/2024 6:30:00 PM,1830,087,1368.0,4313.0,San Jose,43.0,True,True,C,REAR END,,Wednesday,NotApplicable,False,,,False,True,False,SANTA CLARA SUPERIOR COURT HALL OF JUSTICE,C,OTHER MOTOR VEHICLE,,1.0,0.0,CLEAR,, NO UNUSUAL CONDITIONS,, ,D,DARK-NO STREET LIGHTS,37.332194,-121.896275,,,,,A,NO PEDESTRIANS INVOLVED,11/20/2024 6:30:00 PM,A,VC 22350,False,1.0,SR-87 N/B TO SANTA CLARA ST,,,11/27/2024 10:32:03 AM,A,S,386.0,SANTA CLARA ST,F,,A,11/27/2024 10:32:05 AM,11/27/2024 10:32:05 AM,False,True,4,,11/20/2024 6:35:00 PM,1835,False,,,True
4485667,9340-2024-04968,1,False,9340,11/15/2024 2:00:00 PM,1400,110,1368.0,4313.0,San Jose,43.0,True,True,B,SIDE SWIPE,,Friday,NotApplicable,False,,,False,True,False,SANTA CLARA SUPERIOR COURT HALL OF JUSTICE,C,OTHER MOTOR VEHICLE,,0.0,0.0,CLEAR,, NO UNUSUAL CONDITIONS,, ,A,DAYLIGHT,37.304093,-121.815982,,,,,A,NO PEDESTRIANS INVOLVED,11/15/2024 2:00:00 PM,A,VC 22107,False,1.0,US-101 N/B FROM CAPITOL EXPRESSWAY W/B,,,11/27/2024 8:19:24 AM,A,N,65.0,CAPITOL EXPRESSWAY,F,,D,11/27/2024 8:19:26 AM,11/27/2024 8:19:26 AM,False,True,4,,11/15/2024 2:10:00 PM,1410,False,,,True
4485478,9340-2024-04964,1,False,9340,11/15/2024 2:40:00 PM,1440,088,1368.0,4313.0,San Jose,43.0,True,True,B,SIDE SWIPE,,Friday,NotApplicable,False,M,,False,True,False,SANTA CLARA SUPERIOR COURT HALL OF JUSTICE,C,OTHER MOTOR VEHICLE,,0.0,0.0,CLEAR,, NO UNUSUAL CONDITIONS,, ,A,DAYLIGHT,37.327932,-121.940986,,,,,A,NO PEDESTRIANS INVOLVED,11/15/2024 2:40:00 PM,A,VC 22107,False,1.0,I-880 S/B ,,,11/27/2024 6:45:41 AM,A,N,243.0,FOREST AVE,F,,D,11/27/2024 6:45:43 AM,11/27/2024 6:45:43 AM,False,True,4,,11/15/2024 2:43:00 PM,1443,False,,,True
4485476,9340-2024-04963,1,False,9340,11/15/2024 2:10:00 PM,1410,088,1368.0,4313.0,San Jose,43.0,True,True,B,SIDE SWIPE,,Friday,NotApplicable,False,,,False,True,False,SANTA CLARA SUPERIOR COURT HALL OF JUSTICE,C,OTHER MOTOR VEHICLE,,0.0,0.0,CLEAR,, NO UNUSUAL CONDITIONS,, ,A,DAYLIGHT,37.364529,-121.90188,,,,,A,NO PEDESTRIANS INVOLVED,11/15/2024 2:10:00 PM,A,VC 21658(A),False,1.0,I-880 S/B,,,11/27/2024 6:43:52 AM,A,N,2630.0,FIRST ST,F,,D,11/27/2024 6:43:54 AM,11/27/2024 6:43:54 AM,False,True,4,,11/15/2024 2:20:00 PM,1420,False,,,True
4485473,9340-2024-04966,1,False,9340,11/15/2024 2:00:00 PM,1400,681,1368.0,4313.0,San Jose,43.0,True,True,E,HIT OBJECT,,Friday,NotApplicable,False,,,False,True,False,SANTA CLARA SUPERIOR COURT HALL OF JUSTICE,I,FIXED OBJECT,BRUSH,0.0,0.0,CLEAR,, NO UNUSUAL CONDITIONS,, ,A,DAYLIGHT,37.349009,-121.839116,,,,,A,NO PEDESTRIANS INVOLVED,11/15/2024 2:00:00 PM,A,VC 22107,False,1.0,I-680 N/B ,,,11/27/2024 6:42:15 AM,A,S,1035.0,JACKSON AVE.,F,,D,11/27/2024 6:42:17 AM,11/27/2024 6:42:17 AM,False,True,4,,11/15/2024 2:05:00 PM,1405,False,,,False
4485462,9340-2024-04960,1,False,9340,11/15/2024 5:40:00 AM,540,281,1368.0,4313.0,San Jose,43.0,True,True,B,SIDE SWIPE,,Friday,NotApplicable,False,,,False,True,True,SANTA CLARA SUPERIOR COURT HALL OF JUSTICE,C,OTHER MOTOR VEHICLE,,0.0,0.0,CLEAR,, NO UNUSUAL CONDITIONS,, ,D,DARK-NO STREET LIGHTS,37.319972,-121.901488,,,,,A,NO PEDESTRIANS INVOLVED,11/15/2024 5:40:00 AM,A,VC 22107,False,1.0,I-280 N/B,,,11/27/2024 6:34:22 AM,A,N,1540.0,BIRD AVE,F,,D,11/27/2024 6:34:24 AM,11/27/2024 6:34:24 AM,False,True,4,True,11/15/2024 5:45:00 AM,0545,False,,,True
4485460,9340-2024-04950,1,False,9340,11/14/2024 6:10:00 PM,1810,281,1368.0,4313.0,San Jose,43.0,True,True,C,REAR END,,Thursday,NotApplicable,False,,,False,True,False,SANTA CLARA SUPERIOR COURT HALL OF JUSTICE,C,OTHER MOTOR VEHICLE,,0.0,0.0,CLOUDY,, NO UNUSUAL CONDITIONS,, ,C,DARK-STREET LIGHTS,37.32536,-121.884723,,,,,A,NO PEDESTRIANS INVOLVED,11/14/2024 6:10:00 PM,A,VC 22350,False,1.0,I-280 S/B,,,11/27/2024 6:32:15 AM,A,N,518.0,FIRST ST,F,,D,11/27/2024 6:32:18 AM,11/27/2024 6:32:18 AM,False,True,4,,11/14/2024 6:20:00 PM,1820,False,,,True
4485444,9340-2024-05027,1,False,9340,11/19/2024 4:50:00 PM,1650,110,1368.0,4313.0,San Jose,43.0,True,True,B,SIDE SWIPE,,Tuesday,NotApplicable,False,M,,False,True,False,SANTA CLARA SUPERIOR COURT HALL OF JUSTICE,C,OTHER MOTOR VEHICLE,,0.0,0.0,CLEAR,, NO UNUSUAL CONDITIONS,, ,B,DUSK-DAWN,37.3628,-121.888176,,,,,A,NO PEDESTRIANS INVOLVED,11/19/2024 4:50:00 PM,A,VC 21658(a),False,1.0,US-101 N/B,,,11/27/2024 6:20:54 AM,A,N,643.0,HEDDING ST,F,,D,11/27/2024 6:20:58 AM,11/27/2024 6:20:58 AM,False,True,4,,11/19/2024 5:00:00 PM,1700,False,,,True
4485443,9340-2024-05032,1,False,9340,11/19/2024 11:55:00 AM,1155,088,1368.0,4313.0,San Jose,43.0,True,True,B,SIDE SWIPE,,Tuesday,NotApplicable,False,,,False,True,False,SANTA CLARA SUPERIOR COURT HALL OF JUSTICE,C,OTHER MOTOR VEHICLE,,1.0,0.0,CLEAR,, NO UNUSUAL CONDITIONS,, ,A,DAYLIGHT,37.340227,-121.928896,,,,,A,NO PEDESTRIANS INVOLVED,11/19/2024 11:55:00 AM,A,VC 21658(A),False,1.0,I-880 N/B,,,11/27/2024 6:18:49 AM,A,S,1195.0,THE ALAMEDA,F,,D,11/27/2024 6:18:51 AM,11/27/2024 6:18:51 AM,False,True,4,,11/19/2024 12:00:00 PM,1200,False,,False,True
4505939,9340-2024-05279,1,False,9340,12/5/2024 4:40:00 PM,1640,088,1368.0,4313.0,San Jose,43.0,True,True,C,REAR END,,Thursday,NotApplicable,False,,,False,True,False,SANTA CLARA SUPERIOR COURT HALL OF JUSTICE,C,OTHER MOTOR VEHICLE,,1.0,0.0,CLEAR,, NO UNUSUAL CONDITIONS,, ,B,DUSK-DAWN,37.332565,-121.938836,,,,,A,NO PEDESTRIANS INVOLVED,12/5/2024 4:40:00 PM,A,VC 22350,False,1.0,I-880 N/B,,,12/16/2024 2:27:33 PM,A,S,900.0,BASCOM AVE,F,,D,12/16/2024 2:27:35 PM,12/16/2024 2:27:35 PM,False,True,4,,12/5/2024 4:50:00 PM,1650,False,,,True
4505889,9340-2024-05228,1,False,9340,12/1/2024 9:45:00 PM,2145,282,1368.0,4313.0,San Jose,43.0,True,True,E,HIT OBJECT,,Sunday,NotApplicable,False,,,False,True,False,SANTA CLARA SUPERIOR COURT HALL OF JUSTICE,J,OTHER OBJECT,WHEEL RIM,0.0,0.0,CLEAR,, NO UNUSUAL CONDITIONS,, ,D,DARK-NO STREET LIGHTS,37.316677,-121.973668,,,,,A,NO PEDESTRIANS INVOLVED,12/1/2024 9:45:00 PM,A,VC 22350,False,1.0,I-280 S/B,,,12/16/2024 2:04:11 PM,A,S,375.0,SARATOGA AVENUE,F,,D,12/16/2024 2:04:13 PM,12/16/2024 2:04:13 PM,False,True,4,,12/1/2024 9:50:00 PM,2150,False,,,True
4505886,9340-2024-05201,1,False,9340,12/1/2024 9:20:00 PM,2120,281,1368.0,4313.0,San Jose,43.0,True,True,B,SIDE SWIPE,,Sunday,Yes,False,M,,False,True,False,SANTA CLARA SUPERIOR COURT HALL OF JUSTICE,C,OTHER MOTOR VEHICLE,,1.0,0.0,CLEAR,, NO UNUSUAL CONDITIONS,, ,D,DARK-NO STREET LIGHTS,37.337818,-121.854144,,,,,A,NO PEDESTRIANS INVOLVED,12/1/2024 9:20:00 PM,A,VC 22107,False,1.0,I-280 S/B TO US-101 S/B,,,12/16/2024 2:03:39 PM,A,S,1000.0,MCLAUGHLIN AVE,F,,D,12/16/2024 2:03:42 PM,12/16/2024 2:03:42 PM,False,True,4,True,12/1/2024 9:20:00 PM,2120,False,,,True
4505876,9340-2024-05198,1,False,9340,12/1/2024 5:35:00 PM,1735,281,1368.0,4313.0,San Jose,43.0,True,True,E,HIT OBJECT,,Sunday,Yes,False,,,False,True,True,SANTA CLARA SUPERIOR COURT HALL OF JUSTICE,I,FIXED OBJECT,SIGN POST,2.0,0.0,CLEAR,, NO UNUSUAL CONDITIONS,, ,A,DAYLIGHT,37.333173,-121.86205,,,,,A,NO PEDESTRIANS INVOLVED,12/1/2024 5:35:00 PM,A,VC 22107,False,1.0,I-280 S/B,,,12/16/2024 1:58:52 PM,A,N,1750.0,MCLAUGHLIN AVE,F,,D,12/16/2024 1:58:56 PM,12/16/2024 1:58:56 PM,False,True,4,True,12/1/2024 5:40:00 PM,1740,True,EMBEDDED,,
4505807,9340-2024-05263,1,False,9340,12/4/2024 6:40:00 PM,1840,089,1368.0,4313.0,San Jose,43.0,True,True,C,REAR END,,Wednesday,NotApplicable,False,,,False,True,False,SANTA CLARA SUPERIOR COURT HALL OF JUSTICE,C,OTHER MOTOR VEHICLE,,1.0,0.0,CLEAR,, NO UNUSUAL CONDITIONS,, ,D,DARK-NO STREET LIGHTS,37.373007,-121.902382,,,,,A,NO PEDESTRIANS INVOLVED,12/4/2024 6:40:00 PM,A,VC 21703,True,1.0,I-880 S/B,,,12/16/2024 1:29:00 PM,A,N,2054.0,OLD BAYSHORE HWY,F,,D,12/16/2024 1:29:04 PM,12/16/2024 1:29:04 PM,False,True,4,,12/4/2024 6:45:00 PM,1845,False,,,True
4505674,2024-243100680,3,False,4313,11/5/2024 6:05:00 PM,1805,S3,1368.0,4313.0,San Jose,43.0,True,True,C,REAR END,,Tuesday,,,M,,False,True,False,,C,OTHER MOTOR VEHICLE,,0.0,0.0,CLEAR,, ,, ,A,DAYLIGHT,,,,,,,A,NO PEDESTRIANS INVOLVED,,A,22350,,1.0,BIRD AV,WESTE,,,A,,,RT 280,,,A,12/16/2024 12:45:09 PM,1/28/2025 12:07:46 PM,,,2,,,,,,,
4505589,9340-2024-05303,1,False,9340,12/8/2024 2:10:00 AM,210,110,1368.0,4313.0,San Jose,43.0,True,True,E,HIT OBJECT,,Sunday,NotApplicable,False,,,False,True,False,SANTA CLARA SUPERIOR COURT HALL OF JUSTICE,I,FIXED OBJECT,GUARDRAIL,0.0,0.0,CLEAR,, NO UNUSUAL CONDITIONS,, ,D,DARK-NO STREET LIGHTS,37.264459,-121.801401,,,,,A,NO PEDESTRIANS INVOLVED,12/8/2024 2:10:00 AM,A,VC 22107,True,1.0,US-101 S/B,,,12/16/2024 12:09:38 PM,A,N,2656.0,BLOSSOM HILL RD,F,,D,12/16/2024 12:09:40 PM,12/16/2024 12:09:40 PM,False,True,4,,12/8/2024 2:14:00 AM,0214,False,,,False
4505545,9340-2024-05282,1,False,9340,12/5/2024 8:35:00 PM,2035,110,1368.0,4313.0,San Jose,43.0,True,True,B,SIDE SWIPE,,Thursday,NotApplicable,False,,,False,True,False,SANTA CLARA SUPERIOR COURT HALL OF JUSTICE,C,OTHER MOTOR VEHICLE,,0.0,0.0,CLEAR,, NO UNUSUAL CONDITIONS,, ,C,DARK-STREET LIGHTS,37.304103,-121.816018,,,,,A,NO PEDESTRIANS INVOLVED,12/5/2024 8:35:00 PM,A,VC 22107,False,1.0,US-101 N/B FROM CAPITOL EXPRESSWAY,,,12/16/2024 11:47:09 AM,A,N,90.0,CAPITOL EXPY,F,,D,12/16/2024 11:47:12 AM,12/16/2024 11:47:12 AM,False,True,4,,12/5/2024 8:40:00 PM,2040,True,EMBEDDED,,True
4505524,9340-2024-05269,1,False,9340,12/5/2024 8:00:00 AM,800,281,1368.0,4313.0,San Jose,43.0,True,True,B,SIDE SWIPE,,Thursday,NotApplicable,False,M,,False,True,True,SANTA CLARA SUPERIOR COURT HALL OF JUSTICE,C,OTHER MOTOR VEHICLE,,1.0,0.0,CLEAR,, NO UNUSUAL CONDITIONS,, ,A,DAYLIGHT,37.338231,-121.85448,,,,,A,NO PEDESTRIANS INVOLVED,12/5/2024 8:00:00 AM,A,VC 22107,False,2.0,I-280 N/B,,,12/16/2024 11:38:42 AM,A,N,805.0,US-101,F,,D,12/16/2024 11:38:45 AM,12/16/2024 11:38:45 AM,False,True,4,,12/5/2024 8:10:00 AM,0810,False,,,True
4505508,9340-2024-05270,1,False,9340,12/4/2024 7:10:00 PM,1910,083,1368.0,4313.0,San Jose,43.0,True,True,C,REAR END,,Wednesday,NotApplicable,False,,,False,True,True,SANTA CLARA SUPERIOR COURT HALL OF JUSTICE,C,OTHER MOTOR VEHICLE,,0.0,0.0,CLEAR,, NO UNUSUAL CONDITIONS,, ,D,DARK-NO STREET LIGHTS,37.258396,-121.858671,,,,,A,NO PEDESTRIANS INVOLVED,12/4/2024 7:10:00 PM,A,VC 22350,False,1.0,SR-85 S/B TO SR-87 N/B,,,12/16/2024 11:33:11 AM,A,S,404.0,CHYNOWETH AVE,F,,D,12/16/2024 11:33:15 AM,12/16/2024 11:33:15 AM,False,True,4,,12/4/2024 7:20:00 PM,1920,False,,,True
4505103,9340-2024-05290,1,False,9340,12/6/2024 9:35:00 AM,935,281,1368.0,4313.0,San Jose,43.0,True,True,C,REAR END,,Friday,NotApplicable,False,,,False,True,False,SANTA CLARA SUPERIOR COURT HALL OF JUSTICE,C,OTHER MOTOR VEHICLE,,0.0,0.0,CLEAR,, NO UNUSUAL CONDITIONS,, ,A,DAYLIGHT,37.317948,-121.903646,,,,,A,NO PEDESTRIANS INVOLVED,12/6/2024 9:35:00 AM,A,VC 22350,False,1.0,I-280 N/B,,,12/16/2024 9:35:06 AM,A,S,1135.0,LINCOLN AVE,F,,D,12/16/2024 9:35:12 AM,12/16/2024 9:35:12 AM,False,True,4,,12/6/2024 9:45:00 AM,0945,False,,,True
4505088,9340-2024-05287,1,False,9340,12/6/2024 5:23:00 AM,523,120,1368.0,4313.0,San Jose,43.0,True,True,C,REAR END,,Friday,NotApplicable,False,,,False,True,True,SANTA CLARA SUPERIOR COURT HALL OF JUSTICE,C,OTHER MOTOR VEHICLE,,0.0,0.0,CLEAR,, NO UNUSUAL CONDITIONS,, ,D,DARK-NO STREET LIGHTS,37.363225,-121.892005,,,,,A,NO PEDESTRIANS INVOLVED,12/6/2024 5:23:00 AM,A,VC 22350,False,1.0,US-101 N/B,,,12/16/2024 9:32:43 AM,A,N,87.0,OAKLAND RD,F,,D,12/16/2024 9:32:47 AM,12/16/2024 9:32:47 AM,False,True,4,,12/6/2024 5:24:00 AM,0524,False,,,True
4505072,9340-2024-05317,1,False,9340,12/5/2024 8:45:00 PM,2045,088,1368.0,4313.0,San Jose,43.0,True,True,C,REAR END,,Thursday,NotApplicable,False,,,False,True,False,SANTA CLARA SUPERIOR COURT HALL OF JUSTICE,C,OTHER MOTOR VEHICLE,,0.0,0.0,CLEAR,, NO UNUSUAL CONDITIONS,, ,C,DARK-STREET LIGHTS,37.345743,-121.92276,,,,,A,NO PEDESTRIANS INVOLVED,12/5/2024 8:45:00 PM,A,VC 22350,False,1.0,I-880 S/B,,,12/16/2024 9:29:33 AM,A,N,0.27,THE ALAMEDA,M,,D,12/16/2024 9:29:38 AM,12/16/2024 9:29:38 AM,False,True,4,,12/5/2024 8:49:00 PM,2049,False,,,True
4504903,9340-2024-05329,1,False,9340,12/4/2024 8:10:00 AM,810,083,1368.0,4313.0,San Jose,43.0,True,True,C,REAR END,,Wednesday,NotApplicable,False,,,False,True,False,SANTA CLARA SUPERIOR COURT HALL OF JUSTICE,C,OTHER MOTOR VEHICLE,,1.0,0.0,CLEAR,, NO UNUSUAL CONDITIONS,, ,A,DAYLIGHT,37.25316,-121.94316,,,,,A,NO PEDESTRIANS INVOLVED,12/4/2024 8:10:00 AM,A,VC 22350,False,1.0,SR-85 N/B,,,12/16/2024 8:27:00 AM,A,S,2320.0,BASCOM AVE,F,,D,12/16/2024 8:27:04 AM,12/16/2024 8:27:04 AM,False,True,4,,12/4/2024 8:14:00 AM,0814,False,,,True
4504894,9340-2024-05261,1,False,9340,12/4/2024 5:50:00 PM,1750,087,1368.0,4313.0,San Jose,43.0,True,True,B,SIDE SWIPE,,Wednesday,NotApplicable,False,,,False,True,False,SANTA CLARA SUPERIOR COURT HALL OF JUSTICE,C,OTHER MOTOR VEHICLE,,0.0,0.0,CLEAR,, NO UNUSUAL CONDITIONS,, ,C,DARK-STREET LIGHTS,37.27044,-121.86095,,,,,A,NO PEDESTRIANS INVOLVED,12/4/2024 5:50:00 PM,A,VC 21658(A),False,1.0,SR-87 N/B,,,12/16/2024 8:20:58 AM,A,S,1490.0,CAPITOL EXPY,F,,D,12/16/2024 8:21:01 AM,12/16/2024 8:21:01 AM,False,True,4,,12/4/2024 5:55:00 PM,1755,False,,,True
4504779,9340-2024-05259,1,False,9340,12/4/2024 5:50:00 PM,1750,088,1368.0,4313.0,San Jose,43.0,True,True,C,REAR END,,Wednesday,NotApplicable,False,,,False,True,False,SANTA CLARA SUPERIOR COURT HALL OF JUSTICE,C,OTHER MOTOR VEHICLE,,1.0,0.0,CLEAR,, NO UNUSUAL CONDITIONS,, ,C,DARK-STREET LIGHTS,37.328342,-121.940803,,,,,A,NO PEDESTRIANS INVOLVED,12/4/2024 5:50:00 PM,A,VC 22350,False,1.0,I-880 N/B,,,12/16/2024 7:20:57 AM,A,N,1830.0,STEVENS CREEK BLVD,F,,D,12/16/2024 7:21:01 AM,12/16/2024 7:21:01 AM,False,True,4,,12/4/2024 5:55:00 PM,1755,False,,,True
4504774,9340-2024-05249,1,False,9340,12/4/2024 12:00:00 AM,920,088,1368.0,4313.0,San Jose,43.0,True,True,B,SIDE SWIPE,,Wednesday,NotApplicable,False,M,,False,True,True,SANTA CLARA SUPERIOR COURT HALL OF JUSTICE,A,NON-COLLISION,,0.0,0.0,CLEAR,, NO UNUSUAL CONDITIONS,, ,A,DAYLIGHT,37.34277,-121.925669,,,,,A,NO PEDESTRIANS INVOLVED,12/4/2024 12:00:00 AM,A,VC 21658(A),False,1.0,I-880 N/B,,,12/16/2024 7:18:37 AM,A,N,29.0,THE ALAMEDA,F,,D,12/16/2024 7:18:40 AM,12/16/2024 7:18:40 AM,False,True,4,,12/4/2024 12:00:00 AM,0925,False,,,True
4504745,9340-2024-05094,1,False,9340,11/22/2024 11:05:00 PM,2305,240,1368.0,4313.0,San Jose,43.0,True,True,E,HIT OBJECT,,Friday,NotApplicable,False,,,False,True,True,SANTA CLARA SUPERIOR COURT HALL OF JUSTICE,I,FIXED OBJECT,CONCRETE BARRIER,0.0,0.0,RAINING,, NO UNUSUAL CONDITIONS,, ,D,DARK-NO STREET LIGHTS,37.421578,-121.934102,,,,,A,NO PEDESTRIANS INVOLVED,11/22/2024 11:05:00 PM,A,VC 22350,False,1.0,SR-237 W/B,,,12/16/2024 6:58:09 AM,B,E,1709.0,ZANKER RD,F,,D,12/16/2024 6:58:12 AM,12/16/2024 6:58:12 AM,False,True,4,,11/22/2024 11:09:00 PM,2309,False,,,
4503875,9340-2024-05296,1,False,9340,12/7/2024 6:50:00 AM,650,087,1368.0,4313.0,San Jose,43.0,True,True,B,SIDE SWIPE,,Saturday,NotApplicable,False,,,False,True,True,SANTA CLARA SUPERIOR COURT HALL OF JUSTICE,I,FIXED OBJECT,METAL GUARDRAIL,1.0,0.0,CLEAR,, NO UNUSUAL CONDITIONS,, ,A,DAYLIGHT,37.273622,-121.86316,,,,,A,NO PEDESTRIANS INVOLVED,12/7/2024 6:50:00 AM,A,VC 22107,False,1.0,SR-87 S/B,,,12/13/2024 4:44:55 PM,A,S,300.0,W CAPITOL EXPRESSWAY UNDERCROSSING,F,,D,12/13/2024 4:44:58 PM,12/13/2024 4:44:58 PM,False,True,4,True,12/7/2024 7:00:00 AM,0700,True,EMBEDDED,,False
4503828,9330-2024-03405,1,False,9340,12/7/2024 12:55:00 AM,55,120,1368.0,4313.0,San Jose,43.0,True,True,E,HIT OBJECT,,Saturday,Yes,False,,,False,True,True,SANTA CLARA SUPERIOR COURT HALL OF JUSTICE,I,FIXED OBJECT,CHAIN LINK FENCE,1.0,0.0,CLEAR,, NO UNUSUAL CONDITIONS,, Courtesy Report,D,DARK-NO STREET LIGHTS,37.369459,-121.909536,,,,,A,NO PEDESTRIANS INVOLVED,12/7/2024 12:55:00 AM,A,VC 22107,False,1.0,US-101 N/B,,,12/13/2024 3:35:34 PM,A,S,0.5,E. BROKAW RD U/C,M,,D,12/13/2024 3:35:38 PM,12/13/2024 3:35:38 PM,False,True,4,True,12/7/2024 1:01:00 AM,0101,True,EMBEDDED,,False
4503811,9340-2024-05275,1,False,9340,12/5/2024 4:40:00 PM,1640,087,1368.0,4313.0,San Jose,43.0,True,True,C,REAR END,,Thursday,NotApplicable,False,,,False,True,False,SANTA CLARA SUPERIOR COURT HALL OF JUSTICE,C,OTHER MOTOR VEHICLE,,0.0,0.0,CLEAR,, NO UNUSUAL CONDITIONS,, ,A,DAYLIGHT,37.321351,-121.890527,,,,,A,NO PEDESTRIANS INVOLVED,12/5/2024 4:40:00 PM,A,VC 22350,False,1.0,SR-87 N/B,,,12/13/2024 3:21:48 PM,A,S,0.2,I-280,M,,D,12/13/2024 3:21:50 PM,12/13/2024 3:21:50 PM,False,True,4,,12/5/2024 4:45:00 PM,1645,False,,,True
4503807,9340-2024-05274,1,False,9340,12/5/2024 2:20:00 PM,1420,087,1368.0,4313.0,San Jose,43.0,True,True,C,REAR END,,Thursday,NotApplicable,False,M,,False,True,False,SANTA CLARA SUPERIOR COURT HALL OF JUSTICE,C,OTHER MOTOR VEHICLE,,0.0,0.0,CLEAR,, NO UNUSUAL CONDITIONS,, ,A,DAYLIGHT,37.278995,-121.864819,,,,,A,NO PEDESTRIANS INVOLVED,12/5/2024 2:20:00 PM,A,VC 22350,False,1.0,SR-87 S/B,,,12/13/2024 3:17:29 PM,A,N,0.3,CAPITOL EXPY,M,,D,12/13/2024 3:17:31 PM,12/13/2024 3:17:31 PM,False,True,4,,12/5/2024 2:49:00 PM,1449,False,,,True
4503795,9340-2024-05268,1,False,9340,12/5/2024 8:40:00 AM,840,282,1368.0,4313.0,San Jose,43.0,True,True,C,REAR END,,Thursday,NotApplicable,False,,,False,True,False,SANTA CLARA SUPERIOR COURT HALL OF JUSTICE,C,OTHER MOTOR VEHICLE,,0.0,0.0,CLEAR,, NO UNUSUAL CONDITIONS,, ,A,DAYLIGHT,37.316863,-121.950627,,,,,A,NO PEDESTRIANS INVOLVED,12/5/2024 8:40:00 AM,A,VC 22350,False,1.0,I-280 N/B,,,12/13/2024 3:05:50 PM,A,N,92.0,WINCHESTER BLVD,F,,D,12/13/2024 3:05:52 PM,12/13/2024 3:05:52 PM,False,True,4,,12/5/2024 8:45:00 AM,0845,False,,,True
4503782,9340-2024-05267,1,False,9340,12/5/2024 6:35:00 AM,635,087,1368.0,4313.0,San Jose,43.0,True,True,C,REAR END,,Thursday,NotApplicable,False,F,,False,True,True,SANTA CLARA SUPERIOR COURT HALL OF JUSTICE,C,OTHER MOTOR VEHICLE,,1.0,0.0,CLEAR,, NO UNUSUAL CONDITIONS,, ,B,DUSK-DAWN,37.372132,-121.927187,,,,,A,NO PEDESTRIANS INVOLVED,12/5/2024 6:35:00 AM,A,VC 22107,False,1.0,SR-87 N/B,,,12/13/2024 2:59:26 PM,A,S,496.0,US-101,F,,D,12/13/2024 2:59:29 PM,12/13/2024 2:59:29 PM,False,True,4,True,12/5/2024 6:40:00 AM,0640,False,,,True
4503773,9340-2024-05262,1,False,9340,12/4/2024 7:35:00 PM,1935,230,1368.0,4313.0,San Jose,43.0,True,True,C,REAR END,,Wednesday,NotApplicable,False,M,,False,True,False,SANTA CLARA SUPERIOR COURT HALL OF JUSTICE,C,OTHER MOTOR VEHICLE,,0.0,0.0,CLEAR,, NO UNUSUAL CONDITIONS,, ,D,DARK-NO STREET LIGHTS,37.419007,-121.961192,,,,,A,NO PEDESTRIANS INVOLVED,12/4/2024 7:35:00 PM,A,VC 22350,False,1.0,SR-237 E/B,,,12/13/2024 2:53:48 PM,A,W,500.0,N. 1ST ST,F,,D,12/13/2024 2:53:51 PM,12/13/2024 2:53:51 PM,False,True,4,,12/4/2024 7:48:00 PM,1948,False,,,True