Collision Id,	Report Number,	Report Version,	Is Preliminary,	NCIC Code,Crash Date Time,	Crash Time Description,	Beat,City Id,	City Code,	City Name,County Code,	City Is Active,	City Is Incorporated,	Collision Type Code,Collision Type Description,	Collision Type Other Desc,	Day Of Week,	DispatchNotified,	HasPhotographs,	HitRun,	IsAttachmentsMailed,	IsDeleted,	IsHighwayRelated,	IsTowAway,	JudicialDistrict,	MotorVehicleInvolvedWithCode,	MotorVehicleInvolvedWithDesc,MotorVehicleInvolvedWithOtherDesc,	NumberInjured,	NumberKilled,Weather 1, Weather 2, Road Condition 1, Road Condition 2, Special Condition,LightingCode, LightingDescription,Latitude,Longitude,MilepostDirection,MilepostDistance,MilepostMarker,MilepostUnitOfMeasure,	PedestrianActionCode,PedestrianActionDesc,PreparedDate,	Primary Collision Factor Code,Primary Collision Factor Violation,PrimaryCollisionFactorIsCited,	PrimaryCollisionPartyNumber,	PrimaryRoad,	ReportingDistrict,	ReportingDistrictCode,ReviewedDate,	RoadwaySurfaceCode,SecondaryDirection,	SecondaryDistance,	SecondaryRoad,	SecondaryUnitOfMeasure,	SketchDesc,	TrafficControlDeviceCode,CreatedDate,	ModifiedDate,IsCountyRoad,IsFreeway,CHP555Version,	IsAdditonalObjectStruck,NotificationDate,	NotificationTimeDescription,	HasDigitalMediaFiles,	EvidenceNumber,	IsLocationReferToNarrative,	IsAOIOneSameAsLocation
4500636,9340-2024-05202,1,False,9340,12/2/2024 6:40:00 AM,640,120,1368.0,4313.0,San Jose,43.0,True,True,B,SIDE SWIPE,,Monday,NotApplicable,False,,,False,True,False,SANTA CLARA SUPERIOR COURT HALL OF JUSTICE,C,OTHER MOTOR VEHICLE,,0.0,0.0,CLEAR,, NO UNUSUAL CONDITIONS,, ,B,DUSK-DAWN,37.363801,-121.898582,,,,,A,NO PEDESTRIANS INVOLVED,12/2/2024 6:40:00 AM,A,VC 21658(A),False,1.0,US-101 N/B,,,12/11/2024 2:16:20 PM,A,N,60.0,10TH STREET,F,,D,12/11/2024 2:16:22 PM,12/11/2024 2:16:22 PM,False,True,4,,12/2/2024 6:45:00 AM,0645,False,,,True
4500610,9340-2024-05176,1,False,9340,11/29/2024 11:30:00 AM,1130,083,1368.0,4313.0,San Jose,43.0,True,True,C,REAR END,,Friday,NotApplicable,False,,,False,True,True,SANTA CLARA SUPERIOR COURT HALL OF JUSTICE,C,OTHER MOTOR VEHICLE,,1.0,0.0,CLEAR,, NO UNUSUAL CONDITIONS,, ,A,DAYLIGHT,37.256165,-121.870978,,,,,A,NO PEDESTRIANS INVOLVED,11/29/2024 11:30:00 AM,A,VC 22350,False,1.0,SR-85 N/B,,,12/11/2024 2:04:55 PM,A,S,1352.0,ALMADEN EXPRESSWAY,F,,D,12/11/2024 2:04:57 PM,12/11/2024 2:04:57 PM,False,True,4,,11/29/2024 11:35:00 AM,1135,False,,,True
4500605,9340-2024-05167,1,False,9340,11/28/2024 4:50:00 PM,1650,120,1368.0,4313.0,San Jose,43.0,True,True,C,REAR END,,Thursday,NotApplicable,False,M,,False,True,False,SANTA CLARA SUPERIOR COURT HALL OF JUSTICE,C,OTHER MOTOR VEHICLE,,0.0,0.0,CLEAR,, NO UNUSUAL CONDITIONS,, ,B,DUSK-DAWN,37.363814,-121.898468,,,,,A,NO PEDESTRIANS INVOLVED,11/28/2024 4:50:00 PM,A,VC 22107,False,1.0,US101 N/B,,,12/11/2024 2:04:07 PM,A,N,53.0,10TH STREET,F,,D,12/11/2024 2:04:12 PM,12/11/2024 2:04:12 PM,False,True,4,,11/28/2024 4:55:00 PM,1655,False,,,True
4500385,9340-2024-05260,1,False,9340,12/4/2024 5:50:00 PM,1750,087,1368.0,4313.0,San Jose,43.0,True,True,C,REAR END,,Wednesday,NotApplicable,False,,,False,True,True,SANTA CLARA SUPERIOR COURT HALL OF JUSTICE,C,OTHER MOTOR VEHICLE,,1.0,0.0,CLEAR,, NO UNUSUAL CONDITIONS,, ,C,DARK-STREET LIGHTS,37.270568,-121.861025,,,,,A,NO PEDESTRIANS INVOLVED,12/4/2024 5:50:00 PM,A,VC 22350,False,1.0,SR-87 N/B,,,12/11/2024 12:37:13 PM,A,S,0.28,CAPITOL EXPY,M,,D,12/11/2024 12:37:16 PM,12/11/2024 12:37:16 PM,False,True,4,,12/4/2024 5:55:00 PM,1755,False,,,True
4500033,2024-243010799,2,False,4313,10/27/2024 7:27:00 PM,1927,S6,1368.0,4313.0,San Jose,43.0,True,True,G,VEHICLE/PEDESTRAIN,,Sunday,,,,,False,False,False,,B,PEDESTRIAN,,1.0,0.0,CLEAR,, NO UNUSUAL CONDITIONS - NO UNUSUAL CONDITIONS,, ,,,,,,,,,B,CROSSING IN CROSS WALK AT INTERSECTION,,A,22107,,1.0,MONTEREY RD,SAM,,,A,,,ALMA AV,,,,12/11/2024 9:54:43 AM,1/28/2025 12:07:36 PM,,,2,,,,,,,
4500023,2024-243080461,2,False,4313,11/3/2024 11:37:00 AM,1137,E3,1368.0,4313.0,San Jose,43.0,True,True,D,BROADSIDE,,Sunday,,,,,False,False,False,,G,BICYCLE,,1.0,0.0,CLEAR,, NO UNUSUAL CONDITIONS - NO UNUSUAL CONDITIONS,, ,A,DAYLIGHT,,,,,,,A,NO PEDESTRIANS INVOLVED,,A,21650,,1.0,S MARKET ST,EDWAR,,,A,,,W SAN FERNANDO ST,,,A,12/11/2024 9:49:43 AM,1/28/2025 12:07:32 PM,,,2,,,,,,,
4500005,2024-243130692,2,False,4313,11/8/2024 6:52:00 PM,1852,Y5,1368.0,4313.0,San Jose,43.0,True,True,H,OTHER,,Friday,,,,,False,False,True,,A,NON-COLLISION,,1.0,0.0,CLEAR,, NO UNUSUAL CONDITIONS - NO UNUSUAL CONDITIONS,, ,D,DARK-NO STREET LIGHTS,,,,,,,A,NO PEDESTRIANS INVOLVED,,A,22350,,1.0,BAILEY AV,YELLO,,,A,,,MCKEAN RD,,,D,12/11/2024 9:44:43 AM,1/28/2025 12:07:32 PM,,,2,,,,,,,
4500004,2024-243230027,2,False,4313,11/18/2024 12:40:00 AM,40,A4,1368.0,4313.0,San Jose,43.0,True,True,E,HIT OBJECT,,Monday,,,,,False,False,True,,I,FIXED OBJECT,,1.0,0.0,CLEAR,, NO UNUSUAL CONDITIONS - NO UNUSUAL CONDITIONS,, ,C,DARK-STREET LIGHTS,,,,,,,A,NO PEDESTRIANS INVOLVED,,A,23152A,,1.0,COLMAN RD W,ADAM,,,A,,,PORTO ALEGRE DR,,,,12/11/2024 9:44:43 AM,1/28/2025 12:07:32 PM,,,2,,,,,,,
4500001,2024-243230722,2,False,4313,11/18/2024 6:13:00 PM,1813,N6,1368.0,4313.0,San Jose,43.0,True,True,G,VEHICLE/PEDESTRAIN,,Monday,,,,,False,False,False,,B,PEDESTRIAN,,1.0,0.0,CLOUDY,, ,, ,C,DARK-STREET LIGHTS,,,,,,,C,CROSSING IN CROSS WALK - NOT AT INTERSECTION,,A,21950,,1.0,W CAMPBELL AV,DN,,,A,,,COLLEEN WY,,,D,12/11/2024 9:44:43 AM,1/28/2025 12:07:32 PM,,,2,,,,,,,
4499989,2024-243060506,2,False,4313,11/1/2024 2:25:00 PM,1425,T3,1368.0,4313.0,San Jose,43.0,True,True,D,BROADSIDE,,Friday,,,,,False,False,True,,C,OTHER MOTOR VEHICLE,,1.0,0.0,CLEAR,, NO UNUSUAL CONDITIONS - NO UNUSUAL CONDITIONS,, ,A,DAYLIGHT,37.175766,-121.53206,,,,,A,NO PEDESTRIANS INVOLVED,,A,22350A,,1.0,BIRD AV,SANJO,,,A,,,ARBOR DR,,,D,12/11/2024 9:39:42 AM,1/28/2025 12:07:32 PM,,,2,,,,,,,
4499987,2024-243139709,2,False,4313,11/8/2024 10:00:00 AM,1000,R3,1368.0,4313.0,San Jose,43.0,True,True,C,REAR END,,Friday,,,,,False,False,False,,C,OTHER MOTOR VEHICLE,,1.0,0.0,CLEAR,, NO UNUSUAL CONDITIONS - NO UNUSUAL CONDITIONS,, ,A,DAYLIGHT,,,,,,,A,NO PEDESTRIANS INVOLVED,,A,22350,,1.0,BAYPOINTE PKWY,,,,A,,,E TASMAN DR,,,A,12/11/2024 9:39:42 AM,1/28/2025 12:07:32 PM,,,2,,,,,,,
4499970,2024-243060234,2,False,4313,11/1/2024 8:32:00 AM,832,V4,1368.0,4313.0,San Jose,43.0,True,True,D,BROADSIDE,,Friday,,,,,False,False,False,,C,OTHER MOTOR VEHICLE,,1.0,0.0,CLEAR,, NO UNUSUAL CONDITIONS - NO UNUSUAL CONDITIONS,, ,A,DAYLIGHT,,,,,,,A,NO PEDESTRIANS INVOLVED,,A,21801A,,1.0,E REED ST,VICTO,,,A,,,N 14TH ST,,,A,12/11/2024 9:34:42 AM,1/28/2025 12:07:32 PM,,,2,,,,,,,
4499969,2024-243180528,2,False,4313,11/13/2024 3:02:00 PM,1502,1,1368.0,4313.0,San Jose,43.0,True,True,B,SIDE SWIPE,,Wednesday,,,,,False,False,False,,C,OTHER MOTOR VEHICLE,,2.0,0.0,CLOUDY,, NO UNUSUAL CONDITIONS - NO UNUSUAL CONDITIONS,, ,A,DAYLIGHT,,,,,,,A,NO PEDESTRIANS INVOLVED,,A,22107,,1.0,3RD ST,LINCO,,,A,N,12.0,VIRGINIA ST,F,,D,12/11/2024 9:34:42 AM,1/28/2025 12:07:32 PM,,,2,,,,,,,
4499967,2024-243100649,2,False,4313,11/5/2024 5:47:00 PM,1747,C3,1368.0,4313.0,San Jose,43.0,True,True,D,BROADSIDE,,Tuesday,,,,,False,False,False,,B,PEDESTRIAN,,1.0,0.0,CLEAR,, ,, ,C,DARK-STREET LIGHTS,,,,,,,B,CROSSING IN CROSS WALK AT INTERSECTION,,A,22450,,1.0,WINTERPARK WY,CHARL,,,A,,,CUNNINGHAM AV,,,,12/11/2024 9:34:42 AM,1/28/2025 12:07:32 PM,,,2,,,,,,,
4499954,2024-243210513,2,False,4313,11/16/2024 3:37:00 PM,1537,T2,1368.0,4313.0,San Jose,43.0,True,True,B,SIDE SWIPE,,Saturday,,,,,False,False,False,,G,BICYCLE,,1.0,0.0,CLEAR,, NO UNUSUAL CONDITIONS - NO UNUSUAL CONDITIONS,, ,A,DAYLIGHT,,,,,,,A,NO PEDESTRIANS INVOLVED,,A,21200,,1.0,UNION AV,TOM,,,,,,BASCOM AV,,,A,12/11/2024 9:29:42 AM,1/28/2025 12:07:32 PM,,,2,,,,,,,
4499862,9340-2024-05236,1,False,9340,12/3/2024 3:00:00 PM,1500,087,1368.0,4313.0,San Jose,43.0,True,True,B,SIDE SWIPE,,Tuesday,NotApplicable,False,,,False,True,False,SANTA CLARA SUPERIOR COURT HALL OF JUSTICE,C,OTHER MOTOR VEHICLE,,1.0,0.0,CLEAR,, NO UNUSUAL CONDITIONS,, ,A,DAYLIGHT,37.31211,-121.88527,,,,,A,NO PEDESTRIANS INVOLVED,12/3/2024 3:00:00 PM,A,VC 22350,False,1.0,SR-87 S/B,,,12/11/2024 8:51:06 AM,A,N,880.0,ALMA AVE,F,,D,12/11/2024 8:51:10 AM,12/11/2024 8:51:10 AM,False,True,4,,12/3/2024 3:05:00 PM,1505,False,,,True
4499837,9340-2024-05230,1,False,9340,12/3/2024 9:20:00 AM,920,281,1368.0,4313.0,San Jose,43.0,True,True,C,REAR END,,Tuesday,NotApplicable,False,,,False,True,False,SANTA CLARA SUPERIOR COURT HALL OF JUSTICE,C,OTHER MOTOR VEHICLE,,0.0,0.0,CLEAR,, NO UNUSUAL CONDITIONS,, ,A,DAYLIGHT,37.317185,-121.932318,,,,,A,NO PEDESTRIANS INVOLVED,12/3/2024 9:20:00 AM,A,VC 22350,False,1.0,I-280 N/B,,,12/11/2024 8:40:52 AM,A,N,76.0,BASCOM AVE,F,,D,12/11/2024 8:40:58 AM,12/11/2024 8:40:58 AM,False,True,4,,12/3/2024 9:25:00 AM,0925,False,,,True
4499794,9340-2024-05190,1,False,9340,11/30/2024 4:55:00 PM,1655,083,1368.0,4313.0,San Jose,43.0,True,True,E,HIT OBJECT,,Saturday,Yes,False,,,False,True,True,SANTA CLARA SUPERIOR COURT HALL OF JUSTICE,I,FIXED OBJECT,WOODEN POST,1.0,0.0,CLEAR,, NO UNUSUAL CONDITIONS,, ,B,DUSK-DAWN,37.243479,-121.805496,,,,,A,NO PEDESTRIANS INVOLVED,11/30/2024 4:55:00 PM,A,VC 22350,False,1.0,SR-85 N/B FROM COTTLE RD S/B,,,12/11/2024 8:16:41 AM,A,N,354.0,COTTLE RD,F,,D,12/11/2024 8:16:43 AM,12/11/2024 8:16:43 AM,False,True,4,,11/30/2024 4:59:00 PM,1659,False,,,False
4498915,9340-2024-03901,1,False,9340,9/10/2024 11:36:00 AM,1136,681,1368.0,4313.0,San Jose,43.0,True,True,H,OTHER,BICYCLE,Tuesday,Yes,False,,,False,True,False,SANTA CLARA SUPERIOR COURT HALL OF JUSTICE,G,BICYCLE,,0.0,1.0,CLEAR,, NO UNUSUAL CONDITIONS,, Fatal,A,DAYLIGHT,37.355745,-121.837661,,,,,A,NO PEDESTRIANS INVOLVED,9/10/2024 11:36:00 AM,A,VC 21750(a),False,1.0,I-680 N/B FROM CAPITOL EXPY W/B,,,12/10/2024 1:16:25 PM,A,E,138.0,I-680 N/B TO ALUM ROCK AVENUE,F,,D,12/10/2024 1:16:29 PM,12/10/2024 1:16:29 PM,False,True,4,,9/10/2024 11:37:00 AM,1137,True,AREA PHOTO FILE,True,False
4498894,9340-2024-05247,1,False,9340,10/16/2024 5:59:00 AM,559,089,1368.0,4313.0,San Jose,43.0,True,True,B,SIDE SWIPE,,Wednesday,NotApplicable,False,,,False,True,False,SANTA CLARA SUPERIOR COURT HALL OF JUSTICE,C,OTHER MOTOR VEHICLE,,0.0,0.0,CLEAR,, NO UNUSUAL CONDITIONS,, Late-Reported,C,DARK-STREET LIGHTS,37.446719,-121.921559,,,,,A,NO PEDESTRIANS INVOLVED,10/16/2024 5:59:00 AM,A,VC 22107,False,1.0,I-880 S/B,,,12/10/2024 1:05:56 PM,A,S,2511.0,DIXON LANDING RD,F,,D,12/10/2024 1:06:00 PM,12/10/2024 1:06:00 PM,False,True,4,,11/26/2024 5:00:00 AM,0500,True,EMBEDDED,False,True
4498794,9340-2024-04200,1,False,9340,9/30/2024 4:45:00 AM,445,088,1368.0,4313.0,San Jose,43.0,True,True,C,REAR END,,Monday,Yes,False,,,False,True,True,SANTA CLARA SUPERIOR COURT HALL OF JUSTICE,C,OTHER MOTOR VEHICLE,,0.0,1.0,CLEAR,, NO UNUSUAL CONDITIONS,, Fatal,C,DARK-STREET LIGHTS,37.341213,-121.927676,,,,,A,NO PEDESTRIANS INVOLVED,9/30/2024 4:45:00 AM,A,VC 22350,False,1.0,I-880 N/B,,,12/10/2024 12:15:32 PM,A,S,678.0,THE ALAMEDA,F,,D,12/10/2024 12:15:36 PM,12/10/2024 12:15:36 PM,False,True,4,,9/30/2024 4:45:00 AM,0445,True,E20240314,,True
4498592,2024-243039754,2,False,4313,10/13/2024 9:20:00 PM,2120,C5,1368.0,4313.0,San Jose,43.0,True,True,C,REAR END,,Sunday,,,,,False,False,False,,C,OTHER MOTOR VEHICLE,,2.0,0.0,CLEAR,, NO UNUSUAL CONDITIONS - NO UNUSUAL CONDITIONS,, ,C,DARK-STREET LIGHTS,37.21295,-121.493738,,,,,A,NO PEDESTRIANS INVOLVED,,D,,,,STORY RD,C,,,A,,,CAPITOL EXPWY,,,A,12/10/2024 10:39:37 AM,1/28/2025 12:07:24 PM,,,2,,,,,,,
4498431,9340-2024-05244,1,False,9340,12/3/2024 5:30:00 PM,1730,172,1368.0,4313.0,San Jose,43.0,True,True,C,REAR END,,Tuesday,NotApplicable,False,M,,False,True,False,SANTA CLARA SUPERIOR COURT HALL OF JUSTICE,C,OTHER MOTOR VEHICLE,,0.0,0.0,CLEAR,, NO UNUSUAL CONDITIONS,, ,C,DARK-STREET LIGHTS,37.311773,-121.940758,,,,,A,NO PEDESTRIANS INVOLVED,12/3/2024 5:30:00 PM,A,VC 21658(a),False,1.0,SR-17 S/B,,,12/10/2024 9:38:23 AM,A,S,1947.0,I-280,F,,D,12/10/2024 9:38:26 AM,12/10/2024 9:38:26 AM,False,True,4,,12/3/2024 5:40:00 PM,1740,False,,,True
4498419,9340-2024-05240,1,False,9340,12/3/2024 5:15:00 PM,1715,083,1368.0,4313.0,San Jose,43.0,True,True,C,REAR END,,Tuesday,NotApplicable,False,,,False,True,True,SANTA CLARA SUPERIOR COURT HALL OF JUSTICE,C,OTHER MOTOR VEHICLE,,0.0,0.0,CLEAR,, NO UNUSUAL CONDITIONS,, ,D,DARK-NO STREET LIGHTS,37.250781,-121.906666,,,,,A,NO PEDESTRIANS INVOLVED,12/3/2024 5:15:00 PM,A,VC 22350,False,1.0,SR-85 N/B,,,12/10/2024 9:34:40 AM,A,S,1080.0,CAMDEN AVE,F,,D,12/10/2024 9:34:44 AM,12/10/2024 9:34:44 AM,False,True,4,,12/3/2024 5:19:00 PM,1719,False,,,True
4498404,9340-2024-05239,1,False,9340,12/3/2024 4:55:00 PM,1655,088,1368.0,4313.0,San Jose,43.0,True,True,C,REAR END,,Tuesday,NotApplicable,False,,,False,True,False,SANTA CLARA SUPERIOR COURT HALL OF JUSTICE,C,OTHER MOTOR VEHICLE,,0.0,0.0,CLEAR,, NO UNUSUAL CONDITIONS,, ,C,DARK-STREET LIGHTS,37.347315,-121.920175,,,,,A,NO PEDESTRIANS INVOLVED,12/3/2024 4:55:00 PM,A,VC 22350,False,1.0,I-880 N/B,,,12/10/2024 9:31:04 AM,A,S,751.0,COLEMAN AVE,F,,D,12/10/2024 9:31:06 AM,12/10/2024 9:31:06 AM,False,True,4,,12/3/2024 5:00:00 PM,1700,False,,,True
4498197,9340-2024-05185,1,False,9340,11/29/2024 6:50:00 PM,1850,088,1368.0,4313.0,San Jose,43.0,True,True,B,SIDE SWIPE,,Friday,NotApplicable,False,,,False,True,False,SANTA CLARA SUPERIOR COURT HALL OF JUSTICE,C,OTHER MOTOR VEHICLE,,0.0,0.0,CLEAR,, NO UNUSUAL CONDITIONS,, ,C,DARK-STREET LIGHTS,37.355616,-121.909779,,,,,A,NO PEDESTRIANS INVOLVED,11/29/2024 6:50:00 PM,A,VC 21658(A),False,1.0,I-880 N/B,,,12/10/2024 8:20:46 AM,A,N,630.0,SR-87,F,,D,12/10/2024 8:20:55 AM,12/10/2024 8:20:55 AM,False,True,4,,11/29/2024 6:50:00 PM,1850,True,AREA PHOTO FILE,,True
4498154,9340-2024-05179,1,False,9340,11/29/2024 3:24:00 PM,1524,282,1368.0,4313.0,San Jose,43.0,True,True,C,REAR END,,Friday,NotApplicable,False,,,False,True,False,SANTA CLARA SUPERIOR COURT HALL OF JUSTICE,C,OTHER MOTOR VEHICLE,,3.0,0.0,CLEAR,, NO UNUSUAL CONDITIONS,, ,A,DAYLIGHT,37.316325,-121.964547,,,,,A,NO PEDESTRIANS INVOLVED,11/29/2024 3:24:00 PM,C,,,,I-280 S/B,,,12/10/2024 8:04:47 AM,A,N,72.0,SAN TOMAS EXPY,F,,D,12/10/2024 8:04:51 AM,12/10/2024 8:04:51 AM,False,True,4,,11/29/2024 3:30:00 PM,1530,False,,,True
4498117,9340-2024-05217,1,False,9340,12/2/2024 6:50:00 PM,1850,088,1368.0,4313.0,San Jose,43.0,True,True,C,REAR END,,Monday,NotApplicable,False,,,False,True,False,SANTA CLARA SUPERIOR COURT HALL OF JUSTICE,C,OTHER MOTOR VEHICLE,,0.0,0.0,CLEAR,, NO UNUSUAL CONDITIONS,, ,D,DARK-NO STREET LIGHTS,37.33812,-121.931522,,,,,A,NO PEDESTRIANS INVOLVED,12/2/2024 6:50:00 PM,A,VC 22350,False,1.0,I-880 N/B,,,12/10/2024 7:48:56 AM,A,N,480.0,PARK AVE,F,,D,12/10/2024 7:49:04 AM,12/10/2024 7:49:04 AM,False,True,4,,12/2/2024 6:55:00 PM,1855,False,,,True
4498102,9340-2024-05211,1,False,9340,12/2/2024 5:55:00 PM,1755,088,1368.0,4313.0,San Jose,43.0,True,True,C,REAR END,,Monday,NotApplicable,False,,,False,True,True,SANTA CLARA SUPERIOR COURT HALL OF JUSTICE,C,OTHER MOTOR VEHICLE,,2.0,0.0,CLEAR,, NO UNUSUAL CONDITIONS,, ,D,DARK-NO STREET LIGHTS,37.34303,-121.925467,,,,,A,NO PEDESTRIANS INVOLVED,12/2/2024 5:55:00 PM,A,VC 22350,True,1.0,I-880 N/B ,,,12/10/2024 7:44:16 AM,A,N,142.0,THE ALAMEDA,F,,D,12/10/2024 7:44:18 AM,12/10/2024 7:44:18 AM,False,True,4,,12/2/2024 5:56:00 PM,1756,False,,,True
4498062,9340-2024-05144,1,False,9340,11/26/2024 1:35:00 PM,1335,087,1368.0,4313.0,San Jose,43.0,True,True,B,SIDE SWIPE,,Tuesday,NotApplicable,False,M,,False,True,False,SANTA CLARA SUPERIOR COURT HALL OF JUSTICE,D,MOTOR VEHICLE ON OTHER ROADWAY,,0.0,0.0,CLOUDY,, NO UNUSUAL CONDITIONS,, ,A,DAYLIGHT,37.318936,-121.889696,,,,,A,NO PEDESTRIANS INVOLVED,11/26/2024 1:35:00 PM,A,VC 21651(A)(1),False,1.0,SR-87 N/B TO I-280,,,12/10/2024 7:25:58 AM,A,S,330.0,WEST VIRGINIA ST,F,,D,12/10/2024 7:26:01 AM,12/10/2024 7:26:01 AM,False,True,4,,11/26/2024 1:40:00 PM,1340,False,,,True
4498059,9340-2024-05210,1,False,9340,12/2/2024 5:30:00 PM,1730,087,1368.0,4313.0,San Jose,43.0,True,True,B,SIDE SWIPE,,Monday,NotApplicable,False,M,,False,True,False,SANTA CLARA SUPERIOR COURT HALL OF JUSTICE,C,OTHER MOTOR VEHICLE,,0.0,0.0,CLEAR,, NO UNUSUAL CONDITIONS,, ,C,DARK-STREET LIGHTS,37.302092,-121.877295,,,,,A,NO PEDESTRIANS INVOLVED,12/2/2024 5:30:00 PM,A,VC 22107,False,1.0,SR 237 S/B,,,12/10/2024 7:24:27 AM,A,N,166.0,ALMADEN EXPY,F,,D,12/10/2024 7:24:30 AM,12/10/2024 7:24:30 AM,False,True,4,,12/2/2024 5:35:00 PM,1735,False,,,True
4498035,9340-2024-05212,1,False,9340,12/2/2024 5:20:00 PM,1720,110,1368.0,4313.0,San Jose,43.0,True,True,C,REAR END,,Monday,NotApplicable,False,M,,False,True,False,SANTA CLARA SUPERIOR COURT HALL OF JUSTICE,C,OTHER MOTOR VEHICLE,,0.0,0.0,CLEAR,, NO UNUSUAL CONDITIONS,, ,D,DARK-NO STREET LIGHTS,37.332872,-121.8452,,,,,A,NO PEDESTRIANS INVOLVED,12/2/2024 5:20:00 PM,A,VC 22350,False,1.0,US-101 N/B,,,12/10/2024 7:12:49 AM,A,S,1375.0,STORY RD.,F,,D,12/10/2024 7:12:52 AM,12/10/2024 7:12:52 AM,False,True,4,,12/2/2024 5:28:00 PM,1728,False,,,True
4498016,9340-2024-05146,1,False,9340,11/26/2024 6:00:00 PM,1800,087,1368.0,4313.0,San Jose,43.0,True,True,C,REAR END,,Tuesday,NotApplicable,False,,,False,True,True,SANTA CLARA SUPERIOR COURT HALL OF JUSTICE,C,OTHER MOTOR VEHICLE,,0.0,0.0,CLOUDY,, NO UNUSUAL CONDITIONS,, ,D,DARK-NO STREET LIGHTS,37.30723,-121.88136,,,,,A,NO PEDESTRIANS INVOLVED,11/26/2024 6:00:00 PM,A,VC 22350,False,1.0,SR-87 S/B,,,12/10/2024 7:01:04 AM,A,N,2360.0,ALMADEN EXPWY,F,,D,12/10/2024 7:01:06 AM,12/10/2024 7:01:06 AM,False,True,4,,11/26/2024 6:05:00 PM,1805,False,,,True
4498014,9340-2024-05152,1,False,9340,11/26/2024 5:45:00 PM,1745,281,1368.0,4313.0,San Jose,43.0,True,True,B,SIDE SWIPE,,Tuesday,NotApplicable,False,,,False,True,False,SANTA CLARA SUPERIOR COURT HALL OF JUSTICE,C,OTHER MOTOR VEHICLE,,0.0,0.0,CLEAR,, NO UNUSUAL CONDITIONS,, ,C,DARK-STREET LIGHTS,37.321269,-121.9001,,,,,A,NO PEDESTRIANS INVOLVED,11/26/2024 5:45:00 PM,A,VC 21658(a),False,1.0,I-280 N/B,,,12/10/2024 6:59:33 AM,A,N,600.0,BIRD AVE,F,,D,12/10/2024 6:59:37 AM,12/10/2024 6:59:37 AM,False,True,4,,11/26/2024 6:10:00 PM,1810,True,AREA PHOTO FILE,,True
4497965,9340-2024-05207,1,False,9340,12/2/2024 4:50:00 PM,1650,088,1368.0,4313.0,San Jose,43.0,True,True,C,REAR END,,Monday,NotApplicable,False,,,False,True,False,SANTA CLARA SUPERIOR COURT HALL OF JUSTICE,C,OTHER MOTOR VEHICLE,,0.0,0.0,CLEAR,, NO UNUSUAL CONDITIONS,, ,A,DAYLIGHT,37.353847,-121.911558,,,,,A,NO PEDESTRIANS INVOLVED,12/2/2024 4:50:00 PM,A,VC 22350,True,1.0,I-880 N/B,,,12/10/2024 6:13:40 AM,A,S,51.0,SR-87,F,,D,12/10/2024 6:13:43 AM,12/10/2024 6:13:43 AM,False,True,4,,12/2/2024 5:00:00 PM,1700,False,,,True
4497956,9340-2024-05196,1,False,9340,12/1/2024 2:20:00 PM,1420,240,1368.0,4313.0,San Jose,43.0,True,True,H,OTHER,LOAD,Sunday,NotApplicable,False,,,False,True,False,SANTA CLARA SUPERIOR COURT HALL OF JUSTICE,C,OTHER MOTOR VEHICLE,,0.0,0.0,CLEAR,, NO UNUSUAL CONDITIONS,, ,A,DAYLIGHT,37.41993,-121.941048,,,,,A,NO PEDESTRIANS INVOLVED,12/1/2024 2:20:00 PM,A,VC 23114(a),False,1.0,SR-237 W/B,,,12/10/2024 6:04:38 AM,A,W,319.0,ZANKER RD,F,,D,12/10/2024 6:04:39 AM,12/10/2024 6:04:39 AM,False,True,4,,12/1/2024 2:25:00 PM,1425,False,,,True
4497955,9340-2024-05221,1,False,9340,11/15/2024 11:50:00 PM,2350,281,1368.0,4313.0,San Jose,43.0,True,True,C,REAR END,,Friday,Yes,False,,,False,True,True,SANTA CLARA SUPERIOR COURT HALL OF JUSTICE,C,OTHER MOTOR VEHICLE,,2.0,0.0,CLEAR,, NO UNUSUAL CONDITIONS,, ,D,DARK-NO STREET LIGHTS,37.330445,-121.866668,,,,,A,NO PEDESTRIANS INVOLVED,11/15/2024 11:50:00 PM,A,VC 22350,False,1.0,I-280 S/B,,,12/10/2024 6:02:09 AM,A,S,1470.0,11TH ST,F,,D,12/10/2024 6:02:13 AM,12/10/2024 6:02:13 AM,False,True,4,True,11/15/2024 11:58:00 PM,2358,False,,,True
4497405,9340-2024-05169,1,False,9340,11/28/2024 7:48:00 PM,1948,110,1368.0,4313.0,San Jose,43.0,True,True,B,SIDE SWIPE,,Thursday,Yes,False,,,False,True,True,SANTA CLARA SUPERIOR COURT HALL OF JUSTICE,C,OTHER MOTOR VEHICLE,,1.0,0.0,CLEAR,, NO UNUSUAL CONDITIONS,, ,C,DARK-STREET LIGHTS,37.357176,-121.869284,,,,,A,NO PEDESTRIANS INVOLVED,11/28/2024 7:48:00 PM,A,VC 22107,True,1.0,US-101 N/B,,,12/9/2024 2:06:00 PM,A,N,1360.0,MCKEE RD,F,,D,12/9/2024 2:06:04 PM,12/9/2024 2:06:04 PM,False,True,4,,11/28/2024 7:53:00 PM,1953,True,EMBEDDED,,True