Collision Id,	Report Number,	Report Version,	Is Preliminary,	NCIC Code,Crash Date Time,	Crash Time Description,	Beat,City Id,	City Code,	City Name,County Code,	City Is Active,	City Is Incorporated,	Collision Type Code,Collision Type Description,	Collision Type Other Desc,	Day Of Week,	DispatchNotified,	HasPhotographs,	HitRun,	IsAttachmentsMailed,	IsDeleted,	IsHighwayRelated,	IsTowAway,	JudicialDistrict,	MotorVehicleInvolvedWithCode,	MotorVehicleInvolvedWithDesc,MotorVehicleInvolvedWithOtherDesc,	NumberInjured,	NumberKilled,Weather 1, Weather 2, Road Condition 1, Road Condition 2, Special Condition,LightingCode, LightingDescription,Latitude,Longitude,MilepostDirection,MilepostDistance,MilepostMarker,MilepostUnitOfMeasure,	PedestrianActionCode,PedestrianActionDesc,PreparedDate,	Primary Collision Factor Code,Primary Collision Factor Violation,PrimaryCollisionFactorIsCited,	PrimaryCollisionPartyNumber,	PrimaryRoad,	ReportingDistrict,	ReportingDistrictCode,ReviewedDate,	RoadwaySurfaceCode,SecondaryDirection,	SecondaryDistance,	SecondaryRoad,	SecondaryUnitOfMeasure,	SketchDesc,	TrafficControlDeviceCode,CreatedDate,	ModifiedDate,IsCountyRoad,IsFreeway,CHP555Version,	IsAdditonalObjectStruck,NotificationDate,	NotificationTimeDescription,	HasDigitalMediaFiles,	EvidenceNumber,	IsLocationReferToNarrative,	IsAOIOneSameAsLocation
4512298,9340-2024-05452,1,False,9340,12/14/2024 6:50:00 AM,650,083,1368.0,4313.0,San Jose,43.0,True,True,E,HIT OBJECT,,Saturday,NotApplicable,False,,,False,True,True,SANTA CLARA SUPERIOR COURT HALL OF JUSTICE,I,FIXED OBJECT,STREET LIGHT,0.0,0.0,RAINING,, NO UNUSUAL CONDITIONS,, ,A,DAYLIGHT,37.255684,-121.854431,,,,,A,NO PEDESTRIANS INVOLVED,12/14/2024 6:50:00 AM,A,VC 22350,False,1.0,SR-85 N/B,,,12/20/2024 4:16:09 PM,B,S,1255.0,SANTA TERESA BLVD,F,,D,12/20/2024 4:16:10 PM,12/20/2024 4:16:10 PM,False,True,4,,12/14/2024 7:00:00 AM,0700,False,,,
4512295,9340-2024-05439,1,False,9340,12/13/2024 7:00:00 PM,1900,087,1368.0,4313.0,San Jose,43.0,True,True,C,REAR END,,Friday,NotApplicable,False,,,False,True,True,SANTA CLARA SUPERIOR COURT HALL OF JUSTICE,C,OTHER MOTOR VEHICLE,,1.0,0.0,CLEAR,, NO UNUSUAL CONDITIONS,, ,D,DARK-NO STREET LIGHTS,37.32903,-121.895145,,,,,A,NO PEDESTRIANS INVOLVED,12/13/2024 7:00:00 PM,A,VC 22350,False,1.0,SR-87 N/B,,,12/20/2024 4:14:06 PM,A,S,100.0,PARK AVE,F,,D,12/20/2024 4:14:09 PM,12/20/2024 4:14:09 PM,False,True,4,,12/13/2024 7:01:00 PM,1901,False,,,True
4512288,9340-2024-05428,1,False,9340,12/13/2024 3:13:00 PM,1513,087,1368.0,4313.0,San Jose,43.0,True,True,C,REAR END,,Friday,NotApplicable,False,,,False,True,False,SANTA CLARA SUPERIOR COURT HALL OF JUSTICE,C,OTHER MOTOR VEHICLE,,0.0,0.0,CLOUDY,, NO UNUSUAL CONDITIONS,, ,A,DAYLIGHT,37.31924,-121.889727,,,,,A,NO PEDESTRIANS INVOLVED,12/13/2024 3:13:00 PM,A,VC 22350,False,1.0,SR-87 N/B TO I-280,,,12/20/2024 4:04:36 PM,A,S,215.0,WEST VIRGINIA ST,F,,D,12/20/2024 4:04:39 PM,12/20/2024 4:04:39 PM,False,True,4,,12/13/2024 3:20:00 PM,1520,False,,,True
4512220,9340-2024-05432,1,False,9340,12/13/2024 3:30:00 PM,1530,281,1368.0,4313.0,San Jose,43.0,True,True,C,REAR END,,Friday,Yes,False,,,False,True,False,SANTA CLARA SUPERIOR COURT HALL OF JUSTICE,C,OTHER MOTOR VEHICLE,,1.0,0.0,CLEAR,, NO UNUSUAL CONDITIONS,, ,A,DAYLIGHT,37.317292,-121.935231,,,,,A,NO PEDESTRIANS INVOLVED,12/13/2024 3:30:00 PM,A,VC 22350,False,1.0,I-280 S/B,,,12/20/2024 2:54:04 PM,A,N,0.18,BASCOM AVE,M,,D,12/20/2024 2:54:07 PM,12/20/2024 2:54:07 PM,False,True,4,,12/13/2024 3:35:00 PM,1535,False,,,True
4512175,9340-2024-05414,1,False,9340,12/12/2024 8:17:00 PM,2017,281,1368.0,4313.0,San Jose,43.0,True,True,C,REAR END,,Thursday,NotApplicable,False,M,,False,True,False,SANTA CLARA SUPERIOR COURT HALL OF JUSTICE,C,OTHER MOTOR VEHICLE,,0.0,0.0,CLOUDY,, NO UNUSUAL CONDITIONS,, ,B,DUSK-DAWN,37.333481,-121.861725,,,,,A,NO PEDESTRIANS INVOLVED,12/12/2024 8:17:00 PM,A,VC 22350,False,1.0,I-280 S/B,,,12/20/2024 2:24:18 PM,B,N,0.31,MCLAUGHLIN AVE,M,,D,12/20/2024 2:24:21 PM,12/20/2024 2:24:21 PM,False,True,4,,12/12/2024 8:23:00 PM,2023,False,,,True
4512160,9340-2024-05413,1,False,9340,12/12/2024 5:52:00 PM,1752,681,1368.0,4313.0,San Jose,43.0,True,True,B,SIDE SWIPE,,Thursday,NotApplicable,False,M,,False,True,False,SANTA CLARA SUPERIOR COURT HALL OF JUSTICE,C,OTHER MOTOR VEHICLE,,0.0,0.0,CLOUDY,, NO UNUSUAL CONDITIONS,, ,B,DUSK-DAWN,37.351026,-121.838014,,,,,A,NO PEDESTRIANS INVOLVED,12/12/2024 5:52:00 PM,A,VC 22107,False,1.0,I-680 S/B,,,12/20/2024 2:17:43 PM,B,N,350.0,S JACKSON AVE,F,,D,12/20/2024 2:17:46 PM,12/20/2024 2:17:46 PM,False,True,4,,12/12/2024 5:55:00 PM,1755,False,,,True
4511953,2024-243160783,3,False,4313,11/11/2024 8:53:00 PM,2053,V3,1368.0,4313.0,San Jose,43.0,True,True,A,HEAD-ON,,Monday,,,,,False,False,False,,C,OTHER MOTOR VEHICLE,,1.0,0.0,CLEAR,, NO UNUSUAL CONDITIONS - NO UNUSUAL CONDITIONS,, ,C,DARK-STREET LIGHTS,,,,,,,A,NO PEDESTRIANS INVOLVED,,A,21804,,1.0,N 10TH ST,VICTO,,,A,,,E TAYLOR ST,,,A,12/20/2024 12:41:29 PM,1/28/2025 1:05:17 PM,,,2,,,,,,,
4511942,2024-243170458,3,False,4313,11/12/2024 1:59:00 PM,1359,N5,1368.0,4313.0,San Jose,43.0,True,True,C,REAR END,,Tuesday,,,,,False,False,False,,C,OTHER MOTOR VEHICLE,,1.0,0.0,CLEAR,CLOUDY, NO UNUSUAL CONDITIONS - NO UNUSUAL CONDITIONS,, ,A,DAYLIGHT,,,,,,,A,NO PEDESTRIANS INVOLVED,,A,21703,,1.0,SARATOGA,NORA,,,A,S,15.0,WILL ROGERS DR,F,,D,12/20/2024 12:36:29 PM,1/28/2025 1:05:17 PM,,,2,,,,,,,
4511934,2024-243060486,4,False,4313,11/1/2024 1:56:00 PM,1356,V1,1368.0,4313.0,San Jose,43.0,True,True,D,BROADSIDE,,Friday,,,,,False,False,False,,G,BICYCLE,,1.0,0.0,CLEAR,, ,, ,A,DAYLIGHT,37.21427,-121.54672,,,,,A,NO PEDESTRIANS INVOLVED,,A,22350,,1.0,N 1ST ST,CENTR,,,A,,,E MISSION ST,,,A,12/20/2024 12:31:29 PM,1/28/2025 1:05:17 PM,,,2,,,,,,,
4511922,2024-243070910,4,False,4313,11/2/2024 10:50:00 PM,2250,R3,1368.0,4313.0,San Jose,43.0,True,True,A,HEAD-ON,,Saturday,,,,,False,False,True,,C,OTHER MOTOR VEHICLE,,4.0,0.0,CLEAR,, NO UNUSUAL CONDITIONS - NO UNUSUAL CONDITIONS,, ,E,DARK-STREET LIGHTS NOT FUNCTIONING*,,,,,,,A,NO PEDESTRIANS INVOLVED,,A,21651B,,1.0,TECHNOLOGY DR,ROBER,,,A,,,N 1ST ST,,,D,12/20/2024 12:26:29 PM,7/17/2025 9:29:40 AM,,,2,,,,,,,
4511921,2024-243350705,4,False,4313,11/30/2024 9:18:00 PM,2118,L4,1368.0,4313.0,San Jose,43.0,True,True,C,REAR END,,Saturday,,,,,False,True,False,,C,OTHER MOTOR VEHICLE,,4.0,0.0,CLEAR,, NO UNUSUAL CONDITIONS - NO UNUSUAL CONDITIONS,, ,C,DARK-STREET LIGHTS,,,,,,,A,NO PEDESTRIANS INVOLVED,,A,23152,,1.0,CURTNER AV,WESTE,,,A,,,UNIFIED WY,,,,12/20/2024 12:26:29 PM,7/17/2025 9:29:40 AM,,,2,,,,,,,
4511847,2024-243040480,3,False,4313,10/30/2024 1:07:00 PM,1307,P2,1368.0,4313.0,San Jose,43.0,True,True,B,SIDE SWIPE,,Wednesday,,,,,False,False,False,,C,OTHER MOTOR VEHICLE,,1.0,0.0,CLEAR,, NO UNUSUAL CONDITIONS - NO UNUSUAL CONDITIONS,, ,A,DAYLIGHT,37.193382,-121.474293,,,,,A,NO PEDESTRIANS INVOLVED,,A,22106,,1.0,ALLENWOOD CT,DISTR,,,A,,,ALLENWOOD CT 2917,,,D,12/20/2024 11:36:29 AM,1/28/2025 1:05:14 PM,,,2,,,,,,,
4511838,2024-243340834,3,False,4313,11/29/2024 9:40:00 PM,2140,W2,1368.0,4313.0,San Jose,43.0,True,True,H,OTHER,,Friday,,,F,,False,False,True,,C,OTHER MOTOR VEHICLE,,1.0,0.0,CLEAR,, NO UNUSUAL CONDITIONS - NO UNUSUAL CONDITIONS,, ,C,DARK-STREET LIGHTS,37.233456,-121.514595,,,,,A,NO PEDESTRIANS INVOLVED,,D,,,,SIERRA RD,WILLI,,,A,,,LODESTONE DR,,,D,12/20/2024 11:31:29 AM,1/28/2025 1:05:17 PM,,,2,,,,,,,
4511837,2024-243210209,3,False,4313,11/16/2024 6:52:00 AM,652,X5,1368.0,4313.0,San Jose,43.0,True,True,G,VEHICLE/PEDESTRAIN,,Saturday,,,,,False,False,False,,B,PEDESTRIAN,,1.0,0.0,CLEAR,, NO UNUSUAL CONDITIONS - NO UNUSUAL CONDITIONS,, ,A,DAYLIGHT,,,,,,,B,CROSSING IN CROSS WALK AT INTERSECTION,,A,21950A,,1.0,COYOTE RD,XRAY,,,A,,,BLOSSOM HILL RD,,,A,12/20/2024 11:31:29 AM,1/28/2025 1:05:17 PM,,,2,,,,,,,
4511836,2024-243060529,4,False,4313,11/1/2024 2:47:00 PM,1447,4,1368.0,4313.0,San Jose,43.0,True,True,D,BROADSIDE,,Friday,,,,,False,False,False,,,,,1.0,0.0,CLEAR,, NO UNUSUAL CONDITIONS - NO UNUSUAL CONDITIONS,, ,A,DAYLIGHT,,,,,,,A,NO PEDESTRIANS INVOLVED,,A,22350,,1.0,CURTNER AV,LINCO,,,A,,,MONTEREY AV,,,D,12/20/2024 11:31:29 AM,1/28/2025 1:05:18 PM,,,2,,,,,,,
4511829,2024-243180673,3,False,4313,11/13/2024 5:44:00 PM,1744,P1,1368.0,4313.0,San Jose,43.0,True,True,D,BROADSIDE,,Wednesday,,,,,False,False,True,,C,OTHER MOTOR VEHICLE,,2.0,0.0,CLEAR,, NO UNUSUAL CONDITIONS - NO UNUSUAL CONDITIONS,, ,C,DARK-STREET LIGHTS,,,,,,,A,NO PEDESTRIANS INVOLVED,,A,22350A,,1.0,BRAHMS AV,FOOTH,,,A,,,RIGOLETTO DR,,,A,12/20/2024 11:26:29 AM,1/28/2025 1:05:17 PM,,,2,,,,,,,
4511828,2024-243300583,5,False,4313,11/25/2024 12:43:00 PM,1243,Y5,1368.0,4313.0,San Jose,43.0,True,True,E,HIT OBJECT,,Monday,,,,,False,True,True,,I,FIXED OBJECT,,1.0,0.0,RAINING,, NO UNUSUAL CONDITIONS - NO UNUSUAL CONDITIONS,, ,A,DAYLIGHT,37.152571,-121.475488,,,,,A,NO PEDESTRIANS INVOLVED,,A,22350,,1.0,BLOSSOM HILL RD,YELLO,,,B,,,RT 101,,,A,12/20/2024 11:26:29 AM,1/28/2025 1:05:17 PM,,,2,,,,,,,
4511785,9340-2024-05435,1,False,9340,12/13/2024 6:35:00 PM,1835,088,1368.0,4313.0,San Jose,43.0,True,True,B,SIDE SWIPE,,Friday,NotApplicable,False,,,False,True,False,SANTA CLARA SUPERIOR COURT HALL OF JUSTICE,C,OTHER MOTOR VEHICLE,,0.0,0.0,CLEAR,, NO UNUSUAL CONDITIONS,, ,D,DARK-NO STREET LIGHTS,37.347014,-121.920635,,,,,A,NO PEDESTRIANS INVOLVED,12/13/2024 6:35:00 PM,A,VC 21658(a),False,1.0,I-880 N/B,,,12/20/2024 11:05:22 AM,A,S,921.0,COLEMAN AVE.,F,,D,12/20/2024 11:05:24 AM,12/20/2024 11:05:24 AM,False,True,4,,12/13/2024 6:45:00 PM,1845,False,,,True
4511566,9340-2024-05419,1,False,9340,12/12/2024 9:40:00 PM,2140,110,1368.0,4313.0,San Jose,43.0,True,True,C,REAR END,,Thursday,NotApplicable,False,,,False,True,False,SANTA CLARA SUPERIOR COURT HALL OF JUSTICE,C,OTHER MOTOR VEHICLE,,2.0,0.0,CLOUDY,, NO UNUSUAL CONDITIONS,, ,C,DARK-STREET LIGHTS,37.257566,-121.79924,,,,,A,NO PEDESTRIANS INVOLVED,12/12/2024 9:40:00 PM,A,VC 22106,False,1.0,US-101 S/B TO BLOSSOM HILL RD,,,12/20/2024 9:32:40 AM,B,N,69.0,BLOSSOM HILL RD,F,,A,12/20/2024 9:32:42 AM,12/20/2024 9:32:42 AM,False,True,4,,12/12/2024 11:35:00 PM,2335,False,,,True
4511561,9340-2024-05415,1,False,9340,12/12/2024 7:55:00 PM,1955,110,1368.0,4313.0,San Jose,43.0,True,True,B,SIDE SWIPE,,Thursday,NotApplicable,False,,,False,True,False,SANTA CLARA SUPERIOR COURT HALL OF JUSTICE,C,OTHER MOTOR VEHICLE,,0.0,0.0,CLEAR,, NO UNUSUAL CONDITIONS,, ,C,DARK-STREET LIGHTS,37.304051,-121.815819,,,,,A,NO PEDESTRIANS INVOLVED,12/12/2024 7:55:00 PM,D,,,, US-101 N/B FROM CAPITOL EXPY,,,12/20/2024 9:31:26 AM,A,N,405.0,CAPITOL EXPY,F,,A,12/20/2024 9:31:28 AM,12/20/2024 9:31:28 AM,False,True,4,,12/12/2024 8:05:00 PM,2005,False,,,True
4511522,9340-2024-05364,1,False,9340,12/10/2024 4:55:00 PM,1655,087,1368.0,4313.0,San Jose,43.0,True,True,B,SIDE SWIPE,,Tuesday,NotApplicable,False,,,False,True,True,SANTA CLARA SUPERIOR COURT HALL OF JUSTICE,C,OTHER MOTOR VEHICLE,,1.0,0.0,CLEAR,, NO UNUSUAL CONDITIONS,, ,C,DARK-STREET LIGHTS,37.344529,-121.901892,,,,,A,NO PEDESTRIANS INVOLVED,12/10/2024 4:55:00 PM,A,VC 21658(A),False,1.0,SR-87 N/B TO TAYLOR ST,,,12/20/2024 9:18:02 AM,A,S,1095.0,TAYLOR ST,F,,D,12/20/2024 9:18:05 AM,12/20/2024 9:18:05 AM,False,True,4,,12/10/2024 5:00:00 PM,1700,False,,,True
4511399,9340-2024-05300,1,False,9340,12/7/2024 8:54:00 PM,2054,281,1368.0,4313.0,San Jose,43.0,True,True,B,SIDE SWIPE,,Saturday,NotApplicable,False,M,,False,True,False,SANTA CLARA SUPERIOR COURT HALL OF JUSTICE,C,OTHER MOTOR VEHICLE,,0.0,0.0,CLEAR,, NO UNUSUAL CONDITIONS,, ,D,DARK-NO STREET LIGHTS,37.33299,-121.86251,,,,,A,NO PEDESTRIANS INVOLVED,12/7/2024 8:54:00 PM,A,VC 22107,True,1.0,I-280 S/B,,,12/20/2024 8:30:55 AM,A,N,1930.0,MCLAUGHLIN AVE,F,,D,12/20/2024 8:30:57 AM,12/20/2024 8:30:57 AM,False,True,4,,12/7/2024 9:00:00 PM,2100,True,AREA PHOTO FILE,,True
4511360,9340-2024-04744,1,False,9340,11/3/2024 5:15:00 PM,1715,281,1368.0,4313.0,San Jose,43.0,True,True,C,REAR END,,Sunday,NotApplicable,False,M,,False,True,False,SANTA CLARA SUPERIOR COURT HALL OF JUSTICE,C,OTHER MOTOR VEHICLE,,0.0,0.0,CLEAR,, NO UNUSUAL CONDITIONS,, ,B,DUSK-DAWN,37.32786,-121.871712,,,,,A,NO PEDESTRIANS INVOLVED,11/3/2024 5:15:00 PM,A,VC 22350,False,1.0,I-280 S/B TO 10TH ST,,,12/20/2024 8:07:25 AM,A,N,25.0,10TH ST,F,,D,12/20/2024 8:07:28 AM,12/20/2024 8:07:28 AM,False,True,4,,11/3/2024 5:25:00 PM,1725,True,241103GG1249,,True
4511326,2024-243190444,2,False,4313,11/14/2024 2:12:00 PM,1412,T1,1368.0,4313.0,San Jose,43.0,True,True,B,SIDE SWIPE,,Thursday,,,,,False,False,True,,E,PARKED MOTOR VEHICLE,,1.0,0.0,CLOUDY,, NO UNUSUAL CONDITIONS - NO UNUSUAL CONDITIONS,, ,A,DAYLIGHT,,,,,,,A,NO PEDESTRIANS INVOLVED,,A,21658,,1.0,CAMDEN AV,SOUTH,,,A,N,9.0,S BASCOM AV,F,,A,12/20/2024 7:51:26 AM,1/28/2025 1:05:17 PM,,,2,,,,,,,
4511304,2024-243250281,2,False,4313,11/20/2024 9:57:00 AM,957,M1,1368.0,4313.0,San Jose,43.0,True,True,G,VEHICLE/PEDESTRAIN,,Wednesday,,,,,False,False,False,,B,PEDESTRIAN,,1.0,0.0,CLOUDY,, NO UNUSUAL CONDITIONS - NO UNUSUAL CONDITIONS,, ,A,DAYLIGHT,,,,,,,D,CROSSING - NOT IN CROSSWALK,,A,21954A,,1.0,MCKEE RD,DM,,,A,,,EL RANCHO VERDE DR,,,A,12/20/2024 7:36:26 AM,1/28/2025 1:05:17 PM,,,2,,,,,,,
4511302,2024-243120637,2,False,4313,11/7/2024 5:33:00 PM,1733,3,1368.0,4313.0,San Jose,43.0,True,True,A,HEAD-ON,,Thursday,,,,,False,False,False,,B,PEDESTRIAN,,1.0,0.0,CLEAR,, NO UNUSUAL CONDITIONS - NO UNUSUAL CONDITIONS,, ,B,DUSK-DAWN,,,,,,,B,CROSSING IN CROSS WALK AT INTERSECTION,,A,21950,,1.0,PARK AV,FRANK,,,A,,,CALAVERAS AV,,,D,12/20/2024 7:36:26 AM,1/28/2025 1:05:17 PM,,,2,,,,,,,
4511292,9340-2024-04059,1,False,9340,9/21/2024 12:13:00 AM,13,681,1368.0,4313.0,San Jose,43.0,True,True,G,VEHICLE/PEDESTRAIN,,Saturday,Yes,False,F,,False,True,True,SANTA CLARA SUPERIOR COURT HALL OF JUSTICE,B,PEDESTRIAN,,0.0,1.0,CLEAR,, NO UNUSUAL CONDITIONS,, Fatal,D,DARK-NO STREET LIGHTS,37.359045,-121.840416,,,,,E,IN ROAD - INCLUDES SHOULDER,9/21/2024 12:13:00 AM,A,VC 21954(a),False,1.0,I-680 N/B,,,12/20/2024 7:29:36 AM,A,S,250.0,ALUM ROCK AVE,F,,D,12/20/2024 7:29:40 AM,12/20/2024 7:29:40 AM,False,True,4,,9/21/2024 2:21:00 AM,0221,True,E20240299,,True
4510931,9340-2024-05332,1,False,9340,12/8/2024 11:25:00 PM,2325,110,1368.0,4313.0,San Jose,43.0,True,True,E,HIT OBJECT,,Sunday,Yes,False,,,False,True,False,SANTA CLARA SUPERIOR COURT HALL OF JUSTICE,I,FIXED OBJECT,CONCRETE BARRIER,1.0,0.0,CLEAR,, NO UNUSUAL CONDITIONS,, ,C,DARK-STREET LIGHTS,37.296848,-121.811352,,,,,A,NO PEDESTRIANS INVOLVED,12/8/2024 11:25:00 PM,A,VC 23152(a),False,1.0,US-101 S/B,,,12/19/2024 9:05:59 PM,A,N,753.0,YERBA BUENA RD,F,,D,12/19/2024 9:06:02 PM,12/19/2024 9:06:02 PM,False,True,4,False,12/8/2024 11:28:00 PM,2328,True,EMBEDDED,,
4510930,9330-2024-03412,1,False,9340,12/7/2024 11:40:00 AM,1140,087,1368.0,4313.0,San Jose,43.0,True,True,C,REAR END,,Saturday,NotApplicable,False,,,False,True,True,SANTA CLARA SUPERIOR COURT HALL OF JUSTICE,C,OTHER MOTOR VEHICLE,,1.0,0.0,CLEAR,, NO UNUSUAL CONDITIONS,, ,A,DAYLIGHT,37.3189,-121.889611,,,,,A,NO PEDESTRIANS INVOLVED,12/7/2024 11:40:00 AM,A,VC 22350,False,1.0,SR-87 N/B TO I-280 NB / SB,,,12/19/2024 9:02:45 PM,A,S,383.0,WEST VIRGINIA STREET,F,,D,12/19/2024 9:02:48 PM,12/19/2024 9:02:48 PM,False,True,4,,12/7/2024 11:42:00 AM,1142,False,,,True
4510878,9340-2024-05416,1,False,9340,12/12/2024 8:35:00 PM,2035,110,1368.0,4313.0,San Jose,43.0,True,True,B,SIDE SWIPE,,Thursday,NotApplicable,False,,,False,True,False,SANTA CLARA SUPERIOR COURT HALL OF JUSTICE,C,OTHER MOTOR VEHICLE,,0.0,0.0,CLEAR,, NO UNUSUAL CONDITIONS,, ,C,DARK-STREET LIGHTS,37.317978,-121.833003,,,,,A,NO PEDESTRIANS INVOLVED,12/12/2024 8:35:00 PM,A,VC 21658(A) UNSAFE LANE CHANGE,False,1.0,US-101 S/B TO TULLY RD,,,12/19/2024 5:07:11 PM,A,N,93.0,TULLY RD,F,,A,12/19/2024 5:07:14 PM,12/19/2024 5:07:14 PM,False,True,4,,12/12/2024 8:44:00 PM,2044,False,,,True
4510818,9340-2024-05406,1,False,9340,12/12/2024 9:44:00 AM,944,110,1368.0,4313.0,San Jose,43.0,True,True,B,SIDE SWIPE,,Thursday,NotApplicable,False,,,False,True,False,SANTA CLARA SUPERIOR COURT HALL OF JUSTICE,C,OTHER MOTOR VEHICLE,,0.0,0.0,CLOUDY,, NO UNUSUAL CONDITIONS,, ,A,DAYLIGHT,37.298369,-121.812045,,,,,A,NO PEDESTRIANS INVOLVED,12/12/2024 9:44:00 AM,A,VC 22107,False,1.0,US-101 N/B ,,,12/19/2024 3:56:19 PM,B,S,2150.0,CAPITOL EXPRESSWAY,F,,D,12/19/2024 3:56:22 PM,12/19/2024 3:56:22 PM,False,True,4,,12/12/2024 9:45:00 AM,0945,False,,,
4510743,9340-2024-05409,1,False,9340,12/12/2024 1:13:00 PM,1313,088,1368.0,4313.0,San Jose,43.0,True,True,E,HIT OBJECT,,Thursday,NotApplicable,False,,,False,True,False,SANTA CLARA SUPERIOR COURT HALL OF JUSTICE,J,OTHER OBJECT,CINDER BLOCK,0.0,0.0,CLOUDY,RAINING, NO UNUSUAL CONDITIONS,, ,A,DAYLIGHT,37.340143,-121.9291,,,,,A,NO PEDESTRIANS INVOLVED,12/12/2024 1:13:00 PM,A,VC 22350,False,1.0,I-880 S/B,,,12/19/2024 3:04:46 PM,B,S,1000.0,THE ALAMEDA,F,,D,12/19/2024 3:04:48 PM,12/19/2024 3:04:48 PM,False,True,4,,12/12/2024 1:20:00 PM,1320,False,,,True
4510735,9340-2024-05403,1,False,9340,12/12/2024 9:26:00 AM,926,110,1368.0,4313.0,San Jose,43.0,True,True,C,REAR END,,Thursday,Yes,False,,,False,True,False,SANTA CLARA SUPERIOR COURT HALL OF JUSTICE,C,OTHER MOTOR VEHICLE,,1.0,0.0,RAINING,, NO UNUSUAL CONDITIONS,, ,A,DAYLIGHT,37.32686,-121.839927,,,,,A,NO PEDESTRIANS INVOLVED,12/12/2024 9:26:00 AM,A,VC 21658(A),True,1.0,US-101 S/B,,,12/19/2024 2:59:09 PM,B,N,3870.0,TULLY RD,F,,D,12/19/2024 2:59:13 PM,12/19/2024 2:59:13 PM,False,True,4,,12/12/2024 9:27:00 AM,0927,False,,,True
4510683,9340-2024-05358,1,False,9340,12/10/2024 1:20:00 PM,1320,087,1368.0,4313.0,San Jose,43.0,True,True,E,HIT OBJECT,,Tuesday,Yes,False,,,False,True,False,SANTA CLARA SUPERIOR COURT HALL OF JUSTICE,I,FIXED OBJECT,CONCRETE BARRIER,1.0,0.0,CLEAR,, NO UNUSUAL CONDITIONS,, ,A,DAYLIGHT,37.256274,-121.858319,,,,,A,NO PEDESTRIANS INVOLVED,12/10/2024 1:20:00 PM,A,VC 23152(F),True,1.0,SR-87 S/B TO SR-85 S/B,,,12/19/2024 2:33:18 PM,A,S,15.0,SR-85 S/B,F,,D,12/19/2024 2:33:21 PM,12/19/2024 2:33:21 PM,False,True,4,,12/10/2024 1:25:00 PM,1325,False,,,False
4510640,9340-2024-05420,1,False,9340,12/12/2024 9:30:00 AM,930,120,1368.0,4313.0,San Jose,43.0,True,True,C,REAR END,,Thursday,NotApplicable,False,,,False,True,True,SANTA CLARA SUPERIOR COURT HALL OF JUSTICE,C,OTHER MOTOR VEHICLE,,0.0,0.0,CLOUDY,, NO UNUSUAL CONDITIONS,, ,A,DAYLIGHT,37.377961,-121.947363,,,,,A,NO PEDESTRIANS INVOLVED,12/12/2024 9:30:00 AM,A,VC 22350,False,1.0,US-101 N/B,,,12/19/2024 2:11:06 PM,B,S,240.0,LAFAYETTE ST,F,,D,12/19/2024 2:11:19 PM,12/19/2024 2:11:19 PM,False,True,4,,12/12/2024 9:40:00 AM,0940,False,,,True
4510630,9340-2024-05350,1,False,9340,12/10/2024 6:32:00 AM,632,087,1368.0,4313.0,San Jose,43.0,True,True,B,SIDE SWIPE,,Tuesday,NotApplicable,False,,,False,True,False,SANTA CLARA SUPERIOR COURT HALL OF JUSTICE,C,OTHER MOTOR VEHICLE,,0.0,0.0,CLEAR,, NO UNUSUAL CONDITIONS,, ,B,DUSK-DAWN,37.263964,-121.859043,,,,,A,NO PEDESTRIANS INVOLVED,12/10/2024 6:32:00 AM,A,VC 22350,False,1.0,SR-87 S/B,,,12/19/2024 2:05:34 PM,A,S,683.0,BRANHAM LN,F,,D,12/19/2024 2:05:36 PM,12/19/2024 2:05:36 PM,False,True,4,,12/10/2024 6:34:00 AM,0634,False,,,True
4510624,2024-243150222,2,False,4313,11/10/2024 7:40:00 AM,740,1,1368.0,4313.0,San Jose,43.0,True,True,D,BROADSIDE,,Sunday,,,,,False,False,True,,C,OTHER MOTOR VEHICLE,,1.0,0.0,CLEAR,, NO UNUSUAL CONDITIONS - NO UNUSUAL CONDITIONS,, ,A,DAYLIGHT,,,,,,,A,NO PEDESTRIANS INVOLVED,,A,21804A,,1.0,2ND ST,LINCO,,,A,,,VIRGINIA ST,,,A,12/19/2024 2:05:27 PM,1/28/2025 1:05:13 PM,,,2,,,,,,,
4510618,9340-2024-05264,1,False,9340,12/3/2024 3:10:00 PM,1510,087,1368.0,4313.0,San Jose,43.0,True,True,B,SIDE SWIPE,,Tuesday,NotApplicable,False,,,False,True,False,SANTA CLARA SUPERIOR COURT HALL OF JUSTICE,C,OTHER MOTOR VEHICLE,,0.0,0.0,CLEAR,, NO UNUSUAL CONDITIONS,, On-Duty Emergency Vehicle,A,DAYLIGHT,37.314211,-121.8872,,,,,A,NO PEDESTRIANS INVOLVED,12/3/2024 3:10:00 PM,A,VC 21658(A),False,1.0,SR-87 S/B,,,12/19/2024 2:03:34 PM,A,S,472.0,WILLOW ST,F,,D,12/19/2024 2:03:37 PM,12/19/2024 2:03:37 PM,False,True,4,,12/3/2024 3:15:00 PM,1515,False,,,True